REF_DATE,GEO,DGUID,Labour force characteristics,Gender,Age group,Statistics,Data type,UOM,UOM_ID,SCALAR_FACTOR,SCALAR_ID,VECTOR,COORDINATE,VALUE,STATUS,SYMBOL,TERMINATED,DECIMALS
1998-01,Canada,2021A000011124,Unemployment rate,Total - Gender,15 years and over,Estimate,Seasonally adjusted,Percent,239,units,0,v2062815,1.7.1.1.1.1,8.8,,,,1
1998-02,Canada,2021A000011124,Unemployment rate,Total - Gender,15 years and over,Estimate,Seasonally adjusted,Percent,239,units,0,v2062815,1.7.1.1.1.1,8.6,,,,1
1998-03,Canada,2021A000011124,Unemployment rate,Total - Gender,15 years and over,Estimate,Seasonally adjusted,Percent,239,units,0,v2062815,1.7.1.1.1.1,8.4,,,,1
1998-04,Canada,2021A000011124,Unemployment rate,Total - Gender,15 years and over,Estimate,Seasonally adjusted,Percent,239,units,0,v2062815,1.7.1.1.1.1,8.3,,,,1
1998-05,Canada,2021A000011124,Unemployment rate,Total - Gender,15 years and over,Estimate,Seasonally adjusted,Percent,239,units,0,v2062815,1.7.1.1.1.1,8.3,,,,1
1998-06,Canada,2021A000011124,Unemployment rate,Total - Gender,15 years and over,Estimate,Seasonally adjusted,Percent,239,units,0,v2062815,1.7.1.1.1.1,8.4,,,,1
1998-07,Canada,2021A000011124,Unemployment rate,Total - Gender,15 years and over,Estimate,Seasonally adjusted,Percent,239,units,0,v2062815,1.7.1.1.1.1,8.3,,,,1
1998-08,Canada,2021A000011124,Unemployment rate,Total - Gender,15 years and over,Estimate,Seasonally adjusted,Percent,239,units,0,v2062815,1.7.1.1.1.1,8.1,,,,1
1998-09,Canada,2021A000011124,Unemployment rate,Total - Gender,15 years and over,Estimate,Seasonally adjusted,Percent,239,units,0,v2062815,1.7.1.1.1.1,8.2,,,,1
1998-10,Canada,2021A000011124,Unemployment rate,Total - Gender,15 years and over,Estimate,Seasonally adjusted,Percent,239,units,0,v2062815,1.7.1.1.1.1,8,,,,1
1998-11,Canada,2021A000011124,Unemployment rate,Total - Gender,15 years and over,Estimate,Seasonally adjusted,Percent,239,units,0,v2062815,1.7.1.1.1.1,8,,,,1
1998-12,Canada,2021A000011124,Unemployment rate,Total - Gender,15 years and over,Estimate,Seasonally adjusted,Percent,239,units,0,v2062815,1.7.1.1.1.1,8.1,,,,1
1999-01,Canada,2021A000011124,Unemployment rate,Total - Gender,15 years and over,Estimate,Seasonally adjusted,Percent,239,units,0,v2062815,1.7.1.1.1.1,7.9,,,,1
1999-02,Canada,2021A000011124,Unemployment rate,Total - Gender,15 years and over,Estimate,Seasonally adjusted,Percent,239,units,0,v2062815,1.7.1.1.1.1,7.9,,,,1
1999-03,Canada,2021A000011124,Unemployment rate,Total - Gender,15 years and over,Estimate,Seasonally adjusted,Percent,239,units,0,v2062815,1.7.1.1.1.1,7.9,,,,1
1999-04,Canada,2021A000011124,Unemployment rate,Total - Gender,15 years and over,Estimate,Seasonally adjusted,Percent,239,units,0,v2062815,1.7.1.1.1.1,8.2,,,,1
1999-05,Canada,2021A000011124,Unemployment rate,Total - Gender,15 years and over,Estimate,Seasonally adjusted,Percent,239,units,0,v2062815,1.7.1.1.1.1,7.9,,,,1
1999-06,Canada,2021A000011124,Unemployment rate,Total - Gender,15 years and over,Estimate,Seasonally adjusted,Percent,239,units,0,v2062815,1.7.1.1.1.1,7.6,,,,1
1999-07,Canada,2021A000011124,Unemployment rate,Total - Gender,15 years and over,Estimate,Seasonally adjusted,Percent,239,units,0,v2062815,1.7.1.1.1.1,7.6,,,,1
1999-08,Canada,2021A000011124,Unemployment rate,Total - Gender,15 years and over,Estimate,Seasonally adjusted,Percent,239,units,0,v2062815,1.7.1.1.1.1,7.4,,,,1
1999-09,Canada,2021A000011124,Unemployment rate,Total - Gender,15 years and over,Estimate,Seasonally adjusted,Percent,239,units,0,v2062815,1.7.1.1.1.1,7.5,,,,1
1999-10,Canada,2021A000011124,Unemployment rate,Total - Gender,15 years and over,Estimate,Seasonally adjusted,Percent,239,units,0,v2062815,1.7.1.1.1.1,7.2,,,,1
1999-11,Canada,2021A000011124,Unemployment rate,Total - Gender,15 years and over,Estimate,Seasonally adjusted,Percent,239,units,0,v2062815,1.7.1.1.1.1,6.9,,,,1
1999-12,Canada,2021A000011124,Unemployment rate,Total - Gender,15 years and over,Estimate,Seasonally adjusted,Percent,239,units,0,v2062815,1.7.1.1.1.1,6.8,,,,1
2000-01,Canada,2021A000011124,Unemployment rate,Total - Gender,15 years and over,Estimate,Seasonally adjusted,Percent,239,units,0,v2062815,1.7.1.1.1.1,6.8,,,,1
2000-02,Canada,2021A000011124,Unemployment rate,Total - Gender,15 years and over,Estimate,Seasonally adjusted,Percent,239,units,0,v2062815,1.7.1.1.1.1,6.9,,,,1
2000-03,Canada,2021A000011124,Unemployment rate,Total - Gender,15 years and over,Estimate,Seasonally adjusted,Percent,239,units,0,v2062815,1.7.1.1.1.1,6.9,,,,1
2000-04,Canada,2021A000011124,Unemployment rate,Total - Gender,15 years and over,Estimate,Seasonally adjusted,Percent,239,units,0,v2062815,1.7.1.1.1.1,6.7,,,,1
2000-05,Canada,2021A000011124,Unemployment rate,Total - Gender,15 years and over,Estimate,Seasonally adjusted,Percent,239,units,0,v2062815,1.7.1.1.1.1,6.6,,,,1
2000-06,Canada,2021A000011124,Unemployment rate,Total - Gender,15 years and over,Estimate,Seasonally adjusted,Percent,239,units,0,v2062815,1.7.1.1.1.1,6.7,,,,1
2000-07,Canada,2021A000011124,Unemployment rate,Total - Gender,15 years and over,Estimate,Seasonally adjusted,Percent,239,units,0,v2062815,1.7.1.1.1.1,6.8,,,,1
2000-08,Canada,2021A000011124,Unemployment rate,Total - Gender,15 years and over,Estimate,Seasonally adjusted,Percent,239,units,0,v2062815,1.7.1.1.1.1,7,,,,1
2000-09,Canada,2021A000011124,Unemployment rate,Total - Gender,15 years and over,Estimate,Seasonally adjusted,Percent,239,units,0,v2062815,1.7.1.1.1.1,6.9,,,,1
2000-10,Canada,2021A000011124,Unemployment rate,Total - Gender,15 years and over,Estimate,Seasonally adjusted,Percent,239,units,0,v2062815,1.7.1.1.1.1,7,,,,1
2000-11,Canada,2021A000011124,Unemployment rate,Total - Gender,15 years and over,Estimate,Seasonally adjusted,Percent,239,units,0,v2062815,1.7.1.1.1.1,6.9,,,,1
2000-12,Canada,2021A000011124,Unemployment rate,Total - Gender,15 years and over,Estimate,Seasonally adjusted,Percent,239,units,0,v2062815,1.7.1.1.1.1,6.8,,,,1
2001-01,Canada,2021A000011124,Unemployment rate,Total - Gender,15 years and over,Estimate,Seasonally adjusted,Percent,239,units,0,v2062815,1.7.1.1.1.1,6.9,,,,1
2001-02,Canada,2021A000011124,Unemployment rate,Total - Gender,15 years and over,Estimate,Seasonally adjusted,Percent,239,units,0,v2062815,1.7.1.1.1.1,7,,,,1
2001-03,Canada,2021A000011124,Unemployment rate,Total - Gender,15 years and over,Estimate,Seasonally adjusted,Percent,239,units,0,v2062815,1.7.1.1.1.1,7.1,,,,1
2001-04,Canada,2021A000011124,Unemployment rate,Total - Gender,15 years and over,Estimate,Seasonally adjusted,Percent,239,units,0,v2062815,1.7.1.1.1.1,7.1,,,,1
2001-05,Canada,2021A000011124,Unemployment rate,Total - Gender,15 years and over,Estimate,Seasonally adjusted,Percent,239,units,0,v2062815,1.7.1.1.1.1,7,,,,1
2001-06,Canada,2021A000011124,Unemployment rate,Total - Gender,15 years and over,Estimate,Seasonally adjusted,Percent,239,units,0,v2062815,1.7.1.1.1.1,7.2,,,,1
2001-07,Canada,2021A000011124,Unemployment rate,Total - Gender,15 years and over,Estimate,Seasonally adjusted,Percent,239,units,0,v2062815,1.7.1.1.1.1,7.1,,,,1
2001-08,Canada,2021A000011124,Unemployment rate,Total - Gender,15 years and over,Estimate,Seasonally adjusted,Percent,239,units,0,v2062815,1.7.1.1.1.1,7.2,,,,1
2001-09,Canada,2021A000011124,Unemployment rate,Total - Gender,15 years and over,Estimate,Seasonally adjusted,Percent,239,units,0,v2062815,1.7.1.1.1.1,7.2,,,,1
2001-10,Canada,2021A000011124,Unemployment rate,Total - Gender,15 years and over,Estimate,Seasonally adjusted,Percent,239,units,0,v2062815,1.7.1.1.1.1,7.3,,,,1
2001-11,Canada,2021A000011124,Unemployment rate,Total - Gender,15 years and over,Estimate,Seasonally adjusted,Percent,239,units,0,v2062815,1.7.1.1.1.1,7.5,,,,1
2001-12,Canada,2021A000011124,Unemployment rate,Total - Gender,15 years and over,Estimate,Seasonally adjusted,Percent,239,units,0,v2062815,1.7.1.1.1.1,8.1,,,,1
2002-01,Canada,2021A000011124,Unemployment rate,Total - Gender,15 years and over,Estimate,Seasonally adjusted,Percent,239,units,0,v2062815,1.7.1.1.1.1,8,,,,1
2002-02,Canada,2021A000011124,Unemployment rate,Total - Gender,15 years and over,Estimate,Seasonally adjusted,Percent,239,units,0,v2062815,1.7.1.1.1.1,7.9,,,,1
2002-03,Canada,2021A000011124,Unemployment rate,Total - Gender,15 years and over,Estimate,Seasonally adjusted,Percent,239,units,0,v2062815,1.7.1.1.1.1,7.9,,,,1
2002-04,Canada,2021A000011124,Unemployment rate,Total - Gender,15 years and over,Estimate,Seasonally adjusted,Percent,239,units,0,v2062815,1.7.1.1.1.1,7.7,,,,1
2002-05,Canada,2021A000011124,Unemployment rate,Total - Gender,15 years and over,Estimate,Seasonally adjusted,Percent,239,units,0,v2062815,1.7.1.1.1.1,7.8,,,,1
2002-06,Canada,2021A000011124,Unemployment rate,Total - Gender,15 years and over,Estimate,Seasonally adjusted,Percent,239,units,0,v2062815,1.7.1.1.1.1,7.6,,,,1
2002-07,Canada,2021A000011124,Unemployment rate,Total - Gender,15 years and over,Estimate,Seasonally adjusted,Percent,239,units,0,v2062815,1.7.1.1.1.1,7.6,,,,1
2002-08,Canada,2021A000011124,Unemployment rate,Total - Gender,15 years and over,Estimate,Seasonally adjusted,Percent,239,units,0,v2062815,1.7.1.1.1.1,7.4,,,,1
2002-09,Canada,2021A000011124,Unemployment rate,Total - Gender,15 years and over,Estimate,Seasonally adjusted,Percent,239,units,0,v2062815,1.7.1.1.1.1,7.6,,,,1
2002-10,Canada,2021A000011124,Unemployment rate,Total - Gender,15 years and over,Estimate,Seasonally adjusted,Percent,239,units,0,v2062815,1.7.1.1.1.1,7.6,,,,1
2002-11,Canada,2021A000011124,Unemployment rate,Total - Gender,15 years and over,Estimate,Seasonally adjusted,Percent,239,units,0,v2062815,1.7.1.1.1.1,7.5,,,,1
2002-12,Canada,2021A000011124,Unemployment rate,Total - Gender,15 years and over,Estimate,Seasonally adjusted,Percent,239,units,0,v2062815,1.7.1.1.1.1,7.6,,,,1
2003-01,Canada,2021A000011124,Unemployment rate,Total - Gender,15 years and over,Estimate,Seasonally adjusted,Percent,239,units,0,v2062815,1.7.1.1.1.1,7.5,,,,1
2003-02,Canada,2021A000011124,Unemployment rate,Total - Gender,15 years and over,Estimate,Seasonally adjusted,Percent,239,units,0,v2062815,1.7.1.1.1.1,7.5,,,,1
2003-03,Canada,2021A000011124,Unemployment rate,Total - Gender,15 years and over,Estimate,Seasonally adjusted,Percent,239,units,0,v2062815,1.7.1.1.1.1,7.4,,,,1
2003-04,Canada,2021A000011124,Unemployment rate,Total - Gender,15 years and over,Estimate,Seasonally adjusted,Percent,239,units,0,v2062815,1.7.1.1.1.1,7.6,,,,1
2003-05,Canada,2021A000011124,Unemployment rate,Total - Gender,15 years and over,Estimate,Seasonally adjusted,Percent,239,units,0,v2062815,1.7.1.1.1.1,7.8,,,,1
2003-06,Canada,2021A000011124,Unemployment rate,Total - Gender,15 years and over,Estimate,Seasonally adjusted,Percent,239,units,0,v2062815,1.7.1.1.1.1,7.6,,,,1
2003-07,Canada,2021A000011124,Unemployment rate,Total - Gender,15 years and over,Estimate,Seasonally adjusted,Percent,239,units,0,v2062815,1.7.1.1.1.1,7.7,,,,1
2003-08,Canada,2021A000011124,Unemployment rate,Total - Gender,15 years and over,Estimate,Seasonally adjusted,Percent,239,units,0,v2062815,1.7.1.1.1.1,7.8,,,,1
2003-09,Canada,2021A000011124,Unemployment rate,Total - Gender,15 years and over,Estimate,Seasonally adjusted,Percent,239,units,0,v2062815,1.7.1.1.1.1,7.9,,,,1
2003-10,Canada,2021A000011124,Unemployment rate,Total - Gender,15 years and over,Estimate,Seasonally adjusted,Percent,239,units,0,v2062815,1.7.1.1.1.1,7.6,,,,1
2003-11,Canada,2021A000011124,Unemployment rate,Total - Gender,15 years and over,Estimate,Seasonally adjusted,Percent,239,units,0,v2062815,1.7.1.1.1.1,7.4,,,,1
2003-12,Canada,2021A000011124,Unemployment rate,Total - Gender,15 years and over,Estimate,Seasonally adjusted,Percent,239,units,0,v2062815,1.7.1.1.1.1,7.3,,,,1
2004-01,Canada,2021A000011124,Unemployment rate,Total - Gender,15 years and over,Estimate,Seasonally adjusted,Percent,239,units,0,v2062815,1.7.1.1.1.1,7.3,,,,1
2004-02,Canada,2021A000011124,Unemployment rate,Total - Gender,15 years and over,Estimate,Seasonally adjusted,Percent,239,units,0,v2062815,1.7.1.1.1.1,7.3,,,,1
2004-03,Canada,2021A000011124,Unemployment rate,Total - Gender,15 years and over,Estimate,Seasonally adjusted,Percent,239,units,0,v2062815,1.7.1.1.1.1,7.3,,,,1
2004-04,Canada,2021A000011124,Unemployment rate,Total - Gender,15 years and over,Estimate,Seasonally adjusted,Percent,239,units,0,v2062815,1.7.1.1.1.1,7.2,,,,1
2004-05,Canada,2021A000011124,Unemployment rate,Total - Gender,15 years and over,Estimate,Seasonally adjusted,Percent,239,units,0,v2062815,1.7.1.1.1.1,7.1,,,,1
2004-06,Canada,2021A000011124,Unemployment rate,Total - Gender,15 years and over,Estimate,Seasonally adjusted,Percent,239,units,0,v2062815,1.7.1.1.1.1,7.2,,,,1
2004-07,Canada,2021A000011124,Unemployment rate,Total - Gender,15 years and over,Estimate,Seasonally adjusted,Percent,239,units,0,v2062815,1.7.1.1.1.1,7.1,,,,1
2004-08,Canada,2021A000011124,Unemployment rate,Total - Gender,15 years and over,Estimate,Seasonally adjusted,Percent,239,units,0,v2062815,1.7.1.1.1.1,7,,,,1
2004-09,Canada,2021A000011124,Unemployment rate,Total - Gender,15 years and over,Estimate,Seasonally adjusted,Percent,239,units,0,v2062815,1.7.1.1.1.1,6.9,,,,1
2004-10,Canada,2021A000011124,Unemployment rate,Total - Gender,15 years and over,Estimate,Seasonally adjusted,Percent,239,units,0,v2062815,1.7.1.1.1.1,7.1,,,,1
2004-11,Canada,2021A000011124,Unemployment rate,Total - Gender,15 years and over,Estimate,Seasonally adjusted,Percent,239,units,0,v2062815,1.7.1.1.1.1,7.2,,,,1
2004-12,Canada,2021A000011124,Unemployment rate,Total - Gender,15 years and over,Estimate,Seasonally adjusted,Percent,239,units,0,v2062815,1.7.1.1.1.1,7.1,,,,1
2005-01,Canada,2021A000011124,Unemployment rate,Total - Gender,15 years and over,Estimate,Seasonally adjusted,Percent,239,units,0,v2062815,1.7.1.1.1.1,6.9,,,,1
2005-02,Canada,2021A000011124,Unemployment rate,Total - Gender,15 years and over,Estimate,Seasonally adjusted,Percent,239,units,0,v2062815,1.7.1.1.1.1,7,,,,1
2005-03,Canada,2021A000011124,Unemployment rate,Total - Gender,15 years and over,Estimate,Seasonally adjusted,Percent,239,units,0,v2062815,1.7.1.1.1.1,6.9,,,,1
2005-04,Canada,2021A000011124,Unemployment rate,Total - Gender,15 years and over,Estimate,Seasonally adjusted,Percent,239,units,0,v2062815,1.7.1.1.1.1,6.7,,,,1
2005-05,Canada,2021A000011124,Unemployment rate,Total - Gender,15 years and over,Estimate,Seasonally adjusted,Percent,239,units,0,v2062815,1.7.1.1.1.1,7,,,,1
2005-06,Canada,2021A000011124,Unemployment rate,Total - Gender,15 years and over,Estimate,Seasonally adjusted,Percent,239,units,0,v2062815,1.7.1.1.1.1,6.8,,,,1
2005-07,Canada,2021A000011124,Unemployment rate,Total - Gender,15 years and over,Estimate,Seasonally adjusted,Percent,239,units,0,v2062815,1.7.1.1.1.1,6.7,,,,1
2005-08,Canada,2021A000011124,Unemployment rate,Total - Gender,15 years and over,Estimate,Seasonally adjusted,Percent,239,units,0,v2062815,1.7.1.1.1.1,6.7,,,,1
2005-09,Canada,2021A000011124,Unemployment rate,Total - Gender,15 years and over,Estimate,Seasonally adjusted,Percent,239,units,0,v2062815,1.7.1.1.1.1,6.7,,,,1
2005-10,Canada,2021A000011124,Unemployment rate,Total - Gender,15 years and over,Estimate,Seasonally adjusted,Percent,239,units,0,v2062815,1.7.1.1.1.1,6.7,,,,1
2005-11,Canada,2021A000011124,Unemployment rate,Total - Gender,15 years and over,Estimate,Seasonally adjusted,Percent,239,units,0,v2062815,1.7.1.1.1.1,6.3,,,,1
2005-12,Canada,2021A000011124,Unemployment rate,Total - Gender,15 years and over,Estimate,Seasonally adjusted,Percent,239,units,0,v2062815,1.7.1.1.1.1,6.6,,,,1
2006-01,Canada,2021A000011124,Unemployment rate,Total - Gender,15 years and over,Estimate,Seasonally adjusted,Percent,239,units,0,v2062815,1.7.1.1.1.1,6.7,,,,1
2006-02,Canada,2021A000011124,Unemployment rate,Total - Gender,15 years and over,Estimate,Seasonally adjusted,Percent,239,units,0,v2062815,1.7.1.1.1.1,6.6,,,,1
2006-03,Canada,2021A000011124,Unemployment rate,Total - Gender,15 years and over,Estimate,Seasonally adjusted,Percent,239,units,0,v2062815,1.7.1.1.1.1,6.5,,,,1
2006-04,Canada,2021A000011124,Unemployment rate,Total - Gender,15 years and over,Estimate,Seasonally adjusted,Percent,239,units,0,v2062815,1.7.1.1.1.1,6.5,,,,1
2006-05,Canada,2021A000011124,Unemployment rate,Total - Gender,15 years and over,Estimate,Seasonally adjusted,Percent,239,units,0,v2062815,1.7.1.1.1.1,6.2,,,,1
2006-06,Canada,2021A000011124,Unemployment rate,Total - Gender,15 years and over,Estimate,Seasonally adjusted,Percent,239,units,0,v2062815,1.7.1.1.1.1,6.3,,,,1
2006-07,Canada,2021A000011124,Unemployment rate,Total - Gender,15 years and over,Estimate,Seasonally adjusted,Percent,239,units,0,v2062815,1.7.1.1.1.1,6.5,,,,1
2006-08,Canada,2021A000011124,Unemployment rate,Total - Gender,15 years and over,Estimate,Seasonally adjusted,Percent,239,units,0,v2062815,1.7.1.1.1.1,6.5,,,,1
2006-09,Canada,2021A000011124,Unemployment rate,Total - Gender,15 years and over,Estimate,Seasonally adjusted,Percent,239,units,0,v2062815,1.7.1.1.1.1,6.5,,,,1
2006-10,Canada,2021A000011124,Unemployment rate,Total - Gender,15 years and over,Estimate,Seasonally adjusted,Percent,239,units,0,v2062815,1.7.1.1.1.1,6.3,,,,1
2006-11,Canada,2021A000011124,Unemployment rate,Total - Gender,15 years and over,Estimate,Seasonally adjusted,Percent,239,units,0,v2062815,1.7.1.1.1.1,6.5,,,,1
2006-12,Canada,2021A000011124,Unemployment rate,Total - Gender,15 years and over,Estimate,Seasonally adjusted,Percent,239,units,0,v2062815,1.7.1.1.1.1,6.3,,,,1
2007-01,Canada,2021A000011124,Unemployment rate,Total - Gender,15 years and over,Estimate,Seasonally adjusted,Percent,239,units,0,v2062815,1.7.1.1.1.1,6.4,,,,1
2007-02,Canada,2021A000011124,Unemployment rate,Total - Gender,15 years and over,Estimate,Seasonally adjusted,Percent,239,units,0,v2062815,1.7.1.1.1.1,6.3,,,,1
2007-03,Canada,2021A000011124,Unemployment rate,Total - Gender,15 years and over,Estimate,Seasonally adjusted,Percent,239,units,0,v2062815,1.7.1.1.1.1,6.3,,,,1
2007-04,Canada,2021A000011124,Unemployment rate,Total - Gender,15 years and over,Estimate,Seasonally adjusted,Percent,239,units,0,v2062815,1.7.1.1.1.1,6.3,,,,1
2007-05,Canada,2021A000011124,Unemployment rate,Total - Gender,15 years and over,Estimate,Seasonally adjusted,Percent,239,units,0,v2062815,1.7.1.1.1.1,6.2,,,,1
2007-06,Canada,2021A000011124,Unemployment rate,Total - Gender,15 years and over,Estimate,Seasonally adjusted,Percent,239,units,0,v2062815,1.7.1.1.1.1,6.1,,,,1
2007-07,Canada,2021A000011124,Unemployment rate,Total - Gender,15 years and over,Estimate,Seasonally adjusted,Percent,239,units,0,v2062815,1.7.1.1.1.1,6,,,,1
2007-08,Canada,2021A000011124,Unemployment rate,Total - Gender,15 years and over,Estimate,Seasonally adjusted,Percent,239,units,0,v2062815,1.7.1.1.1.1,6,,,,1
2007-09,Canada,2021A000011124,Unemployment rate,Total - Gender,15 years and over,Estimate,Seasonally adjusted,Percent,239,units,0,v2062815,1.7.1.1.1.1,6,,,,1
2007-10,Canada,2021A000011124,Unemployment rate,Total - Gender,15 years and over,Estimate,Seasonally adjusted,Percent,239,units,0,v2062815,1.7.1.1.1.1,6,,,,1
2007-11,Canada,2021A000011124,Unemployment rate,Total - Gender,15 years and over,Estimate,Seasonally adjusted,Percent,239,units,0,v2062815,1.7.1.1.1.1,6.1,,,,1
2007-12,Canada,2021A000011124,Unemployment rate,Total - Gender,15 years and over,Estimate,Seasonally adjusted,Percent,239,units,0,v2062815,1.7.1.1.1.1,6.2,,,,1
2008-01,Canada,2021A000011124,Unemployment rate,Total - Gender,15 years and over,Estimate,Seasonally adjusted,Percent,239,units,0,v2062815,1.7.1.1.1.1,6.1,,,,1
2008-02,Canada,2021A000011124,Unemployment rate,Total - Gender,15 years and over,Estimate,Seasonally adjusted,Percent,239,units,0,v2062815,1.7.1.1.1.1,6.1,,,,1
2008-03,Canada,2021A000011124,Unemployment rate,Total - Gender,15 years and over,Estimate,Seasonally adjusted,Percent,239,units,0,v2062815,1.7.1.1.1.1,6.2,,,,1
2008-04,Canada,2021A000011124,Unemployment rate,Total - Gender,15 years and over,Estimate,Seasonally adjusted,Percent,239,units,0,v2062815,1.7.1.1.1.1,6.2,,,,1
2008-05,Canada,2021A000011124,Unemployment rate,Total - Gender,15 years and over,Estimate,Seasonally adjusted,Percent,239,units,0,v2062815,1.7.1.1.1.1,6.2,,,,1
2008-06,Canada,2021A000011124,Unemployment rate,Total - Gender,15 years and over,Estimate,Seasonally adjusted,Percent,239,units,0,v2062815,1.7.1.1.1.1,6.1,,,,1
2008-07,Canada,2021A000011124,Unemployment rate,Total - Gender,15 years and over,Estimate,Seasonally adjusted,Percent,239,units,0,v2062815,1.7.1.1.1.1,6.2,,,,1
2008-08,Canada,2021A000011124,Unemployment rate,Total - Gender,15 years and over,Estimate,Seasonally adjusted,Percent,239,units,0,v2062815,1.7.1.1.1.1,6.2,,,,1
2008-09,Canada,2021A000011124,Unemployment rate,Total - Gender,15 years and over,Estimate,Seasonally adjusted,Percent,239,units,0,v2062815,1.7.1.1.1.1,6.3,,,,1
2008-10,Canada,2021A000011124,Unemployment rate,Total - Gender,15 years and over,Estimate,Seasonally adjusted,Percent,239,units,0,v2062815,1.7.1.1.1.1,6.4,,,,1
2008-11,Canada,2021A000011124,Unemployment rate,Total - Gender,15 years and over,Estimate,Seasonally adjusted,Percent,239,units,0,v2062815,1.7.1.1.1.1,6.7,,,,1
2008-12,Canada,2021A000011124,Unemployment rate,Total - Gender,15 years and over,Estimate,Seasonally adjusted,Percent,239,units,0,v2062815,1.7.1.1.1.1,7,,,,1
2009-01,Canada,2021A000011124,Unemployment rate,Total - Gender,15 years and over,Estimate,Seasonally adjusted,Percent,239,units,0,v2062815,1.7.1.1.1.1,7.5,,,,1
2009-02,Canada,2021A000011124,Unemployment rate,Total - Gender,15 years and over,Estimate,Seasonally adjusted,Percent,239,units,0,v2062815,1.7.1.1.1.1,8.1,,,,1
2009-03,Canada,2021A000011124,Unemployment rate,Total - Gender,15 years and over,Estimate,Seasonally adjusted,Percent,239,units,0,v2062815,1.7.1.1.1.1,8.4,,,,1
2009-04,Canada,2021A000011124,Unemployment rate,Total - Gender,15 years and over,Estimate,Seasonally adjusted,Percent,239,units,0,v2062815,1.7.1.1.1.1,8.4,,,,1
2009-05,Canada,2021A000011124,Unemployment rate,Total - Gender,15 years and over,Estimate,Seasonally adjusted,Percent,239,units,0,v2062815,1.7.1.1.1.1,8.7,,,,1
2009-06,Canada,2021A000011124,Unemployment rate,Total - Gender,15 years and over,Estimate,Seasonally adjusted,Percent,239,units,0,v2062815,1.7.1.1.1.1,8.8,,,,1
2009-07,Canada,2021A000011124,Unemployment rate,Total - Gender,15 years and over,Estimate,Seasonally adjusted,Percent,239,units,0,v2062815,1.7.1.1.1.1,8.8,,,,1
2009-08,Canada,2021A000011124,Unemployment rate,Total - Gender,15 years and over,Estimate,Seasonally adjusted,Percent,239,units,0,v2062815,1.7.1.1.1.1,8.7,,,,1
2009-09,Canada,2021A000011124,Unemployment rate,Total - Gender,15 years and over,Estimate,Seasonally adjusted,Percent,239,units,0,v2062815,1.7.1.1.1.1,8.5,,,,1
2009-10,Canada,2021A000011124,Unemployment rate,Total - Gender,15 years and over,Estimate,Seasonally adjusted,Percent,239,units,0,v2062815,1.7.1.1.1.1,8.6,,,,1
2009-11,Canada,2021A000011124,Unemployment rate,Total - Gender,15 years and over,Estimate,Seasonally adjusted,Percent,239,units,0,v2062815,1.7.1.1.1.1,8.6,,,,1
2009-12,Canada,2021A000011124,Unemployment rate,Total - Gender,15 years and over,Estimate,Seasonally adjusted,Percent,239,units,0,v2062815,1.7.1.1.1.1,8.6,,,,1
2010-01,Canada,2021A000011124,Unemployment rate,Total - Gender,15 years and over,Estimate,Seasonally adjusted,Percent,239,units,0,v2062815,1.7.1.1.1.1,8.4,,,,1
2010-02,Canada,2021A000011124,Unemployment rate,Total - Gender,15 years and over,Estimate,Seasonally adjusted,Percent,239,units,0,v2062815,1.7.1.1.1.1,8.4,,,,1
2010-03,Canada,2021A000011124,Unemployment rate,Total - Gender,15 years and over,Estimate,Seasonally adjusted,Percent,239,units,0,v2062815,1.7.1.1.1.1,8.3,,,,1
2010-04,Canada,2021A000011124,Unemployment rate,Total - Gender,15 years and over,Estimate,Seasonally adjusted,Percent,239,units,0,v2062815,1.7.1.1.1.1,8.2,,,,1
2010-05,Canada,2021A000011124,Unemployment rate,Total - Gender,15 years and over,Estimate,Seasonally adjusted,Percent,239,units,0,v2062815,1.7.1.1.1.1,8.2,,,,1
2010-06,Canada,2021A000011124,Unemployment rate,Total - Gender,15 years and over,Estimate,Seasonally adjusted,Percent,239,units,0,v2062815,1.7.1.1.1.1,8,,,,1
2010-07,Canada,2021A000011124,Unemployment rate,Total - Gender,15 years and over,Estimate,Seasonally adjusted,Percent,239,units,0,v2062815,1.7.1.1.1.1,8.2,,,,1
2010-08,Canada,2021A000011124,Unemployment rate,Total - Gender,15 years and over,Estimate,Seasonally adjusted,Percent,239,units,0,v2062815,1.7.1.1.1.1,8.2,,,,1
2010-09,Canada,2021A000011124,Unemployment rate,Total - Gender,15 years and over,Estimate,Seasonally adjusted,Percent,239,units,0,v2062815,1.7.1.1.1.1,8.2,,,,1
2010-10,Canada,2021A000011124,Unemployment rate,Total - Gender,15 years and over,Estimate,Seasonally adjusted,Percent,239,units,0,v2062815,1.7.1.1.1.1,8.1,,,,1
2010-11,Canada,2021A000011124,Unemployment rate,Total - Gender,15 years and over,Estimate,Seasonally adjusted,Percent,239,units,0,v2062815,1.7.1.1.1.1,7.9,,,,1
2010-12,Canada,2021A000011124,Unemployment rate,Total - Gender,15 years and over,Estimate,Seasonally adjusted,Percent,239,units,0,v2062815,1.7.1.1.1.1,7.8,,,,1
2011-01,Canada,2021A000011124,Unemployment rate,Total - Gender,15 years and over,Estimate,Seasonally adjusted,Percent,239,units,0,v2062815,1.7.1.1.1.1,7.8,,,,1
2011-02,Canada,2021A000011124,Unemployment rate,Total - Gender,15 years and over,Estimate,Seasonally adjusted,Percent,239,units,0,v2062815,1.7.1.1.1.1,7.8,,,,1
2011-03,Canada,2021A000011124,Unemployment rate,Total - Gender,15 years and over,Estimate,Seasonally adjusted,Percent,239,units,0,v2062815,1.7.1.1.1.1,7.8,,,,1
2011-04,Canada,2021A000011124,Unemployment rate,Total - Gender,15 years and over,Estimate,Seasonally adjusted,Percent,239,units,0,v2062815,1.7.1.1.1.1,7.8,,,,1
2011-05,Canada,2021A000011124,Unemployment rate,Total - Gender,15 years and over,Estimate,Seasonally adjusted,Percent,239,units,0,v2062815,1.7.1.1.1.1,7.7,,,,1
2011-06,Canada,2021A000011124,Unemployment rate,Total - Gender,15 years and over,Estimate,Seasonally adjusted,Percent,239,units,0,v2062815,1.7.1.1.1.1,7.7,,,,1
2011-07,Canada,2021A000011124,Unemployment rate,Total - Gender,15 years and over,Estimate,Seasonally adjusted,Percent,239,units,0,v2062815,1.7.1.1.1.1,7.4,,,,1
2011-08,Canada,2021A000011124,Unemployment rate,Total - Gender,15 years and over,Estimate,Seasonally adjusted,Percent,239,units,0,v2062815,1.7.1.1.1.1,7.4,,,,1
2011-09,Canada,2021A000011124,Unemployment rate,Total - Gender,15 years and over,Estimate,Seasonally adjusted,Percent,239,units,0,v2062815,1.7.1.1.1.1,7.5,,,,1
2011-10,Canada,2021A000011124,Unemployment rate,Total - Gender,15 years and over,Estimate,Seasonally adjusted,Percent,239,units,0,v2062815,1.7.1.1.1.1,7.5,,,,1
2011-11,Canada,2021A000011124,Unemployment rate,Total - Gender,15 years and over,Estimate,Seasonally adjusted,Percent,239,units,0,v2062815,1.7.1.1.1.1,7.6,,,,1
2011-12,Canada,2021A000011124,Unemployment rate,Total - Gender,15 years and over,Estimate,Seasonally adjusted,Percent,239,units,0,v2062815,1.7.1.1.1.1,7.5,,,,1
2012-01,Canada,2021A000011124,Unemployment rate,Total - Gender,15 years and over,Estimate,Seasonally adjusted,Percent,239,units,0,v2062815,1.7.1.1.1.1,7.7,,,,1
2012-02,Canada,2021A000011124,Unemployment rate,Total - Gender,15 years and over,Estimate,Seasonally adjusted,Percent,239,units,0,v2062815,1.7.1.1.1.1,7.6,,,,1
2012-03,Canada,2021A000011124,Unemployment rate,Total - Gender,15 years and over,Estimate,Seasonally adjusted,Percent,239,units,0,v2062815,1.7.1.1.1.1,7.4,,,,1
2012-04,Canada,2021A000011124,Unemployment rate,Total - Gender,15 years and over,Estimate,Seasonally adjusted,Percent,239,units,0,v2062815,1.7.1.1.1.1,7.4,,,,1
2012-05,Canada,2021A000011124,Unemployment rate,Total - Gender,15 years and over,Estimate,Seasonally adjusted,Percent,239,units,0,v2062815,1.7.1.1.1.1,7.6,,,,1
2012-06,Canada,2021A000011124,Unemployment rate,Total - Gender,15 years and over,Estimate,Seasonally adjusted,Percent,239,units,0,v2062815,1.7.1.1.1.1,7.4,,,,1
2012-07,Canada,2021A000011124,Unemployment rate,Total - Gender,15 years and over,Estimate,Seasonally adjusted,Percent,239,units,0,v2062815,1.7.1.1.1.1,7.3,,,,1
2012-08,Canada,2021A000011124,Unemployment rate,Total - Gender,15 years and over,Estimate,Seasonally adjusted,Percent,239,units,0,v2062815,1.7.1.1.1.1,7.4,,,,1
2012-09,Canada,2021A000011124,Unemployment rate,Total - Gender,15 years and over,Estimate,Seasonally adjusted,Percent,239,units,0,v2062815,1.7.1.1.1.1,7.4,,,,1
2012-10,Canada,2021A000011124,Unemployment rate,Total - Gender,15 years and over,Estimate,Seasonally adjusted,Percent,239,units,0,v2062815,1.7.1.1.1.1,7.4,,,,1
2012-11,Canada,2021A000011124,Unemployment rate,Total - Gender,15 years and over,Estimate,Seasonally adjusted,Percent,239,units,0,v2062815,1.7.1.1.1.1,7.4,,,,1
2012-12,Canada,2021A000011124,Unemployment rate,Total - Gender,15 years and over,Estimate,Seasonally adjusted,Percent,239,units,0,v2062815,1.7.1.1.1.1,7.3,,,,1
2013-01,Canada,2021A000011124,Unemployment rate,Total - Gender,15 years and over,Estimate,Seasonally adjusted,Percent,239,units,0,v2062815,1.7.1.1.1.1,7.1,,,,1
2013-02,Canada,2021A000011124,Unemployment rate,Total - Gender,15 years and over,Estimate,Seasonally adjusted,Percent,239,units,0,v2062815,1.7.1.1.1.1,7.1,,,,1
2013-03,Canada,2021A000011124,Unemployment rate,Total - Gender,15 years and over,Estimate,Seasonally adjusted,Percent,239,units,0,v2062815,1.7.1.1.1.1,7.3,,,,1
2013-04,Canada,2021A000011124,Unemployment rate,Total - Gender,15 years and over,Estimate,Seasonally adjusted,Percent,239,units,0,v2062815,1.7.1.1.1.1,7.2,,,,1
2013-05,Canada,2021A000011124,Unemployment rate,Total - Gender,15 years and over,Estimate,Seasonally adjusted,Percent,239,units,0,v2062815,1.7.1.1.1.1,7.1,,,,1
2013-06,Canada,2021A000011124,Unemployment rate,Total - Gender,15 years and over,Estimate,Seasonally adjusted,Percent,239,units,0,v2062815,1.7.1.1.1.1,7.2,,,,1
2013-07,Canada,2021A000011124,Unemployment rate,Total - Gender,15 years and over,Estimate,Seasonally adjusted,Percent,239,units,0,v2062815,1.7.1.1.1.1,7.3,,,,1
2013-08,Canada,2021A000011124,Unemployment rate,Total - Gender,15 years and over,Estimate,Seasonally adjusted,Percent,239,units,0,v2062815,1.7.1.1.1.1,7.3,,,,1
2013-09,Canada,2021A000011124,Unemployment rate,Total - Gender,15 years and over,Estimate,Seasonally adjusted,Percent,239,units,0,v2062815,1.7.1.1.1.1,7.1,,,,1
2013-10,Canada,2021A000011124,Unemployment rate,Total - Gender,15 years and over,Estimate,Seasonally adjusted,Percent,239,units,0,v2062815,1.7.1.1.1.1,7.3,,,,1
2013-11,Canada,2021A000011124,Unemployment rate,Total - Gender,15 years and over,Estimate,Seasonally adjusted,Percent,239,units,0,v2062815,1.7.1.1.1.1,7.1,,,,1
2013-12,Canada,2021A000011124,Unemployment rate,Total - Gender,15 years and over,Estimate,Seasonally adjusted,Percent,239,units,0,v2062815,1.7.1.1.1.1,7.4,,,,1
2014-01,Canada,2021A000011124,Unemployment rate,Total - Gender,15 years and over,Estimate,Seasonally adjusted,Percent,239,units,0,v2062815,1.7.1.1.1.1,7.3,,,,1
2014-02,Canada,2021A000011124,Unemployment rate,Total - Gender,15 years and over,Estimate,Seasonally adjusted,Percent,239,units,0,v2062815,1.7.1.1.1.1,7.3,,,,1
2014-03,Canada,2021A000011124,Unemployment rate,Total - Gender,15 years and over,Estimate,Seasonally adjusted,Percent,239,units,0,v2062815,1.7.1.1.1.1,7.1,,,,1
2014-04,Canada,2021A000011124,Unemployment rate,Total - Gender,15 years and over,Estimate,Seasonally adjusted,Percent,239,units,0,v2062815,1.7.1.1.1.1,7.1,,,,1
2014-05,Canada,2021A000011124,Unemployment rate,Total - Gender,15 years and over,Estimate,Seasonally adjusted,Percent,239,units,0,v2062815,1.7.1.1.1.1,7.3,,,,1
2014-06,Canada,2021A000011124,Unemployment rate,Total - Gender,15 years and over,Estimate,Seasonally adjusted,Percent,239,units,0,v2062815,1.7.1.1.1.1,7.2,,,,1
2014-07,Canada,2021A000011124,Unemployment rate,Total - Gender,15 years and over,Estimate,Seasonally adjusted,Percent,239,units,0,v2062815,1.7.1.1.1.1,7.1,,,,1
2014-08,Canada,2021A000011124,Unemployment rate,Total - Gender,15 years and over,Estimate,Seasonally adjusted,Percent,239,units,0,v2062815,1.7.1.1.1.1,7,,,,1
2014-09,Canada,2021A000011124,Unemployment rate,Total - Gender,15 years and over,Estimate,Seasonally adjusted,Percent,239,units,0,v2062815,1.7.1.1.1.1,7,,,,1
2014-10,Canada,2021A000011124,Unemployment rate,Total - Gender,15 years and over,Estimate,Seasonally adjusted,Percent,239,units,0,v2062815,1.7.1.1.1.1,6.8,,,,1
2014-11,Canada,2021A000011124,Unemployment rate,Total - Gender,15 years and over,Estimate,Seasonally adjusted,Percent,239,units,0,v2062815,1.7.1.1.1.1,6.8,,,,1
2014-12,Canada,2021A000011124,Unemployment rate,Total - Gender,15 years and over,Estimate,Seasonally adjusted,Percent,239,units,0,v2062815,1.7.1.1.1.1,6.7,,,,1
2015-01,Canada,2021A000011124,Unemployment rate,Total - Gender,15 years and over,Estimate,Seasonally adjusted,Percent,239,units,0,v2062815,1.7.1.1.1.1,6.8,,,,1
2015-02,Canada,2021A000011124,Unemployment rate,Total - Gender,15 years and over,Estimate,Seasonally adjusted,Percent,239,units,0,v2062815,1.7.1.1.1.1,6.9,,,,1
2015-03,Canada,2021A000011124,Unemployment rate,Total - Gender,15 years and over,Estimate,Seasonally adjusted,Percent,239,units,0,v2062815,1.7.1.1.1.1,6.9,,,,1
2015-04,Canada,2021A000011124,Unemployment rate,Total - Gender,15 years and over,Estimate,Seasonally adjusted,Percent,239,units,0,v2062815,1.7.1.1.1.1,7,,,,1
2015-05,Canada,2021A000011124,Unemployment rate,Total - Gender,15 years and over,Estimate,Seasonally adjusted,Percent,239,units,0,v2062815,1.7.1.1.1.1,6.9,,,,1
2015-06,Canada,2021A000011124,Unemployment rate,Total - Gender,15 years and over,Estimate,Seasonally adjusted,Percent,239,units,0,v2062815,1.7.1.1.1.1,6.9,,,,1
2015-07,Canada,2021A000011124,Unemployment rate,Total - Gender,15 years and over,Estimate,Seasonally adjusted,Percent,239,units,0,v2062815,1.7.1.1.1.1,7,,,,1
2015-08,Canada,2021A000011124,Unemployment rate,Total - Gender,15 years and over,Estimate,Seasonally adjusted,Percent,239,units,0,v2062815,1.7.1.1.1.1,7.1,,,,1
2015-09,Canada,2021A000011124,Unemployment rate,Total - Gender,15 years and over,Estimate,Seasonally adjusted,Percent,239,units,0,v2062815,1.7.1.1.1.1,7.1,,,,1
2015-10,Canada,2021A000011124,Unemployment rate,Total - Gender,15 years and over,Estimate,Seasonally adjusted,Percent,239,units,0,v2062815,1.7.1.1.1.1,7,,,,1
2015-11,Canada,2021A000011124,Unemployment rate,Total - Gender,15 years and over,Estimate,Seasonally adjusted,Percent,239,units,0,v2062815,1.7.1.1.1.1,7.1,,,,1
2015-12,Canada,2021A000011124,Unemployment rate,Total - Gender,15 years and over,Estimate,Seasonally adjusted,Percent,239,units,0,v2062815,1.7.1.1.1.1,7.3,,,,1
2016-01,Canada,2021A000011124,Unemployment rate,Total - Gender,15 years and over,Estimate,Seasonally adjusted,Percent,239,units,0,v2062815,1.7.1.1.1.1,7.2,,,,1
2016-02,Canada,2021A000011124,Unemployment rate,Total - Gender,15 years and over,Estimate,Seasonally adjusted,Percent,239,units,0,v2062815,1.7.1.1.1.1,7.3,,,,1
2016-03,Canada,2021A000011124,Unemployment rate,Total - Gender,15 years and over,Estimate,Seasonally adjusted,Percent,239,units,0,v2062815,1.7.1.1.1.1,7.2,,,,1
2016-04,Canada,2021A000011124,Unemployment rate,Total - Gender,15 years and over,Estimate,Seasonally adjusted,Percent,239,units,0,v2062815,1.7.1.1.1.1,7.3,,,,1
2016-05,Canada,2021A000011124,Unemployment rate,Total - Gender,15 years and over,Estimate,Seasonally adjusted,Percent,239,units,0,v2062815,1.7.1.1.1.1,7.1,,,,1
2016-06,Canada,2021A000011124,Unemployment rate,Total - Gender,15 years and over,Estimate,Seasonally adjusted,Percent,239,units,0,v2062815,1.7.1.1.1.1,7,,,,1
2016-07,Canada,2021A000011124,Unemployment rate,Total - Gender,15 years and over,Estimate,Seasonally adjusted,Percent,239,units,0,v2062815,1.7.1.1.1.1,7,,,,1
2016-08,Canada,2021A000011124,Unemployment rate,Total - Gender,15 years and over,Estimate,Seasonally adjusted,Percent,239,units,0,v2062815,1.7.1.1.1.1,6.9,,,,1
2016-09,Canada,2021A000011124,Unemployment rate,Total - Gender,15 years and over,Estimate,Seasonally adjusted,Percent,239,units,0,v2062815,1.7.1.1.1.1,7,,,,1
2016-10,Canada,2021A000011124,Unemployment rate,Total - Gender,15 years and over,Estimate,Seasonally adjusted,Percent,239,units,0,v2062815,1.7.1.1.1.1,6.9,,,,1
2016-11,Canada,2021A000011124,Unemployment rate,Total - Gender,15 years and over,Estimate,Seasonally adjusted,Percent,239,units,0,v2062815,1.7.1.1.1.1,6.8,,,,1
2016-12,Canada,2021A000011124,Unemployment rate,Total - Gender,15 years and over,Estimate,Seasonally adjusted,Percent,239,units,0,v2062815,1.7.1.1.1.1,6.9,,,,1
2017-01,Canada,2021A000011124,Unemployment rate,Total - Gender,15 years and over,Estimate,Seasonally adjusted,Percent,239,units,0,v2062815,1.7.1.1.1.1,6.9,,,,1
2017-02,Canada,2021A000011124,Unemployment rate,Total - Gender,15 years and over,Estimate,Seasonally adjusted,Percent,239,units,0,v2062815,1.7.1.1.1.1,6.6,,,,1
2017-03,Canada,2021A000011124,Unemployment rate,Total - Gender,15 years and over,Estimate,Seasonally adjusted,Percent,239,units,0,v2062815,1.7.1.1.1.1,6.7,,,,1
2017-04,Canada,2021A000011124,Unemployment rate,Total - Gender,15 years and over,Estimate,Seasonally adjusted,Percent,239,units,0,v2062815,1.7.1.1.1.1,6.5,,,,1
2017-05,Canada,2021A000011124,Unemployment rate,Total - Gender,15 years and over,Estimate,Seasonally adjusted,Percent,239,units,0,v2062815,1.7.1.1.1.1,6.6,,,,1
2017-06,Canada,2021A000011124,Unemployment rate,Total - Gender,15 years and over,Estimate,Seasonally adjusted,Percent,239,units,0,v2062815,1.7.1.1.1.1,6.5,,,,1
2017-07,Canada,2021A000011124,Unemployment rate,Total - Gender,15 years and over,Estimate,Seasonally adjusted,Percent,239,units,0,v2062815,1.7.1.1.1.1,6.3,,,,1
2017-08,Canada,2021A000011124,Unemployment rate,Total - Gender,15 years and over,Estimate,Seasonally adjusted,Percent,239,units,0,v2062815,1.7.1.1.1.1,6.2,,,,1
2017-09,Canada,2021A000011124,Unemployment rate,Total - Gender,15 years and over,Estimate,Seasonally adjusted,Percent,239,units,0,v2062815,1.7.1.1.1.1,6.2,,,,1
2017-10,Canada,2021A000011124,Unemployment rate,Total - Gender,15 years and over,Estimate,Seasonally adjusted,Percent,239,units,0,v2062815,1.7.1.1.1.1,6.3,,,,1
2017-11,Canada,2021A000011124,Unemployment rate,Total - Gender,15 years and over,Estimate,Seasonally adjusted,Percent,239,units,0,v2062815,1.7.1.1.1.1,6.2,,,,1
2017-12,Canada,2021A000011124,Unemployment rate,Total - Gender,15 years and over,Estimate,Seasonally adjusted,Percent,239,units,0,v2062815,1.7.1.1.1.1,6,,,,1
2018-01,Canada,2021A000011124,Unemployment rate,Total - Gender,15 years and over,Estimate,Seasonally adjusted,Percent,239,units,0,v2062815,1.7.1.1.1.1,5.9,,,,1
2018-02,Canada,2021A000011124,Unemployment rate,Total - Gender,15 years and over,Estimate,Seasonally adjusted,Percent,239,units,0,v2062815,1.7.1.1.1.1,6,,,,1
2018-03,Canada,2021A000011124,Unemployment rate,Total - Gender,15 years and over,Estimate,Seasonally adjusted,Percent,239,units,0,v2062815,1.7.1.1.1.1,5.8,,,,1
2018-04,Canada,2021A000011124,Unemployment rate,Total - Gender,15 years and over,Estimate,Seasonally adjusted,Percent,239,units,0,v2062815,1.7.1.1.1.1,5.8,,,,1
2018-05,Canada,2021A000011124,Unemployment rate,Total - Gender,15 years and over,Estimate,Seasonally adjusted,Percent,239,units,0,v2062815,1.7.1.1.1.1,5.9,,,,1
2018-06,Canada,2021A000011124,Unemployment rate,Total - Gender,15 years and over,Estimate,Seasonally adjusted,Percent,239,units,0,v2062815,1.7.1.1.1.1,6,,,,1
2018-07,Canada,2021A000011124,Unemployment rate,Total - Gender,15 years and over,Estimate,Seasonally adjusted,Percent,239,units,0,v2062815,1.7.1.1.1.1,5.9,,,,1
2018-08,Canada,2021A000011124,Unemployment rate,Total - Gender,15 years and over,Estimate,Seasonally adjusted,Percent,239,units,0,v2062815,1.7.1.1.1.1,6,,,,1
2018-09,Canada,2021A000011124,Unemployment rate,Total - Gender,15 years and over,Estimate,Seasonally adjusted,Percent,239,units,0,v2062815,1.7.1.1.1.1,5.8,,,,1
2018-10,Canada,2021A000011124,Unemployment rate,Total - Gender,15 years and over,Estimate,Seasonally adjusted,Percent,239,units,0,v2062815,1.7.1.1.1.1,5.6,,,,1
2018-11,Canada,2021A000011124,Unemployment rate,Total - Gender,15 years and over,Estimate,Seasonally adjusted,Percent,239,units,0,v2062815,1.7.1.1.1.1,5.7,,,,1
2018-12,Canada,2021A000011124,Unemployment rate,Total - Gender,15 years and over,Estimate,Seasonally adjusted,Percent,239,units,0,v2062815,1.7.1.1.1.1,5.6,,,,1
2019-01,Canada,2021A000011124,Unemployment rate,Total - Gender,15 years and over,Estimate,Seasonally adjusted,Percent,239,units,0,v2062815,1.7.1.1.1.1,5.7,,,,1
2019-02,Canada,2021A000011124,Unemployment rate,Total - Gender,15 years and over,Estimate,Seasonally adjusted,Percent,239,units,0,v2062815,1.7.1.1.1.1,5.8,,,,1
2019-03,Canada,2021A000011124,Unemployment rate,Total - Gender,15 years and over,Estimate,Seasonally adjusted,Percent,239,units,0,v2062815,1.7.1.1.1.1,5.8,,,,1
2019-04,Canada,2021A000011124,Unemployment rate,Total - Gender,15 years and over,Estimate,Seasonally adjusted,Percent,239,units,0,v2062815,1.7.1.1.1.1,5.7,,,,1
2019-05,Canada,2021A000011124,Unemployment rate,Total - Gender,15 years and over,Estimate,Seasonally adjusted,Percent,239,units,0,v2062815,1.7.1.1.1.1,5.5,,,,1
2019-06,Canada,2021A000011124,Unemployment rate,Total - Gender,15 years and over,Estimate,Seasonally adjusted,Percent,239,units,0,v2062815,1.7.1.1.1.1,5.6,,,,1
2019-07,Canada,2021A000011124,Unemployment rate,Total - Gender,15 years and over,Estimate,Seasonally adjusted,Percent,239,units,0,v2062815,1.7.1.1.1.1,5.7,,,,1
2019-08,Canada,2021A000011124,Unemployment rate,Total - Gender,15 years and over,Estimate,Seasonally adjusted,Percent,239,units,0,v2062815,1.7.1.1.1.1,5.7,,,,1
2019-09,Canada,2021A000011124,Unemployment rate,Total - Gender,15 years and over,Estimate,Seasonally adjusted,Percent,239,units,0,v2062815,1.7.1.1.1.1,5.6,,,,1
2019-10,Canada,2021A000011124,Unemployment rate,Total - Gender,15 years and over,Estimate,Seasonally adjusted,Percent,239,units,0,v2062815,1.7.1.1.1.1,5.6,,,,1
2019-11,Canada,2021A000011124,Unemployment rate,Total - Gender,15 years and over,Estimate,Seasonally adjusted,Percent,239,units,0,v2062815,1.7.1.1.1.1,5.9,,,,1
2019-12,Canada,2021A000011124,Unemployment rate,Total - Gender,15 years and over,Estimate,Seasonally adjusted,Percent,239,units,0,v2062815,1.7.1.1.1.1,5.6,,,,1
2020-01,Canada,2021A000011124,Unemployment rate,Total - Gender,15 years and over,Estimate,Seasonally adjusted,Percent,239,units,0,v2062815,1.7.1.1.1.1,5.5,,,,1
2020-02,Canada,2021A000011124,Unemployment rate,Total - Gender,15 years and over,Estimate,Seasonally adjusted,Percent,239,units,0,v2062815,1.7.1.1.1.1,5.8,,,,1
2020-03,Canada,2021A000011124,Unemployment rate,Total - Gender,15 years and over,Estimate,Seasonally adjusted,Percent,239,units,0,v2062815,1.7.1.1.1.1,8.5,,,,1
2020-04,Canada,2021A000011124,Unemployment rate,Total - Gender,15 years and over,Estimate,Seasonally adjusted,Percent,239,units,0,v2062815,1.7.1.1.1.1,13.7,,,,1
2020-05,Canada,2021A000011124,Unemployment rate,Total - Gender,15 years and over,Estimate,Seasonally adjusted,Percent,239,units,0,v2062815,1.7.1.1.1.1,14.2,,,,1
2020-06,Canada,2021A000011124,Unemployment rate,Total - Gender,15 years and over,Estimate,Seasonally adjusted,Percent,239,units,0,v2062815,1.7.1.1.1.1,12.6,,,,1
2020-07,Canada,2021A000011124,Unemployment rate,Total - Gender,15 years and over,Estimate,Seasonally adjusted,Percent,239,units,0,v2062815,1.7.1.1.1.1,10.9,,,,1
2020-08,Canada,2021A000011124,Unemployment rate,Total - Gender,15 years and over,Estimate,Seasonally adjusted,Percent,239,units,0,v2062815,1.7.1.1.1.1,10.1,,,,1
2020-09,Canada,2021A000011124,Unemployment rate,Total - Gender,15 years and over,Estimate,Seasonally adjusted,Percent,239,units,0,v2062815,1.7.1.1.1.1,9.1,,,,1
2020-10,Canada,2021A000011124,Unemployment rate,Total - Gender,15 years and over,Estimate,Seasonally adjusted,Percent,239,units,0,v2062815,1.7.1.1.1.1,9,,,,1
2020-11,Canada,2021A000011124,Unemployment rate,Total - Gender,15 years and over,Estimate,Seasonally adjusted,Percent,239,units,0,v2062815,1.7.1.1.1.1,8.6,,,,1
2020-12,Canada,2021A000011124,Unemployment rate,Total - Gender,15 years and over,Estimate,Seasonally adjusted,Percent,239,units,0,v2062815,1.7.1.1.1.1,8.9,,,,1
2021-01,Canada,2021A000011124,Unemployment rate,Total - Gender,15 years and over,Estimate,Seasonally adjusted,Percent,239,units,0,v2062815,1.7.1.1.1.1,9.2,,,,1
2021-02,Canada,2021A000011124,Unemployment rate,Total - Gender,15 years and over,Estimate,Seasonally adjusted,Percent,239,units,0,v2062815,1.7.1.1.1.1,8.5,,,,1
2021-03,Canada,2021A000011124,Unemployment rate,Total - Gender,15 years and over,Estimate,Seasonally adjusted,Percent,239,units,0,v2062815,1.7.1.1.1.1,7.7,,,,1
2021-04,Canada,2021A000011124,Unemployment rate,Total - Gender,15 years and over,Estimate,Seasonally adjusted,Percent,239,units,0,v2062815,1.7.1.1.1.1,8.2,,,,1
2021-05,Canada,2021A000011124,Unemployment rate,Total - Gender,15 years and over,Estimate,Seasonally adjusted,Percent,239,units,0,v2062815,1.7.1.1.1.1,8.3,,,,1
2021-06,Canada,2021A000011124,Unemployment rate,Total - Gender,15 years and over,Estimate,Seasonally adjusted,Percent,239,units,0,v2062815,1.7.1.1.1.1,7.9,,,,1
2021-07,Canada,2021A000011124,Unemployment rate,Total - Gender,15 years and over,Estimate,Seasonally adjusted,Percent,239,units,0,v2062815,1.7.1.1.1.1,7.4,,,,1
2021-08,Canada,2021A000011124,Unemployment rate,Total - Gender,15 years and over,Estimate,Seasonally adjusted,Percent,239,units,0,v2062815,1.7.1.1.1.1,7.1,,,,1
2021-09,Canada,2021A000011124,Unemployment rate,Total - Gender,15 years and over,Estimate,Seasonally adjusted,Percent,239,units,0,v2062815,1.7.1.1.1.1,7,,,,1
2021-10,Canada,2021A000011124,Unemployment rate,Total - Gender,15 years and over,Estimate,Seasonally adjusted,Percent,239,units,0,v2062815,1.7.1.1.1.1,6.5,,,,1
2021-11,Canada,2021A000011124,Unemployment rate,Total - Gender,15 years and over,Estimate,Seasonally adjusted,Percent,239,units,0,v2062815,1.7.1.1.1.1,6.1,,,,1
2021-12,Canada,2021A000011124,Unemployment rate,Total - Gender,15 years and over,Estimate,Seasonally adjusted,Percent,239,units,0,v2062815,1.7.1.1.1.1,5.9,,,,1
2022-01,Canada,2021A000011124,Unemployment rate,Total - Gender,15 years and over,Estimate,Seasonally adjusted,Percent,239,units,0,v2062815,1.7.1.1.1.1,6.4,,,,1
2022-02,Canada,2021A000011124,Unemployment rate,Total - Gender,15 years and over,Estimate,Seasonally adjusted,Percent,239,units,0,v2062815,1.7.1.1.1.1,5.5,,,,1
2022-03,Canada,2021A000011124,Unemployment rate,Total - Gender,15 years and over,Estimate,Seasonally adjusted,Percent,239,units,0,v2062815,1.7.1.1.1.1,5.4,,,,1
2022-04,Canada,2021A000011124,Unemployment rate,Total - Gender,15 years and over,Estimate,Seasonally adjusted,Percent,239,units,0,v2062815,1.7.1.1.1.1,5.4,,,,1
2022-05,Canada,2021A000011124,Unemployment rate,Total - Gender,15 years and over,Estimate,Seasonally adjusted,Percent,239,units,0,v2062815,1.7.1.1.1.1,5.2,,,,1
2022-06,Canada,2021A000011124,Unemployment rate,Total - Gender,15 years and over,Estimate,Seasonally adjusted,Percent,239,units,0,v2062815,1.7.1.1.1.1,4.9,,,,1
2022-07,Canada,2021A000011124,Unemployment rate,Total - Gender,15 years and over,Estimate,Seasonally adjusted,Percent,239,units,0,v2062815,1.7.1.1.1.1,4.8,,,,1
2022-08,Canada,2021A000011124,Unemployment rate,Total - Gender,15 years and over,Estimate,Seasonally adjusted,Percent,239,units,0,v2062815,1.7.1.1.1.1,5.2,,,,1
2022-09,Canada,2021A000011124,Unemployment rate,Total - Gender,15 years and over,Estimate,Seasonally adjusted,Percent,239,units,0,v2062815,1.7.1.1.1.1,5.1,,,,1
2022-10,Canada,2021A000011124,Unemployment rate,Total - Gender,15 years and over,Estimate,Seasonally adjusted,Percent,239,units,0,v2062815,1.7.1.1.1.1,5.1,,,,1
2022-11,Canada,2021A000011124,Unemployment rate,Total - Gender,15 years and over,Estimate,Seasonally adjusted,Percent,239,units,0,v2062815,1.7.1.1.1.1,5,,,,1
2022-12,Canada,2021A000011124,Unemployment rate,Total - Gender,15 years and over,Estimate,Seasonally adjusted,Percent,239,units,0,v2062815,1.7.1.1.1.1,5,,,,1
2023-01,Canada,2021A000011124,Unemployment rate,Total - Gender,15 years and over,Estimate,Seasonally adjusted,Percent,239,units,0,v2062815,1.7.1.1.1.1,5.1,,,,1
2023-02,Canada,2021A000011124,Unemployment rate,Total - Gender,15 years and over,Estimate,Seasonally adjusted,Percent,239,units,0,v2062815,1.7.1.1.1.1,5.1,,,,1
2023-03,Canada,2021A000011124,Unemployment rate,Total - Gender,15 years and over,Estimate,Seasonally adjusted,Percent,239,units,0,v2062815,1.7.1.1.1.1,5,,,,1
2023-04,Canada,2021A000011124,Unemployment rate,Total - Gender,15 years and over,Estimate,Seasonally adjusted,Percent,239,units,0,v2062815,1.7.1.1.1.1,5.1,,,,1
2023-05,Canada,2021A000011124,Unemployment rate,Total - Gender,15 years and over,Estimate,Seasonally adjusted,Percent,239,units,0,v2062815,1.7.1.1.1.1,5.2,,,,1
2023-06,Canada,2021A000011124,Unemployment rate,Total - Gender,15 years and over,Estimate,Seasonally adjusted,Percent,239,units,0,v2062815,1.7.1.1.1.1,5.4,,,,1
2023-07,Canada,2021A000011124,Unemployment rate,Total - Gender,15 years and over,Estimate,Seasonally adjusted,Percent,239,units,0,v2062815,1.7.1.1.1.1,5.5,,,,1
2023-08,Canada,2021A000011124,Unemployment rate,Total - Gender,15 years and over,Estimate,Seasonally adjusted,Percent,239,units,0,v2062815,1.7.1.1.1.1,5.5,,,,1
2023-09,Canada,2021A000011124,Unemployment rate,Total - Gender,15 years and over,Estimate,Seasonally adjusted,Percent,239,units,0,v2062815,1.7.1.1.1.1,5.5,,,,1
2023-10,Canada,2021A000011124,Unemployment rate,Total - Gender,15 years and over,Estimate,Seasonally adjusted,Percent,239,units,0,v2062815,1.7.1.1.1.1,5.7,,,,1
2023-11,Canada,2021A000011124,Unemployment rate,Total - Gender,15 years and over,Estimate,Seasonally adjusted,Percent,239,units,0,v2062815,1.7.1.1.1.1,5.7,,,,1
2023-12,Canada,2021A000011124,Unemployment rate,Total - Gender,15 years and over,Estimate,Seasonally adjusted,Percent,239,units,0,v2062815,1.7.1.1.1.1,5.8,,,,1
1998-01,Newfoundland and Labrador,2021A000210,Unemployment rate,Total - Gender,15 years and over,Estimate,Seasonally adjusted,Percent,239,units,0,v2063004,2.7.1.1.1.1,17.2,,,,1
1998-02,Newfoundland and Labrador,2021A000210,Unemployment rate,Total - Gender,15 years and over,Estimate,Seasonally adjusted,Percent,239,units,0,v2063004,2.7.1.1.1.1,17.7,,,,1
1998-03,Newfoundland and Labrador,2021A000210,Unemployment rate,Total - Gender,15 years and over,Estimate,Seasonally adjusted,Percent,239,units,0,v2063004,2.7.1.1.1.1,16.4,,,,1
1998-04,Newfoundland and Labrador,2021A000210,Unemployment rate,Total - Gender,15 years and over,Estimate,Seasonally adjusted,Percent,239,units,0,v2063004,2.7.1.1.1.1,17,,,,1
1998-05,Newfoundland and Labrador,2021A000210,Unemployment rate,Total - Gender,15 years and over,Estimate,Seasonally adjusted,Percent,239,units,0,v2063004,2.7.1.1.1.1,17.2,,,,1
1998-06,Newfoundland and Labrador,2021A000210,Unemployment rate,Total - Gender,15 years and over,Estimate,Seasonally adjusted,Percent,239,units,0,v2063004,2.7.1.1.1.1,17.4,,,,1
1998-07,Newfoundland and Labrador,2021A000210,Unemployment rate,Total - Gender,15 years and over,Estimate,Seasonally adjusted,Percent,239,units,0,v2063004,2.7.1.1.1.1,17.6,,,,1
1998-08,Newfoundland and Labrador,2021A000210,Unemployment rate,Total - Gender,15 years and over,Estimate,Seasonally adjusted,Percent,239,units,0,v2063004,2.7.1.1.1.1,19.7,,,,1
1998-09,Newfoundland and Labrador,2021A000210,Unemployment rate,Total - Gender,15 years and over,Estimate,Seasonally adjusted,Percent,239,units,0,v2063004,2.7.1.1.1.1,18.9,,,,1
1998-10,Newfoundland and Labrador,2021A000210,Unemployment rate,Total - Gender,15 years and over,Estimate,Seasonally adjusted,Percent,239,units,0,v2063004,2.7.1.1.1.1,18,,,,1
1998-11,Newfoundland and Labrador,2021A000210,Unemployment rate,Total - Gender,15 years and over,Estimate,Seasonally adjusted,Percent,239,units,0,v2063004,2.7.1.1.1.1,17.3,,,,1
1998-12,Newfoundland and Labrador,2021A000210,Unemployment rate,Total - Gender,15 years and over,Estimate,Seasonally adjusted,Percent,239,units,0,v2063004,2.7.1.1.1.1,17.9,,,,1
1999-01,Newfoundland and Labrador,2021A000210,Unemployment rate,Total - Gender,15 years and over,Estimate,Seasonally adjusted,Percent,239,units,0,v2063004,2.7.1.1.1.1,17.1,,,,1
1999-02,Newfoundland and Labrador,2021A000210,Unemployment rate,Total - Gender,15 years and over,Estimate,Seasonally adjusted,Percent,239,units,0,v2063004,2.7.1.1.1.1,15.1,,,,1
1999-03,Newfoundland and Labrador,2021A000210,Unemployment rate,Total - Gender,15 years and over,Estimate,Seasonally adjusted,Percent,239,units,0,v2063004,2.7.1.1.1.1,17.1,,,,1
1999-04,Newfoundland and Labrador,2021A000210,Unemployment rate,Total - Gender,15 years and over,Estimate,Seasonally adjusted,Percent,239,units,0,v2063004,2.7.1.1.1.1,18.1,,,,1
1999-05,Newfoundland and Labrador,2021A000210,Unemployment rate,Total - Gender,15 years and over,Estimate,Seasonally adjusted,Percent,239,units,0,v2063004,2.7.1.1.1.1,17.6,,,,1
1999-06,Newfoundland and Labrador,2021A000210,Unemployment rate,Total - Gender,15 years and over,Estimate,Seasonally adjusted,Percent,239,units,0,v2063004,2.7.1.1.1.1,17.6,,,,1
1999-07,Newfoundland and Labrador,2021A000210,Unemployment rate,Total - Gender,15 years and over,Estimate,Seasonally adjusted,Percent,239,units,0,v2063004,2.7.1.1.1.1,17.3,,,,1
1999-08,Newfoundland and Labrador,2021A000210,Unemployment rate,Total - Gender,15 years and over,Estimate,Seasonally adjusted,Percent,239,units,0,v2063004,2.7.1.1.1.1,16.9,,,,1
1999-09,Newfoundland and Labrador,2021A000210,Unemployment rate,Total - Gender,15 years and over,Estimate,Seasonally adjusted,Percent,239,units,0,v2063004,2.7.1.1.1.1,17,,,,1
1999-10,Newfoundland and Labrador,2021A000210,Unemployment rate,Total - Gender,15 years and over,Estimate,Seasonally adjusted,Percent,239,units,0,v2063004,2.7.1.1.1.1,16.5,,,,1
1999-11,Newfoundland and Labrador,2021A000210,Unemployment rate,Total - Gender,15 years and over,Estimate,Seasonally adjusted,Percent,239,units,0,v2063004,2.7.1.1.1.1,15.7,,,,1
1999-12,Newfoundland and Labrador,2021A000210,Unemployment rate,Total - Gender,15 years and over,Estimate,Seasonally adjusted,Percent,239,units,0,v2063004,2.7.1.1.1.1,13.9,,,,1
2000-01,Newfoundland and Labrador,2021A000210,Unemployment rate,Total - Gender,15 years and over,Estimate,Seasonally adjusted,Percent,239,units,0,v2063004,2.7.1.1.1.1,16.8,,,,1
2000-02,Newfoundland and Labrador,2021A000210,Unemployment rate,Total - Gender,15 years and over,Estimate,Seasonally adjusted,Percent,239,units,0,v2063004,2.7.1.1.1.1,17.2,,,,1
2000-03,Newfoundland and Labrador,2021A000210,Unemployment rate,Total - Gender,15 years and over,Estimate,Seasonally adjusted,Percent,239,units,0,v2063004,2.7.1.1.1.1,17.4,,,,1
2000-04,Newfoundland and Labrador,2021A000210,Unemployment rate,Total - Gender,15 years and over,Estimate,Seasonally adjusted,Percent,239,units,0,v2063004,2.7.1.1.1.1,15.9,,,,1
2000-05,Newfoundland and Labrador,2021A000210,Unemployment rate,Total - Gender,15 years and over,Estimate,Seasonally adjusted,Percent,239,units,0,v2063004,2.7.1.1.1.1,15.9,,,,1
2000-06,Newfoundland and Labrador,2021A000210,Unemployment rate,Total - Gender,15 years and over,Estimate,Seasonally adjusted,Percent,239,units,0,v2063004,2.7.1.1.1.1,16,,,,1
2000-07,Newfoundland and Labrador,2021A000210,Unemployment rate,Total - Gender,15 years and over,Estimate,Seasonally adjusted,Percent,239,units,0,v2063004,2.7.1.1.1.1,16.3,,,,1
2000-08,Newfoundland and Labrador,2021A000210,Unemployment rate,Total - Gender,15 years and over,Estimate,Seasonally adjusted,Percent,239,units,0,v2063004,2.7.1.1.1.1,16,,,,1
2000-09,Newfoundland and Labrador,2021A000210,Unemployment rate,Total - Gender,15 years and over,Estimate,Seasonally adjusted,Percent,239,units,0,v2063004,2.7.1.1.1.1,16.7,,,,1
2000-10,Newfoundland and Labrador,2021A000210,Unemployment rate,Total - Gender,15 years and over,Estimate,Seasonally adjusted,Percent,239,units,0,v2063004,2.7.1.1.1.1,16.4,,,,1
2000-11,Newfoundland and Labrador,2021A000210,Unemployment rate,Total - Gender,15 years and over,Estimate,Seasonally adjusted,Percent,239,units,0,v2063004,2.7.1.1.1.1,17.1,,,,1
2000-12,Newfoundland and Labrador,2021A000210,Unemployment rate,Total - Gender,15 years and over,Estimate,Seasonally adjusted,Percent,239,units,0,v2063004,2.7.1.1.1.1,17.1,,,,1
2001-01,Newfoundland and Labrador,2021A000210,Unemployment rate,Total - Gender,15 years and over,Estimate,Seasonally adjusted,Percent,239,units,0,v2063004,2.7.1.1.1.1,15,,,,1
2001-02,Newfoundland and Labrador,2021A000210,Unemployment rate,Total - Gender,15 years and over,Estimate,Seasonally adjusted,Percent,239,units,0,v2063004,2.7.1.1.1.1,15.8,,,,1
2001-03,Newfoundland and Labrador,2021A000210,Unemployment rate,Total - Gender,15 years and over,Estimate,Seasonally adjusted,Percent,239,units,0,v2063004,2.7.1.1.1.1,16.1,,,,1
2001-04,Newfoundland and Labrador,2021A000210,Unemployment rate,Total - Gender,15 years and over,Estimate,Seasonally adjusted,Percent,239,units,0,v2063004,2.7.1.1.1.1,17.7,,,,1
2001-05,Newfoundland and Labrador,2021A000210,Unemployment rate,Total - Gender,15 years and over,Estimate,Seasonally adjusted,Percent,239,units,0,v2063004,2.7.1.1.1.1,15.5,,,,1
2001-06,Newfoundland and Labrador,2021A000210,Unemployment rate,Total - Gender,15 years and over,Estimate,Seasonally adjusted,Percent,239,units,0,v2063004,2.7.1.1.1.1,16,,,,1
2001-07,Newfoundland and Labrador,2021A000210,Unemployment rate,Total - Gender,15 years and over,Estimate,Seasonally adjusted,Percent,239,units,0,v2063004,2.7.1.1.1.1,16.2,,,,1
2001-08,Newfoundland and Labrador,2021A000210,Unemployment rate,Total - Gender,15 years and over,Estimate,Seasonally adjusted,Percent,239,units,0,v2063004,2.7.1.1.1.1,16.6,,,,1
2001-09,Newfoundland and Labrador,2021A000210,Unemployment rate,Total - Gender,15 years and over,Estimate,Seasonally adjusted,Percent,239,units,0,v2063004,2.7.1.1.1.1,15.7,,,,1
2001-10,Newfoundland and Labrador,2021A000210,Unemployment rate,Total - Gender,15 years and over,Estimate,Seasonally adjusted,Percent,239,units,0,v2063004,2.7.1.1.1.1,16.1,,,,1
2001-11,Newfoundland and Labrador,2021A000210,Unemployment rate,Total - Gender,15 years and over,Estimate,Seasonally adjusted,Percent,239,units,0,v2063004,2.7.1.1.1.1,15.4,,,,1
2001-12,Newfoundland and Labrador,2021A000210,Unemployment rate,Total - Gender,15 years and over,Estimate,Seasonally adjusted,Percent,239,units,0,v2063004,2.7.1.1.1.1,16,,,,1
2002-01,Newfoundland and Labrador,2021A000210,Unemployment rate,Total - Gender,15 years and over,Estimate,Seasonally adjusted,Percent,239,units,0,v2063004,2.7.1.1.1.1,16.4,,,,1
2002-02,Newfoundland and Labrador,2021A000210,Unemployment rate,Total - Gender,15 years and over,Estimate,Seasonally adjusted,Percent,239,units,0,v2063004,2.7.1.1.1.1,17.2,,,,1
2002-03,Newfoundland and Labrador,2021A000210,Unemployment rate,Total - Gender,15 years and over,Estimate,Seasonally adjusted,Percent,239,units,0,v2063004,2.7.1.1.1.1,16.5,,,,1
2002-04,Newfoundland and Labrador,2021A000210,Unemployment rate,Total - Gender,15 years and over,Estimate,Seasonally adjusted,Percent,239,units,0,v2063004,2.7.1.1.1.1,15,,,,1
2002-05,Newfoundland and Labrador,2021A000210,Unemployment rate,Total - Gender,15 years and over,Estimate,Seasonally adjusted,Percent,239,units,0,v2063004,2.7.1.1.1.1,17.3,,,,1
2002-06,Newfoundland and Labrador,2021A000210,Unemployment rate,Total - Gender,15 years and over,Estimate,Seasonally adjusted,Percent,239,units,0,v2063004,2.7.1.1.1.1,16.6,,,,1
2002-07,Newfoundland and Labrador,2021A000210,Unemployment rate,Total - Gender,15 years and over,Estimate,Seasonally adjusted,Percent,239,units,0,v2063004,2.7.1.1.1.1,15.8,,,,1
2002-08,Newfoundland and Labrador,2021A000210,Unemployment rate,Total - Gender,15 years and over,Estimate,Seasonally adjusted,Percent,239,units,0,v2063004,2.7.1.1.1.1,16.4,,,,1
2002-09,Newfoundland and Labrador,2021A000210,Unemployment rate,Total - Gender,15 years and over,Estimate,Seasonally adjusted,Percent,239,units,0,v2063004,2.7.1.1.1.1,17,,,,1
2002-10,Newfoundland and Labrador,2021A000210,Unemployment rate,Total - Gender,15 years and over,Estimate,Seasonally adjusted,Percent,239,units,0,v2063004,2.7.1.1.1.1,17.6,,,,1
2002-11,Newfoundland and Labrador,2021A000210,Unemployment rate,Total - Gender,15 years and over,Estimate,Seasonally adjusted,Percent,239,units,0,v2063004,2.7.1.1.1.1,17.4,,,,1
2002-12,Newfoundland and Labrador,2021A000210,Unemployment rate,Total - Gender,15 years and over,Estimate,Seasonally adjusted,Percent,239,units,0,v2063004,2.7.1.1.1.1,17.5,,,,1
2003-01,Newfoundland and Labrador,2021A000210,Unemployment rate,Total - Gender,15 years and over,Estimate,Seasonally adjusted,Percent,239,units,0,v2063004,2.7.1.1.1.1,17.6,,,,1
2003-02,Newfoundland and Labrador,2021A000210,Unemployment rate,Total - Gender,15 years and over,Estimate,Seasonally adjusted,Percent,239,units,0,v2063004,2.7.1.1.1.1,17.1,,,,1
2003-03,Newfoundland and Labrador,2021A000210,Unemployment rate,Total - Gender,15 years and over,Estimate,Seasonally adjusted,Percent,239,units,0,v2063004,2.7.1.1.1.1,16.7,,,,1
2003-04,Newfoundland and Labrador,2021A000210,Unemployment rate,Total - Gender,15 years and over,Estimate,Seasonally adjusted,Percent,239,units,0,v2063004,2.7.1.1.1.1,16.4,,,,1
2003-05,Newfoundland and Labrador,2021A000210,Unemployment rate,Total - Gender,15 years and over,Estimate,Seasonally adjusted,Percent,239,units,0,v2063004,2.7.1.1.1.1,15.8,,,,1
2003-06,Newfoundland and Labrador,2021A000210,Unemployment rate,Total - Gender,15 years and over,Estimate,Seasonally adjusted,Percent,239,units,0,v2063004,2.7.1.1.1.1,15.5,,,,1
2003-07,Newfoundland and Labrador,2021A000210,Unemployment rate,Total - Gender,15 years and over,Estimate,Seasonally adjusted,Percent,239,units,0,v2063004,2.7.1.1.1.1,16.6,,,,1
2003-08,Newfoundland and Labrador,2021A000210,Unemployment rate,Total - Gender,15 years and over,Estimate,Seasonally adjusted,Percent,239,units,0,v2063004,2.7.1.1.1.1,15.8,,,,1
2003-09,Newfoundland and Labrador,2021A000210,Unemployment rate,Total - Gender,15 years and over,Estimate,Seasonally adjusted,Percent,239,units,0,v2063004,2.7.1.1.1.1,16.6,,,,1
2003-10,Newfoundland and Labrador,2021A000210,Unemployment rate,Total - Gender,15 years and over,Estimate,Seasonally adjusted,Percent,239,units,0,v2063004,2.7.1.1.1.1,16.3,,,,1
2003-11,Newfoundland and Labrador,2021A000210,Unemployment rate,Total - Gender,15 years and over,Estimate,Seasonally adjusted,Percent,239,units,0,v2063004,2.7.1.1.1.1,17.2,,,,1
2003-12,Newfoundland and Labrador,2021A000210,Unemployment rate,Total - Gender,15 years and over,Estimate,Seasonally adjusted,Percent,239,units,0,v2063004,2.7.1.1.1.1,17.5,,,,1
2004-01,Newfoundland and Labrador,2021A000210,Unemployment rate,Total - Gender,15 years and over,Estimate,Seasonally adjusted,Percent,239,units,0,v2063004,2.7.1.1.1.1,16,,,,1
2004-02,Newfoundland and Labrador,2021A000210,Unemployment rate,Total - Gender,15 years and over,Estimate,Seasonally adjusted,Percent,239,units,0,v2063004,2.7.1.1.1.1,15.4,,,,1
2004-03,Newfoundland and Labrador,2021A000210,Unemployment rate,Total - Gender,15 years and over,Estimate,Seasonally adjusted,Percent,239,units,0,v2063004,2.7.1.1.1.1,15.5,,,,1
2004-04,Newfoundland and Labrador,2021A000210,Unemployment rate,Total - Gender,15 years and over,Estimate,Seasonally adjusted,Percent,239,units,0,v2063004,2.7.1.1.1.1,15.6,,,,1
2004-05,Newfoundland and Labrador,2021A000210,Unemployment rate,Total - Gender,15 years and over,Estimate,Seasonally adjusted,Percent,239,units,0,v2063004,2.7.1.1.1.1,15.7,,,,1
2004-06,Newfoundland and Labrador,2021A000210,Unemployment rate,Total - Gender,15 years and over,Estimate,Seasonally adjusted,Percent,239,units,0,v2063004,2.7.1.1.1.1,16.3,,,,1
2004-07,Newfoundland and Labrador,2021A000210,Unemployment rate,Total - Gender,15 years and over,Estimate,Seasonally adjusted,Percent,239,units,0,v2063004,2.7.1.1.1.1,15,,,,1
2004-08,Newfoundland and Labrador,2021A000210,Unemployment rate,Total - Gender,15 years and over,Estimate,Seasonally adjusted,Percent,239,units,0,v2063004,2.7.1.1.1.1,15,,,,1
2004-09,Newfoundland and Labrador,2021A000210,Unemployment rate,Total - Gender,15 years and over,Estimate,Seasonally adjusted,Percent,239,units,0,v2063004,2.7.1.1.1.1,15.7,,,,1
2004-10,Newfoundland and Labrador,2021A000210,Unemployment rate,Total - Gender,15 years and over,Estimate,Seasonally adjusted,Percent,239,units,0,v2063004,2.7.1.1.1.1,15.3,,,,1
2004-11,Newfoundland and Labrador,2021A000210,Unemployment rate,Total - Gender,15 years and over,Estimate,Seasonally adjusted,Percent,239,units,0,v2063004,2.7.1.1.1.1,15.9,,,,1
2004-12,Newfoundland and Labrador,2021A000210,Unemployment rate,Total - Gender,15 years and over,Estimate,Seasonally adjusted,Percent,239,units,0,v2063004,2.7.1.1.1.1,14.5,,,,1
2005-01,Newfoundland and Labrador,2021A000210,Unemployment rate,Total - Gender,15 years and over,Estimate,Seasonally adjusted,Percent,239,units,0,v2063004,2.7.1.1.1.1,14.2,,,,1
2005-02,Newfoundland and Labrador,2021A000210,Unemployment rate,Total - Gender,15 years and over,Estimate,Seasonally adjusted,Percent,239,units,0,v2063004,2.7.1.1.1.1,15.4,,,,1
2005-03,Newfoundland and Labrador,2021A000210,Unemployment rate,Total - Gender,15 years and over,Estimate,Seasonally adjusted,Percent,239,units,0,v2063004,2.7.1.1.1.1,14.7,,,,1
2005-04,Newfoundland and Labrador,2021A000210,Unemployment rate,Total - Gender,15 years and over,Estimate,Seasonally adjusted,Percent,239,units,0,v2063004,2.7.1.1.1.1,15.6,,,,1
2005-05,Newfoundland and Labrador,2021A000210,Unemployment rate,Total - Gender,15 years and over,Estimate,Seasonally adjusted,Percent,239,units,0,v2063004,2.7.1.1.1.1,15.8,,,,1
2005-06,Newfoundland and Labrador,2021A000210,Unemployment rate,Total - Gender,15 years and over,Estimate,Seasonally adjusted,Percent,239,units,0,v2063004,2.7.1.1.1.1,14.3,,,,1
2005-07,Newfoundland and Labrador,2021A000210,Unemployment rate,Total - Gender,15 years and over,Estimate,Seasonally adjusted,Percent,239,units,0,v2063004,2.7.1.1.1.1,14.6,,,,1
2005-08,Newfoundland and Labrador,2021A000210,Unemployment rate,Total - Gender,15 years and over,Estimate,Seasonally adjusted,Percent,239,units,0,v2063004,2.7.1.1.1.1,15.9,,,,1
2005-09,Newfoundland and Labrador,2021A000210,Unemployment rate,Total - Gender,15 years and over,Estimate,Seasonally adjusted,Percent,239,units,0,v2063004,2.7.1.1.1.1,15.2,,,,1
2005-10,Newfoundland and Labrador,2021A000210,Unemployment rate,Total - Gender,15 years and over,Estimate,Seasonally adjusted,Percent,239,units,0,v2063004,2.7.1.1.1.1,15.3,,,,1
2005-11,Newfoundland and Labrador,2021A000210,Unemployment rate,Total - Gender,15 years and over,Estimate,Seasonally adjusted,Percent,239,units,0,v2063004,2.7.1.1.1.1,14.9,,,,1
2005-12,Newfoundland and Labrador,2021A000210,Unemployment rate,Total - Gender,15 years and over,Estimate,Seasonally adjusted,Percent,239,units,0,v2063004,2.7.1.1.1.1,15.8,,,,1
2006-01,Newfoundland and Labrador,2021A000210,Unemployment rate,Total - Gender,15 years and over,Estimate,Seasonally adjusted,Percent,239,units,0,v2063004,2.7.1.1.1.1,16,,,,1
2006-02,Newfoundland and Labrador,2021A000210,Unemployment rate,Total - Gender,15 years and over,Estimate,Seasonally adjusted,Percent,239,units,0,v2063004,2.7.1.1.1.1,15,,,,1
2006-03,Newfoundland and Labrador,2021A000210,Unemployment rate,Total - Gender,15 years and over,Estimate,Seasonally adjusted,Percent,239,units,0,v2063004,2.7.1.1.1.1,15.6,,,,1
2006-04,Newfoundland and Labrador,2021A000210,Unemployment rate,Total - Gender,15 years and over,Estimate,Seasonally adjusted,Percent,239,units,0,v2063004,2.7.1.1.1.1,15.6,,,,1
2006-05,Newfoundland and Labrador,2021A000210,Unemployment rate,Total - Gender,15 years and over,Estimate,Seasonally adjusted,Percent,239,units,0,v2063004,2.7.1.1.1.1,15.3,,,,1
2006-06,Newfoundland and Labrador,2021A000210,Unemployment rate,Total - Gender,15 years and over,Estimate,Seasonally adjusted,Percent,239,units,0,v2063004,2.7.1.1.1.1,14.9,,,,1
2006-07,Newfoundland and Labrador,2021A000210,Unemployment rate,Total - Gender,15 years and over,Estimate,Seasonally adjusted,Percent,239,units,0,v2063004,2.7.1.1.1.1,15.2,,,,1
2006-08,Newfoundland and Labrador,2021A000210,Unemployment rate,Total - Gender,15 years and over,Estimate,Seasonally adjusted,Percent,239,units,0,v2063004,2.7.1.1.1.1,15.9,,,,1
2006-09,Newfoundland and Labrador,2021A000210,Unemployment rate,Total - Gender,15 years and over,Estimate,Seasonally adjusted,Percent,239,units,0,v2063004,2.7.1.1.1.1,14.2,,,,1
2006-10,Newfoundland and Labrador,2021A000210,Unemployment rate,Total - Gender,15 years and over,Estimate,Seasonally adjusted,Percent,239,units,0,v2063004,2.7.1.1.1.1,14.1,,,,1
2006-11,Newfoundland and Labrador,2021A000210,Unemployment rate,Total - Gender,15 years and over,Estimate,Seasonally adjusted,Percent,239,units,0,v2063004,2.7.1.1.1.1,13.5,,,,1
2006-12,Newfoundland and Labrador,2021A000210,Unemployment rate,Total - Gender,15 years and over,Estimate,Seasonally adjusted,Percent,239,units,0,v2063004,2.7.1.1.1.1,14.3,,,,1
2007-01,Newfoundland and Labrador,2021A000210,Unemployment rate,Total - Gender,15 years and over,Estimate,Seasonally adjusted,Percent,239,units,0,v2063004,2.7.1.1.1.1,15.4,,,,1
2007-02,Newfoundland and Labrador,2021A000210,Unemployment rate,Total - Gender,15 years and over,Estimate,Seasonally adjusted,Percent,239,units,0,v2063004,2.7.1.1.1.1,14.3,,,,1
2007-03,Newfoundland and Labrador,2021A000210,Unemployment rate,Total - Gender,15 years and over,Estimate,Seasonally adjusted,Percent,239,units,0,v2063004,2.7.1.1.1.1,14.7,,,,1
2007-04,Newfoundland and Labrador,2021A000210,Unemployment rate,Total - Gender,15 years and over,Estimate,Seasonally adjusted,Percent,239,units,0,v2063004,2.7.1.1.1.1,13.5,,,,1
2007-05,Newfoundland and Labrador,2021A000210,Unemployment rate,Total - Gender,15 years and over,Estimate,Seasonally adjusted,Percent,239,units,0,v2063004,2.7.1.1.1.1,13.4,,,,1
2007-06,Newfoundland and Labrador,2021A000210,Unemployment rate,Total - Gender,15 years and over,Estimate,Seasonally adjusted,Percent,239,units,0,v2063004,2.7.1.1.1.1,13.6,,,,1
2007-07,Newfoundland and Labrador,2021A000210,Unemployment rate,Total - Gender,15 years and over,Estimate,Seasonally adjusted,Percent,239,units,0,v2063004,2.7.1.1.1.1,13.4,,,,1
2007-08,Newfoundland and Labrador,2021A000210,Unemployment rate,Total - Gender,15 years and over,Estimate,Seasonally adjusted,Percent,239,units,0,v2063004,2.7.1.1.1.1,13.2,,,,1
2007-09,Newfoundland and Labrador,2021A000210,Unemployment rate,Total - Gender,15 years and over,Estimate,Seasonally adjusted,Percent,239,units,0,v2063004,2.7.1.1.1.1,13.1,,,,1
2007-10,Newfoundland and Labrador,2021A000210,Unemployment rate,Total - Gender,15 years and over,Estimate,Seasonally adjusted,Percent,239,units,0,v2063004,2.7.1.1.1.1,13.7,,,,1
2007-11,Newfoundland and Labrador,2021A000210,Unemployment rate,Total - Gender,15 years and over,Estimate,Seasonally adjusted,Percent,239,units,0,v2063004,2.7.1.1.1.1,12.7,,,,1
2007-12,Newfoundland and Labrador,2021A000210,Unemployment rate,Total - Gender,15 years and over,Estimate,Seasonally adjusted,Percent,239,units,0,v2063004,2.7.1.1.1.1,12.9,,,,1
2008-01,Newfoundland and Labrador,2021A000210,Unemployment rate,Total - Gender,15 years and over,Estimate,Seasonally adjusted,Percent,239,units,0,v2063004,2.7.1.1.1.1,12.5,,,,1
2008-02,Newfoundland and Labrador,2021A000210,Unemployment rate,Total - Gender,15 years and over,Estimate,Seasonally adjusted,Percent,239,units,0,v2063004,2.7.1.1.1.1,13.6,,,,1
2008-03,Newfoundland and Labrador,2021A000210,Unemployment rate,Total - Gender,15 years and over,Estimate,Seasonally adjusted,Percent,239,units,0,v2063004,2.7.1.1.1.1,13.1,,,,1
2008-04,Newfoundland and Labrador,2021A000210,Unemployment rate,Total - Gender,15 years and over,Estimate,Seasonally adjusted,Percent,239,units,0,v2063004,2.7.1.1.1.1,13.7,,,,1
2008-05,Newfoundland and Labrador,2021A000210,Unemployment rate,Total - Gender,15 years and over,Estimate,Seasonally adjusted,Percent,239,units,0,v2063004,2.7.1.1.1.1,13,,,,1
2008-06,Newfoundland and Labrador,2021A000210,Unemployment rate,Total - Gender,15 years and over,Estimate,Seasonally adjusted,Percent,239,units,0,v2063004,2.7.1.1.1.1,13.2,,,,1
2008-07,Newfoundland and Labrador,2021A000210,Unemployment rate,Total - Gender,15 years and over,Estimate,Seasonally adjusted,Percent,239,units,0,v2063004,2.7.1.1.1.1,12.5,,,,1
2008-08,Newfoundland and Labrador,2021A000210,Unemployment rate,Total - Gender,15 years and over,Estimate,Seasonally adjusted,Percent,239,units,0,v2063004,2.7.1.1.1.1,13.4,,,,1
2008-09,Newfoundland and Labrador,2021A000210,Unemployment rate,Total - Gender,15 years and over,Estimate,Seasonally adjusted,Percent,239,units,0,v2063004,2.7.1.1.1.1,14.1,,,,1
2008-10,Newfoundland and Labrador,2021A000210,Unemployment rate,Total - Gender,15 years and over,Estimate,Seasonally adjusted,Percent,239,units,0,v2063004,2.7.1.1.1.1,14.1,,,,1
2008-11,Newfoundland and Labrador,2021A000210,Unemployment rate,Total - Gender,15 years and over,Estimate,Seasonally adjusted,Percent,239,units,0,v2063004,2.7.1.1.1.1,14.2,,,,1
2008-12,Newfoundland and Labrador,2021A000210,Unemployment rate,Total - Gender,15 years and over,Estimate,Seasonally adjusted,Percent,239,units,0,v2063004,2.7.1.1.1.1,14,,,,1
2009-01,Newfoundland and Labrador,2021A000210,Unemployment rate,Total - Gender,15 years and over,Estimate,Seasonally adjusted,Percent,239,units,0,v2063004,2.7.1.1.1.1,14.7,,,,1
2009-02,Newfoundland and Labrador,2021A000210,Unemployment rate,Total - Gender,15 years and over,Estimate,Seasonally adjusted,Percent,239,units,0,v2063004,2.7.1.1.1.1,15.7,,,,1
2009-03,Newfoundland and Labrador,2021A000210,Unemployment rate,Total - Gender,15 years and over,Estimate,Seasonally adjusted,Percent,239,units,0,v2063004,2.7.1.1.1.1,14.6,,,,1
2009-04,Newfoundland and Labrador,2021A000210,Unemployment rate,Total - Gender,15 years and over,Estimate,Seasonally adjusted,Percent,239,units,0,v2063004,2.7.1.1.1.1,15.2,,,,1
2009-05,Newfoundland and Labrador,2021A000210,Unemployment rate,Total - Gender,15 years and over,Estimate,Seasonally adjusted,Percent,239,units,0,v2063004,2.7.1.1.1.1,15.7,,,,1
2009-06,Newfoundland and Labrador,2021A000210,Unemployment rate,Total - Gender,15 years and over,Estimate,Seasonally adjusted,Percent,239,units,0,v2063004,2.7.1.1.1.1,16,,,,1
2009-07,Newfoundland and Labrador,2021A000210,Unemployment rate,Total - Gender,15 years and over,Estimate,Seasonally adjusted,Percent,239,units,0,v2063004,2.7.1.1.1.1,18.1,,,,1
2009-08,Newfoundland and Labrador,2021A000210,Unemployment rate,Total - Gender,15 years and over,Estimate,Seasonally adjusted,Percent,239,units,0,v2063004,2.7.1.1.1.1,16.3,,,,1
2009-09,Newfoundland and Labrador,2021A000210,Unemployment rate,Total - Gender,15 years and over,Estimate,Seasonally adjusted,Percent,239,units,0,v2063004,2.7.1.1.1.1,16.1,,,,1
2009-10,Newfoundland and Labrador,2021A000210,Unemployment rate,Total - Gender,15 years and over,Estimate,Seasonally adjusted,Percent,239,units,0,v2063004,2.7.1.1.1.1,16.7,,,,1
2009-11,Newfoundland and Labrador,2021A000210,Unemployment rate,Total - Gender,15 years and over,Estimate,Seasonally adjusted,Percent,239,units,0,v2063004,2.7.1.1.1.1,15.6,,,,1
2009-12,Newfoundland and Labrador,2021A000210,Unemployment rate,Total - Gender,15 years and over,Estimate,Seasonally adjusted,Percent,239,units,0,v2063004,2.7.1.1.1.1,15.7,,,,1
2010-01,Newfoundland and Labrador,2021A000210,Unemployment rate,Total - Gender,15 years and over,Estimate,Seasonally adjusted,Percent,239,units,0,v2063004,2.7.1.1.1.1,15.3,,,,1
2010-02,Newfoundland and Labrador,2021A000210,Unemployment rate,Total - Gender,15 years and over,Estimate,Seasonally adjusted,Percent,239,units,0,v2063004,2.7.1.1.1.1,15,,,,1
2010-03,Newfoundland and Labrador,2021A000210,Unemployment rate,Total - Gender,15 years and over,Estimate,Seasonally adjusted,Percent,239,units,0,v2063004,2.7.1.1.1.1,16,,,,1
2010-04,Newfoundland and Labrador,2021A000210,Unemployment rate,Total - Gender,15 years and over,Estimate,Seasonally adjusted,Percent,239,units,0,v2063004,2.7.1.1.1.1,15.7,,,,1
2010-05,Newfoundland and Labrador,2021A000210,Unemployment rate,Total - Gender,15 years and over,Estimate,Seasonally adjusted,Percent,239,units,0,v2063004,2.7.1.1.1.1,14.8,,,,1
2010-06,Newfoundland and Labrador,2021A000210,Unemployment rate,Total - Gender,15 years and over,Estimate,Seasonally adjusted,Percent,239,units,0,v2063004,2.7.1.1.1.1,14.9,,,,1
2010-07,Newfoundland and Labrador,2021A000210,Unemployment rate,Total - Gender,15 years and over,Estimate,Seasonally adjusted,Percent,239,units,0,v2063004,2.7.1.1.1.1,15.4,,,,1
2010-08,Newfoundland and Labrador,2021A000210,Unemployment rate,Total - Gender,15 years and over,Estimate,Seasonally adjusted,Percent,239,units,0,v2063004,2.7.1.1.1.1,14,,,,1
2010-09,Newfoundland and Labrador,2021A000210,Unemployment rate,Total - Gender,15 years and over,Estimate,Seasonally adjusted,Percent,239,units,0,v2063004,2.7.1.1.1.1,14,,,,1
2010-10,Newfoundland and Labrador,2021A000210,Unemployment rate,Total - Gender,15 years and over,Estimate,Seasonally adjusted,Percent,239,units,0,v2063004,2.7.1.1.1.1,13.6,,,,1
2010-11,Newfoundland and Labrador,2021A000210,Unemployment rate,Total - Gender,15 years and over,Estimate,Seasonally adjusted,Percent,239,units,0,v2063004,2.7.1.1.1.1,14,,,,1
2010-12,Newfoundland and Labrador,2021A000210,Unemployment rate,Total - Gender,15 years and over,Estimate,Seasonally adjusted,Percent,239,units,0,v2063004,2.7.1.1.1.1,14.3,,,,1
2011-01,Newfoundland and Labrador,2021A000210,Unemployment rate,Total - Gender,15 years and over,Estimate,Seasonally adjusted,Percent,239,units,0,v2063004,2.7.1.1.1.1,12.5,,,,1
2011-02,Newfoundland and Labrador,2021A000210,Unemployment rate,Total - Gender,15 years and over,Estimate,Seasonally adjusted,Percent,239,units,0,v2063004,2.7.1.1.1.1,12.4,,,,1
2011-03,Newfoundland and Labrador,2021A000210,Unemployment rate,Total - Gender,15 years and over,Estimate,Seasonally adjusted,Percent,239,units,0,v2063004,2.7.1.1.1.1,12.4,,,,1
2011-04,Newfoundland and Labrador,2021A000210,Unemployment rate,Total - Gender,15 years and over,Estimate,Seasonally adjusted,Percent,239,units,0,v2063004,2.7.1.1.1.1,11.7,,,,1
2011-05,Newfoundland and Labrador,2021A000210,Unemployment rate,Total - Gender,15 years and over,Estimate,Seasonally adjusted,Percent,239,units,0,v2063004,2.7.1.1.1.1,12.8,,,,1
2011-06,Newfoundland and Labrador,2021A000210,Unemployment rate,Total - Gender,15 years and over,Estimate,Seasonally adjusted,Percent,239,units,0,v2063004,2.7.1.1.1.1,13.1,,,,1
2011-07,Newfoundland and Labrador,2021A000210,Unemployment rate,Total - Gender,15 years and over,Estimate,Seasonally adjusted,Percent,239,units,0,v2063004,2.7.1.1.1.1,12.7,,,,1
2011-08,Newfoundland and Labrador,2021A000210,Unemployment rate,Total - Gender,15 years and over,Estimate,Seasonally adjusted,Percent,239,units,0,v2063004,2.7.1.1.1.1,13.7,,,,1
2011-09,Newfoundland and Labrador,2021A000210,Unemployment rate,Total - Gender,15 years and over,Estimate,Seasonally adjusted,Percent,239,units,0,v2063004,2.7.1.1.1.1,13.9,,,,1
2011-10,Newfoundland and Labrador,2021A000210,Unemployment rate,Total - Gender,15 years and over,Estimate,Seasonally adjusted,Percent,239,units,0,v2063004,2.7.1.1.1.1,14,,,,1
2011-11,Newfoundland and Labrador,2021A000210,Unemployment rate,Total - Gender,15 years and over,Estimate,Seasonally adjusted,Percent,239,units,0,v2063004,2.7.1.1.1.1,13.5,,,,1
2011-12,Newfoundland and Labrador,2021A000210,Unemployment rate,Total - Gender,15 years and over,Estimate,Seasonally adjusted,Percent,239,units,0,v2063004,2.7.1.1.1.1,13.3,,,,1
2012-01,Newfoundland and Labrador,2021A000210,Unemployment rate,Total - Gender,15 years and over,Estimate,Seasonally adjusted,Percent,239,units,0,v2063004,2.7.1.1.1.1,13.8,,,,1
2012-02,Newfoundland and Labrador,2021A000210,Unemployment rate,Total - Gender,15 years and over,Estimate,Seasonally adjusted,Percent,239,units,0,v2063004,2.7.1.1.1.1,13.2,,,,1
2012-03,Newfoundland and Labrador,2021A000210,Unemployment rate,Total - Gender,15 years and over,Estimate,Seasonally adjusted,Percent,239,units,0,v2063004,2.7.1.1.1.1,12.8,,,,1
2012-04,Newfoundland and Labrador,2021A000210,Unemployment rate,Total - Gender,15 years and over,Estimate,Seasonally adjusted,Percent,239,units,0,v2063004,2.7.1.1.1.1,12.5,,,,1
2012-05,Newfoundland and Labrador,2021A000210,Unemployment rate,Total - Gender,15 years and over,Estimate,Seasonally adjusted,Percent,239,units,0,v2063004,2.7.1.1.1.1,12.6,,,,1
2012-06,Newfoundland and Labrador,2021A000210,Unemployment rate,Total - Gender,15 years and over,Estimate,Seasonally adjusted,Percent,239,units,0,v2063004,2.7.1.1.1.1,13.3,,,,1
2012-07,Newfoundland and Labrador,2021A000210,Unemployment rate,Total - Gender,15 years and over,Estimate,Seasonally adjusted,Percent,239,units,0,v2063004,2.7.1.1.1.1,13,,,,1
2012-08,Newfoundland and Labrador,2021A000210,Unemployment rate,Total - Gender,15 years and over,Estimate,Seasonally adjusted,Percent,239,units,0,v2063004,2.7.1.1.1.1,13.4,,,,1
2012-09,Newfoundland and Labrador,2021A000210,Unemployment rate,Total - Gender,15 years and over,Estimate,Seasonally adjusted,Percent,239,units,0,v2063004,2.7.1.1.1.1,12.2,,,,1
2012-10,Newfoundland and Labrador,2021A000210,Unemployment rate,Total - Gender,15 years and over,Estimate,Seasonally adjusted,Percent,239,units,0,v2063004,2.7.1.1.1.1,11.5,,,,1
2012-11,Newfoundland and Labrador,2021A000210,Unemployment rate,Total - Gender,15 years and over,Estimate,Seasonally adjusted,Percent,239,units,0,v2063004,2.7.1.1.1.1,12.3,,,,1
2012-12,Newfoundland and Labrador,2021A000210,Unemployment rate,Total - Gender,15 years and over,Estimate,Seasonally adjusted,Percent,239,units,0,v2063004,2.7.1.1.1.1,11.7,,,,1
2013-01,Newfoundland and Labrador,2021A000210,Unemployment rate,Total - Gender,15 years and over,Estimate,Seasonally adjusted,Percent,239,units,0,v2063004,2.7.1.1.1.1,12.1,,,,1
2013-02,Newfoundland and Labrador,2021A000210,Unemployment rate,Total - Gender,15 years and over,Estimate,Seasonally adjusted,Percent,239,units,0,v2063004,2.7.1.1.1.1,12,,,,1
2013-03,Newfoundland and Labrador,2021A000210,Unemployment rate,Total - Gender,15 years and over,Estimate,Seasonally adjusted,Percent,239,units,0,v2063004,2.7.1.1.1.1,12.5,,,,1
2013-04,Newfoundland and Labrador,2021A000210,Unemployment rate,Total - Gender,15 years and over,Estimate,Seasonally adjusted,Percent,239,units,0,v2063004,2.7.1.1.1.1,13,,,,1
2013-05,Newfoundland and Labrador,2021A000210,Unemployment rate,Total - Gender,15 years and over,Estimate,Seasonally adjusted,Percent,239,units,0,v2063004,2.7.1.1.1.1,12.1,,,,1
2013-06,Newfoundland and Labrador,2021A000210,Unemployment rate,Total - Gender,15 years and over,Estimate,Seasonally adjusted,Percent,239,units,0,v2063004,2.7.1.1.1.1,11.6,,,,1
2013-07,Newfoundland and Labrador,2021A000210,Unemployment rate,Total - Gender,15 years and over,Estimate,Seasonally adjusted,Percent,239,units,0,v2063004,2.7.1.1.1.1,12,,,,1
2013-08,Newfoundland and Labrador,2021A000210,Unemployment rate,Total - Gender,15 years and over,Estimate,Seasonally adjusted,Percent,239,units,0,v2063004,2.7.1.1.1.1,11.2,,,,1
2013-09,Newfoundland and Labrador,2021A000210,Unemployment rate,Total - Gender,15 years and over,Estimate,Seasonally adjusted,Percent,239,units,0,v2063004,2.7.1.1.1.1,11.2,,,,1
2013-10,Newfoundland and Labrador,2021A000210,Unemployment rate,Total - Gender,15 years and over,Estimate,Seasonally adjusted,Percent,239,units,0,v2063004,2.7.1.1.1.1,11.7,,,,1
2013-11,Newfoundland and Labrador,2021A000210,Unemployment rate,Total - Gender,15 years and over,Estimate,Seasonally adjusted,Percent,239,units,0,v2063004,2.7.1.1.1.1,12.6,,,,1
2013-12,Newfoundland and Labrador,2021A000210,Unemployment rate,Total - Gender,15 years and over,Estimate,Seasonally adjusted,Percent,239,units,0,v2063004,2.7.1.1.1.1,11.6,,,,1
2014-01,Newfoundland and Labrador,2021A000210,Unemployment rate,Total - Gender,15 years and over,Estimate,Seasonally adjusted,Percent,239,units,0,v2063004,2.7.1.1.1.1,12.2,,,,1
2014-02,Newfoundland and Labrador,2021A000210,Unemployment rate,Total - Gender,15 years and over,Estimate,Seasonally adjusted,Percent,239,units,0,v2063004,2.7.1.1.1.1,12.3,,,,1
2014-03,Newfoundland and Labrador,2021A000210,Unemployment rate,Total - Gender,15 years and over,Estimate,Seasonally adjusted,Percent,239,units,0,v2063004,2.7.1.1.1.1,11.8,,,,1
2014-04,Newfoundland and Labrador,2021A000210,Unemployment rate,Total - Gender,15 years and over,Estimate,Seasonally adjusted,Percent,239,units,0,v2063004,2.7.1.1.1.1,12.1,,,,1
2014-05,Newfoundland and Labrador,2021A000210,Unemployment rate,Total - Gender,15 years and over,Estimate,Seasonally adjusted,Percent,239,units,0,v2063004,2.7.1.1.1.1,13.2,,,,1
2014-06,Newfoundland and Labrador,2021A000210,Unemployment rate,Total - Gender,15 years and over,Estimate,Seasonally adjusted,Percent,239,units,0,v2063004,2.7.1.1.1.1,12.8,,,,1
2014-07,Newfoundland and Labrador,2021A000210,Unemployment rate,Total - Gender,15 years and over,Estimate,Seasonally adjusted,Percent,239,units,0,v2063004,2.7.1.1.1.1,13.1,,,,1
2014-08,Newfoundland and Labrador,2021A000210,Unemployment rate,Total - Gender,15 years and over,Estimate,Seasonally adjusted,Percent,239,units,0,v2063004,2.7.1.1.1.1,13.7,,,,1
2014-09,Newfoundland and Labrador,2021A000210,Unemployment rate,Total - Gender,15 years and over,Estimate,Seasonally adjusted,Percent,239,units,0,v2063004,2.7.1.1.1.1,12.8,,,,1
2014-10,Newfoundland and Labrador,2021A000210,Unemployment rate,Total - Gender,15 years and over,Estimate,Seasonally adjusted,Percent,239,units,0,v2063004,2.7.1.1.1.1,12.9,,,,1
2014-11,Newfoundland and Labrador,2021A000210,Unemployment rate,Total - Gender,15 years and over,Estimate,Seasonally adjusted,Percent,239,units,0,v2063004,2.7.1.1.1.1,11.8,,,,1
2014-12,Newfoundland and Labrador,2021A000210,Unemployment rate,Total - Gender,15 years and over,Estimate,Seasonally adjusted,Percent,239,units,0,v2063004,2.7.1.1.1.1,12.1,,,,1
2015-01,Newfoundland and Labrador,2021A000210,Unemployment rate,Total - Gender,15 years and over,Estimate,Seasonally adjusted,Percent,239,units,0,v2063004,2.7.1.1.1.1,11.8,,,,1
2015-02,Newfoundland and Labrador,2021A000210,Unemployment rate,Total - Gender,15 years and over,Estimate,Seasonally adjusted,Percent,239,units,0,v2063004,2.7.1.1.1.1,12.3,,,,1
2015-03,Newfoundland and Labrador,2021A000210,Unemployment rate,Total - Gender,15 years and over,Estimate,Seasonally adjusted,Percent,239,units,0,v2063004,2.7.1.1.1.1,13.4,,,,1
2015-04,Newfoundland and Labrador,2021A000210,Unemployment rate,Total - Gender,15 years and over,Estimate,Seasonally adjusted,Percent,239,units,0,v2063004,2.7.1.1.1.1,13.5,,,,1
2015-05,Newfoundland and Labrador,2021A000210,Unemployment rate,Total - Gender,15 years and over,Estimate,Seasonally adjusted,Percent,239,units,0,v2063004,2.7.1.1.1.1,14.5,,,,1
2015-06,Newfoundland and Labrador,2021A000210,Unemployment rate,Total - Gender,15 years and over,Estimate,Seasonally adjusted,Percent,239,units,0,v2063004,2.7.1.1.1.1,12.5,,,,1
2015-07,Newfoundland and Labrador,2021A000210,Unemployment rate,Total - Gender,15 years and over,Estimate,Seasonally adjusted,Percent,239,units,0,v2063004,2.7.1.1.1.1,12.1,,,,1
2015-08,Newfoundland and Labrador,2021A000210,Unemployment rate,Total - Gender,15 years and over,Estimate,Seasonally adjusted,Percent,239,units,0,v2063004,2.7.1.1.1.1,12.3,,,,1
2015-09,Newfoundland and Labrador,2021A000210,Unemployment rate,Total - Gender,15 years and over,Estimate,Seasonally adjusted,Percent,239,units,0,v2063004,2.7.1.1.1.1,13.9,,,,1
2015-10,Newfoundland and Labrador,2021A000210,Unemployment rate,Total - Gender,15 years and over,Estimate,Seasonally adjusted,Percent,239,units,0,v2063004,2.7.1.1.1.1,13.1,,,,1
2015-11,Newfoundland and Labrador,2021A000210,Unemployment rate,Total - Gender,15 years and over,Estimate,Seasonally adjusted,Percent,239,units,0,v2063004,2.7.1.1.1.1,13.5,,,,1
2015-12,Newfoundland and Labrador,2021A000210,Unemployment rate,Total - Gender,15 years and over,Estimate,Seasonally adjusted,Percent,239,units,0,v2063004,2.7.1.1.1.1,14,,,,1
2016-01,Newfoundland and Labrador,2021A000210,Unemployment rate,Total - Gender,15 years and over,Estimate,Seasonally adjusted,Percent,239,units,0,v2063004,2.7.1.1.1.1,14.5,,,,1
2016-02,Newfoundland and Labrador,2021A000210,Unemployment rate,Total - Gender,15 years and over,Estimate,Seasonally adjusted,Percent,239,units,0,v2063004,2.7.1.1.1.1,14.1,,,,1
2016-03,Newfoundland and Labrador,2021A000210,Unemployment rate,Total - Gender,15 years and over,Estimate,Seasonally adjusted,Percent,239,units,0,v2063004,2.7.1.1.1.1,13.2,,,,1
2016-04,Newfoundland and Labrador,2021A000210,Unemployment rate,Total - Gender,15 years and over,Estimate,Seasonally adjusted,Percent,239,units,0,v2063004,2.7.1.1.1.1,12.8,,,,1
2016-05,Newfoundland and Labrador,2021A000210,Unemployment rate,Total - Gender,15 years and over,Estimate,Seasonally adjusted,Percent,239,units,0,v2063004,2.7.1.1.1.1,12.2,,,,1
2016-06,Newfoundland and Labrador,2021A000210,Unemployment rate,Total - Gender,15 years and over,Estimate,Seasonally adjusted,Percent,239,units,0,v2063004,2.7.1.1.1.1,11.9,,,,1
2016-07,Newfoundland and Labrador,2021A000210,Unemployment rate,Total - Gender,15 years and over,Estimate,Seasonally adjusted,Percent,239,units,0,v2063004,2.7.1.1.1.1,12.9,,,,1
2016-08,Newfoundland and Labrador,2021A000210,Unemployment rate,Total - Gender,15 years and over,Estimate,Seasonally adjusted,Percent,239,units,0,v2063004,2.7.1.1.1.1,12.8,,,,1
2016-09,Newfoundland and Labrador,2021A000210,Unemployment rate,Total - Gender,15 years and over,Estimate,Seasonally adjusted,Percent,239,units,0,v2063004,2.7.1.1.1.1,13.6,,,,1
2016-10,Newfoundland and Labrador,2021A000210,Unemployment rate,Total - Gender,15 years and over,Estimate,Seasonally adjusted,Percent,239,units,0,v2063004,2.7.1.1.1.1,14.8,,,,1
2016-11,Newfoundland and Labrador,2021A000210,Unemployment rate,Total - Gender,15 years and over,Estimate,Seasonally adjusted,Percent,239,units,0,v2063004,2.7.1.1.1.1,14.9,,,,1
2016-12,Newfoundland and Labrador,2021A000210,Unemployment rate,Total - Gender,15 years and over,Estimate,Seasonally adjusted,Percent,239,units,0,v2063004,2.7.1.1.1.1,14.8,,,,1
2017-01,Newfoundland and Labrador,2021A000210,Unemployment rate,Total - Gender,15 years and over,Estimate,Seasonally adjusted,Percent,239,units,0,v2063004,2.7.1.1.1.1,14.5,,,,1
2017-02,Newfoundland and Labrador,2021A000210,Unemployment rate,Total - Gender,15 years and over,Estimate,Seasonally adjusted,Percent,239,units,0,v2063004,2.7.1.1.1.1,14.7,,,,1
2017-03,Newfoundland and Labrador,2021A000210,Unemployment rate,Total - Gender,15 years and over,Estimate,Seasonally adjusted,Percent,239,units,0,v2063004,2.7.1.1.1.1,15.5,,,,1
2017-04,Newfoundland and Labrador,2021A000210,Unemployment rate,Total - Gender,15 years and over,Estimate,Seasonally adjusted,Percent,239,units,0,v2063004,2.7.1.1.1.1,14.8,,,,1
2017-05,Newfoundland and Labrador,2021A000210,Unemployment rate,Total - Gender,15 years and over,Estimate,Seasonally adjusted,Percent,239,units,0,v2063004,2.7.1.1.1.1,15.2,,,,1
2017-06,Newfoundland and Labrador,2021A000210,Unemployment rate,Total - Gender,15 years and over,Estimate,Seasonally adjusted,Percent,239,units,0,v2063004,2.7.1.1.1.1,15.4,,,,1
2017-07,Newfoundland and Labrador,2021A000210,Unemployment rate,Total - Gender,15 years and over,Estimate,Seasonally adjusted,Percent,239,units,0,v2063004,2.7.1.1.1.1,15.3,,,,1
2017-08,Newfoundland and Labrador,2021A000210,Unemployment rate,Total - Gender,15 years and over,Estimate,Seasonally adjusted,Percent,239,units,0,v2063004,2.7.1.1.1.1,15,,,,1
2017-09,Newfoundland and Labrador,2021A000210,Unemployment rate,Total - Gender,15 years and over,Estimate,Seasonally adjusted,Percent,239,units,0,v2063004,2.7.1.1.1.1,15,,,,1
2017-10,Newfoundland and Labrador,2021A000210,Unemployment rate,Total - Gender,15 years and over,Estimate,Seasonally adjusted,Percent,239,units,0,v2063004,2.7.1.1.1.1,15,,,,1
2017-11,Newfoundland and Labrador,2021A000210,Unemployment rate,Total - Gender,15 years and over,Estimate,Seasonally adjusted,Percent,239,units,0,v2063004,2.7.1.1.1.1,15.1,,,,1
2017-12,Newfoundland and Labrador,2021A000210,Unemployment rate,Total - Gender,15 years and over,Estimate,Seasonally adjusted,Percent,239,units,0,v2063004,2.7.1.1.1.1,15.1,,,,1
2018-01,Newfoundland and Labrador,2021A000210,Unemployment rate,Total - Gender,15 years and over,Estimate,Seasonally adjusted,Percent,239,units,0,v2063004,2.7.1.1.1.1,15.1,,,,1
2018-02,Newfoundland and Labrador,2021A000210,Unemployment rate,Total - Gender,15 years and over,Estimate,Seasonally adjusted,Percent,239,units,0,v2063004,2.7.1.1.1.1,15,,,,1
2018-03,Newfoundland and Labrador,2021A000210,Unemployment rate,Total - Gender,15 years and over,Estimate,Seasonally adjusted,Percent,239,units,0,v2063004,2.7.1.1.1.1,14.8,,,,1
2018-04,Newfoundland and Labrador,2021A000210,Unemployment rate,Total - Gender,15 years and over,Estimate,Seasonally adjusted,Percent,239,units,0,v2063004,2.7.1.1.1.1,14.9,,,,1
2018-05,Newfoundland and Labrador,2021A000210,Unemployment rate,Total - Gender,15 years and over,Estimate,Seasonally adjusted,Percent,239,units,0,v2063004,2.7.1.1.1.1,14.5,,,,1
2018-06,Newfoundland and Labrador,2021A000210,Unemployment rate,Total - Gender,15 years and over,Estimate,Seasonally adjusted,Percent,239,units,0,v2063004,2.7.1.1.1.1,14.7,,,,1
2018-07,Newfoundland and Labrador,2021A000210,Unemployment rate,Total - Gender,15 years and over,Estimate,Seasonally adjusted,Percent,239,units,0,v2063004,2.7.1.1.1.1,15,,,,1
2018-08,Newfoundland and Labrador,2021A000210,Unemployment rate,Total - Gender,15 years and over,Estimate,Seasonally adjusted,Percent,239,units,0,v2063004,2.7.1.1.1.1,14.2,,,,1
2018-09,Newfoundland and Labrador,2021A000210,Unemployment rate,Total - Gender,15 years and over,Estimate,Seasonally adjusted,Percent,239,units,0,v2063004,2.7.1.1.1.1,12.7,,,,1
2018-10,Newfoundland and Labrador,2021A000210,Unemployment rate,Total - Gender,15 years and over,Estimate,Seasonally adjusted,Percent,239,units,0,v2063004,2.7.1.1.1.1,11.8,,,,1
2018-11,Newfoundland and Labrador,2021A000210,Unemployment rate,Total - Gender,15 years and over,Estimate,Seasonally adjusted,Percent,239,units,0,v2063004,2.7.1.1.1.1,12.3,,,,1
2018-12,Newfoundland and Labrador,2021A000210,Unemployment rate,Total - Gender,15 years and over,Estimate,Seasonally adjusted,Percent,239,units,0,v2063004,2.7.1.1.1.1,12.1,,,,1
2019-01,Newfoundland and Labrador,2021A000210,Unemployment rate,Total - Gender,15 years and over,Estimate,Seasonally adjusted,Percent,239,units,0,v2063004,2.7.1.1.1.1,11.7,,,,1
2019-02,Newfoundland and Labrador,2021A000210,Unemployment rate,Total - Gender,15 years and over,Estimate,Seasonally adjusted,Percent,239,units,0,v2063004,2.7.1.1.1.1,12.1,,,,1
2019-03,Newfoundland and Labrador,2021A000210,Unemployment rate,Total - Gender,15 years and over,Estimate,Seasonally adjusted,Percent,239,units,0,v2063004,2.7.1.1.1.1,12.3,,,,1
2019-04,Newfoundland and Labrador,2021A000210,Unemployment rate,Total - Gender,15 years and over,Estimate,Seasonally adjusted,Percent,239,units,0,v2063004,2.7.1.1.1.1,11.9,,,,1
2019-05,Newfoundland and Labrador,2021A000210,Unemployment rate,Total - Gender,15 years and over,Estimate,Seasonally adjusted,Percent,239,units,0,v2063004,2.7.1.1.1.1,12.4,,,,1
2019-06,Newfoundland and Labrador,2021A000210,Unemployment rate,Total - Gender,15 years and over,Estimate,Seasonally adjusted,Percent,239,units,0,v2063004,2.7.1.1.1.1,12.8,,,,1
2019-07,Newfoundland and Labrador,2021A000210,Unemployment rate,Total - Gender,15 years and over,Estimate,Seasonally adjusted,Percent,239,units,0,v2063004,2.7.1.1.1.1,12.7,,,,1
2019-08,Newfoundland and Labrador,2021A000210,Unemployment rate,Total - Gender,15 years and over,Estimate,Seasonally adjusted,Percent,239,units,0,v2063004,2.7.1.1.1.1,13.1,,,,1
2019-09,Newfoundland and Labrador,2021A000210,Unemployment rate,Total - Gender,15 years and over,Estimate,Seasonally adjusted,Percent,239,units,0,v2063004,2.7.1.1.1.1,11.4,,,,1
2019-10,Newfoundland and Labrador,2021A000210,Unemployment rate,Total - Gender,15 years and over,Estimate,Seasonally adjusted,Percent,239,units,0,v2063004,2.7.1.1.1.1,12,,,,1
2019-11,Newfoundland and Labrador,2021A000210,Unemployment rate,Total - Gender,15 years and over,Estimate,Seasonally adjusted,Percent,239,units,0,v2063004,2.7.1.1.1.1,12.3,,,,1
2019-12,Newfoundland and Labrador,2021A000210,Unemployment rate,Total - Gender,15 years and over,Estimate,Seasonally adjusted,Percent,239,units,0,v2063004,2.7.1.1.1.1,12.5,,,,1
2020-01,Newfoundland and Labrador,2021A000210,Unemployment rate,Total - Gender,15 years and over,Estimate,Seasonally adjusted,Percent,239,units,0,v2063004,2.7.1.1.1.1,11.9,,,,1
2020-02,Newfoundland and Labrador,2021A000210,Unemployment rate,Total - Gender,15 years and over,Estimate,Seasonally adjusted,Percent,239,units,0,v2063004,2.7.1.1.1.1,12.6,,,,1
2020-03,Newfoundland and Labrador,2021A000210,Unemployment rate,Total - Gender,15 years and over,Estimate,Seasonally adjusted,Percent,239,units,0,v2063004,2.7.1.1.1.1,11.6,,,,1
2020-04,Newfoundland and Labrador,2021A000210,Unemployment rate,Total - Gender,15 years and over,Estimate,Seasonally adjusted,Percent,239,units,0,v2063004,2.7.1.1.1.1,15.6,,,,1
2020-05,Newfoundland and Labrador,2021A000210,Unemployment rate,Total - Gender,15 years and over,Estimate,Seasonally adjusted,Percent,239,units,0,v2063004,2.7.1.1.1.1,17.8,,,,1
2020-06,Newfoundland and Labrador,2021A000210,Unemployment rate,Total - Gender,15 years and over,Estimate,Seasonally adjusted,Percent,239,units,0,v2063004,2.7.1.1.1.1,17.7,,,,1
2020-07,Newfoundland and Labrador,2021A000210,Unemployment rate,Total - Gender,15 years and over,Estimate,Seasonally adjusted,Percent,239,units,0,v2063004,2.7.1.1.1.1,17.3,,,,1
2020-08,Newfoundland and Labrador,2021A000210,Unemployment rate,Total - Gender,15 years and over,Estimate,Seasonally adjusted,Percent,239,units,0,v2063004,2.7.1.1.1.1,14.3,,,,1
2020-09,Newfoundland and Labrador,2021A000210,Unemployment rate,Total - Gender,15 years and over,Estimate,Seasonally adjusted,Percent,239,units,0,v2063004,2.7.1.1.1.1,15,,,,1
2020-10,Newfoundland and Labrador,2021A000210,Unemployment rate,Total - Gender,15 years and over,Estimate,Seasonally adjusted,Percent,239,units,0,v2063004,2.7.1.1.1.1,13.5,,,,1
2020-11,Newfoundland and Labrador,2021A000210,Unemployment rate,Total - Gender,15 years and over,Estimate,Seasonally adjusted,Percent,239,units,0,v2063004,2.7.1.1.1.1,13.3,,,,1
2020-12,Newfoundland and Labrador,2021A000210,Unemployment rate,Total - Gender,15 years and over,Estimate,Seasonally adjusted,Percent,239,units,0,v2063004,2.7.1.1.1.1,13.4,,,,1
2021-01,Newfoundland and Labrador,2021A000210,Unemployment rate,Total - Gender,15 years and over,Estimate,Seasonally adjusted,Percent,239,units,0,v2063004,2.7.1.1.1.1,12.2,,,,1
2021-02,Newfoundland and Labrador,2021A000210,Unemployment rate,Total - Gender,15 years and over,Estimate,Seasonally adjusted,Percent,239,units,0,v2063004,2.7.1.1.1.1,14.9,,,,1
2021-03,Newfoundland and Labrador,2021A000210,Unemployment rate,Total - Gender,15 years and over,Estimate,Seasonally adjusted,Percent,239,units,0,v2063004,2.7.1.1.1.1,12.9,,,,1
2021-04,Newfoundland and Labrador,2021A000210,Unemployment rate,Total - Gender,15 years and over,Estimate,Seasonally adjusted,Percent,239,units,0,v2063004,2.7.1.1.1.1,12.9,,,,1
2021-05,Newfoundland and Labrador,2021A000210,Unemployment rate,Total - Gender,15 years and over,Estimate,Seasonally adjusted,Percent,239,units,0,v2063004,2.7.1.1.1.1,13.1,,,,1
2021-06,Newfoundland and Labrador,2021A000210,Unemployment rate,Total - Gender,15 years and over,Estimate,Seasonally adjusted,Percent,239,units,0,v2063004,2.7.1.1.1.1,13,,,,1
2021-07,Newfoundland and Labrador,2021A000210,Unemployment rate,Total - Gender,15 years and over,Estimate,Seasonally adjusted,Percent,239,units,0,v2063004,2.7.1.1.1.1,13.2,,,,1
2021-08,Newfoundland and Labrador,2021A000210,Unemployment rate,Total - Gender,15 years and over,Estimate,Seasonally adjusted,Percent,239,units,0,v2063004,2.7.1.1.1.1,13.2,,,,1
2021-09,Newfoundland and Labrador,2021A000210,Unemployment rate,Total - Gender,15 years and over,Estimate,Seasonally adjusted,Percent,239,units,0,v2063004,2.7.1.1.1.1,14,,,,1
2021-10,Newfoundland and Labrador,2021A000210,Unemployment rate,Total - Gender,15 years and over,Estimate,Seasonally adjusted,Percent,239,units,0,v2063004,2.7.1.1.1.1,13.6,,,,1
2021-11,Newfoundland and Labrador,2021A000210,Unemployment rate,Total - Gender,15 years and over,Estimate,Seasonally adjusted,Percent,239,units,0,v2063004,2.7.1.1.1.1,11,,,,1
2021-12,Newfoundland and Labrador,2021A000210,Unemployment rate,Total - Gender,15 years and over,Estimate,Seasonally adjusted,Percent,239,units,0,v2063004,2.7.1.1.1.1,12.1,,,,1
2022-01,Newfoundland and Labrador,2021A000210,Unemployment rate,Total - Gender,15 years and over,Estimate,Seasonally adjusted,Percent,239,units,0,v2063004,2.7.1.1.1.1,13.6,,,,1
2022-02,Newfoundland and Labrador,2021A000210,Unemployment rate,Total - Gender,15 years and over,Estimate,Seasonally adjusted,Percent,239,units,0,v2063004,2.7.1.1.1.1,12.7,,,,1
2022-03,Newfoundland and Labrador,2021A000210,Unemployment rate,Total - Gender,15 years and over,Estimate,Seasonally adjusted,Percent,239,units,0,v2063004,2.7.1.1.1.1,13.3,,,,1
2022-04,Newfoundland and Labrador,2021A000210,Unemployment rate,Total - Gender,15 years and over,Estimate,Seasonally adjusted,Percent,239,units,0,v2063004,2.7.1.1.1.1,11.4,,,,1
2022-05,Newfoundland and Labrador,2021A000210,Unemployment rate,Total - Gender,15 years and over,Estimate,Seasonally adjusted,Percent,239,units,0,v2063004,2.7.1.1.1.1,10.2,,,,1
2022-06,Newfoundland and Labrador,2021A000210,Unemployment rate,Total - Gender,15 years and over,Estimate,Seasonally adjusted,Percent,239,units,0,v2063004,2.7.1.1.1.1,10.4,,,,1
2022-07,Newfoundland and Labrador,2021A000210,Unemployment rate,Total - Gender,15 years and over,Estimate,Seasonally adjusted,Percent,239,units,0,v2063004,2.7.1.1.1.1,10.8,,,,1
2022-08,Newfoundland and Labrador,2021A000210,Unemployment rate,Total - Gender,15 years and over,Estimate,Seasonally adjusted,Percent,239,units,0,v2063004,2.7.1.1.1.1,10.8,,,,1
2022-09,Newfoundland and Labrador,2021A000210,Unemployment rate,Total - Gender,15 years and over,Estimate,Seasonally adjusted,Percent,239,units,0,v2063004,2.7.1.1.1.1,10,,,,1
2022-10,Newfoundland and Labrador,2021A000210,Unemployment rate,Total - Gender,15 years and over,Estimate,Seasonally adjusted,Percent,239,units,0,v2063004,2.7.1.1.1.1,10.6,,,,1
2022-11,Newfoundland and Labrador,2021A000210,Unemployment rate,Total - Gender,15 years and over,Estimate,Seasonally adjusted,Percent,239,units,0,v2063004,2.7.1.1.1.1,10.3,,,,1
2022-12,Newfoundland and Labrador,2021A000210,Unemployment rate,Total - Gender,15 years and over,Estimate,Seasonally adjusted,Percent,239,units,0,v2063004,2.7.1.1.1.1,9.6,,,,1
2023-01,Newfoundland and Labrador,2021A000210,Unemployment rate,Total - Gender,15 years and over,Estimate,Seasonally adjusted,Percent,239,units,0,v2063004,2.7.1.1.1.1,11.1,,,,1
2023-02,Newfoundland and Labrador,2021A000210,Unemployment rate,Total - Gender,15 years and over,Estimate,Seasonally adjusted,Percent,239,units,0,v2063004,2.7.1.1.1.1,10,,,,1
2023-03,Newfoundland and Labrador,2021A000210,Unemployment rate,Total - Gender,15 years and over,Estimate,Seasonally adjusted,Percent,239,units,0,v2063004,2.7.1.1.1.1,10.3,,,,1
2023-04,Newfoundland and Labrador,2021A000210,Unemployment rate,Total - Gender,15 years and over,Estimate,Seasonally adjusted,Percent,239,units,0,v2063004,2.7.1.1.1.1,9.6,,,,1
2023-05,Newfoundland and Labrador,2021A000210,Unemployment rate,Total - Gender,15 years and over,Estimate,Seasonally adjusted,Percent,239,units,0,v2063004,2.7.1.1.1.1,10.2,,,,1
2023-06,Newfoundland and Labrador,2021A000210,Unemployment rate,Total - Gender,15 years and over,Estimate,Seasonally adjusted,Percent,239,units,0,v2063004,2.7.1.1.1.1,9.3,,,,1
2023-07,Newfoundland and Labrador,2021A000210,Unemployment rate,Total - Gender,15 years and over,Estimate,Seasonally adjusted,Percent,239,units,0,v2063004,2.7.1.1.1.1,9,,,,1
2023-08,Newfoundland and Labrador,2021A000210,Unemployment rate,Total - Gender,15 years and over,Estimate,Seasonally adjusted,Percent,239,units,0,v2063004,2.7.1.1.1.1,8.6,,,,1
2023-09,Newfoundland and Labrador,2021A000210,Unemployment rate,Total - Gender,15 years and over,Estimate,Seasonally adjusted,Percent,239,units,0,v2063004,2.7.1.1.1.1,9.4,,,,1
2023-10,Newfoundland and Labrador,2021A000210,Unemployment rate,Total - Gender,15 years and over,Estimate,Seasonally adjusted,Percent,239,units,0,v2063004,2.7.1.1.1.1,10.1,,,,1
2023-11,Newfoundland and Labrador,2021A000210,Unemployment rate,Total - Gender,15 years and over,Estimate,Seasonally adjusted,Percent,239,units,0,v2063004,2.7.1.1.1.1,9.9,,,,1
2023-12,Newfoundland and Labrador,2021A000210,Unemployment rate,Total - Gender,15 years and over,Estimate,Seasonally adjusted,Percent,239,units,0,v2063004,2.7.1.1.1.1,10.4,,,,1
1998-01,Prince Edward Island,2021A000211,Unemployment rate,Total - Gender,15 years and over,Estimate,Seasonally adjusted,Percent,239,units,0,v2063193,3.7.1.1.1.1,14.2,,,,1
1998-02,Prince Edward Island,2021A000211,Unemployment rate,Total - Gender,15 years and over,Estimate,Seasonally adjusted,Percent,239,units,0,v2063193,3.7.1.1.1.1,14.2,,,,1
1998-03,Prince Edward Island,2021A000211,Unemployment rate,Total - Gender,15 years and over,Estimate,Seasonally adjusted,Percent,239,units,0,v2063193,3.7.1.1.1.1,13.5,,,,1
1998-04,Prince Edward Island,2021A000211,Unemployment rate,Total - Gender,15 years and over,Estimate,Seasonally adjusted,Percent,239,units,0,v2063193,3.7.1.1.1.1,14.6,,,,1
1998-05,Prince Edward Island,2021A000211,Unemployment rate,Total - Gender,15 years and over,Estimate,Seasonally adjusted,Percent,239,units,0,v2063193,3.7.1.1.1.1,13.3,,,,1
1998-06,Prince Edward Island,2021A000211,Unemployment rate,Total - Gender,15 years and over,Estimate,Seasonally adjusted,Percent,239,units,0,v2063193,3.7.1.1.1.1,14.1,,,,1
1998-07,Prince Edward Island,2021A000211,Unemployment rate,Total - Gender,15 years and over,Estimate,Seasonally adjusted,Percent,239,units,0,v2063193,3.7.1.1.1.1,12,,,,1
1998-08,Prince Edward Island,2021A000211,Unemployment rate,Total - Gender,15 years and over,Estimate,Seasonally adjusted,Percent,239,units,0,v2063193,3.7.1.1.1.1,13.7,,,,1
1998-09,Prince Edward Island,2021A000211,Unemployment rate,Total - Gender,15 years and over,Estimate,Seasonally adjusted,Percent,239,units,0,v2063193,3.7.1.1.1.1,14.6,,,,1
1998-10,Prince Edward Island,2021A000211,Unemployment rate,Total - Gender,15 years and over,Estimate,Seasonally adjusted,Percent,239,units,0,v2063193,3.7.1.1.1.1,14.3,,,,1
1998-11,Prince Edward Island,2021A000211,Unemployment rate,Total - Gender,15 years and over,Estimate,Seasonally adjusted,Percent,239,units,0,v2063193,3.7.1.1.1.1,14,,,,1
1998-12,Prince Edward Island,2021A000211,Unemployment rate,Total - Gender,15 years and over,Estimate,Seasonally adjusted,Percent,239,units,0,v2063193,3.7.1.1.1.1,15,,,,1
1999-01,Prince Edward Island,2021A000211,Unemployment rate,Total - Gender,15 years and over,Estimate,Seasonally adjusted,Percent,239,units,0,v2063193,3.7.1.1.1.1,15.7,,,,1
1999-02,Prince Edward Island,2021A000211,Unemployment rate,Total - Gender,15 years and over,Estimate,Seasonally adjusted,Percent,239,units,0,v2063193,3.7.1.1.1.1,15.6,,,,1
1999-03,Prince Edward Island,2021A000211,Unemployment rate,Total - Gender,15 years and over,Estimate,Seasonally adjusted,Percent,239,units,0,v2063193,3.7.1.1.1.1,16.1,,,,1
1999-04,Prince Edward Island,2021A000211,Unemployment rate,Total - Gender,15 years and over,Estimate,Seasonally adjusted,Percent,239,units,0,v2063193,3.7.1.1.1.1,15.2,,,,1
1999-05,Prince Edward Island,2021A000211,Unemployment rate,Total - Gender,15 years and over,Estimate,Seasonally adjusted,Percent,239,units,0,v2063193,3.7.1.1.1.1,15.1,,,,1
1999-06,Prince Edward Island,2021A000211,Unemployment rate,Total - Gender,15 years and over,Estimate,Seasonally adjusted,Percent,239,units,0,v2063193,3.7.1.1.1.1,14,,,,1
1999-07,Prince Edward Island,2021A000211,Unemployment rate,Total - Gender,15 years and over,Estimate,Seasonally adjusted,Percent,239,units,0,v2063193,3.7.1.1.1.1,12.9,,,,1
1999-08,Prince Edward Island,2021A000211,Unemployment rate,Total - Gender,15 years and over,Estimate,Seasonally adjusted,Percent,239,units,0,v2063193,3.7.1.1.1.1,12.9,,,,1
1999-09,Prince Edward Island,2021A000211,Unemployment rate,Total - Gender,15 years and over,Estimate,Seasonally adjusted,Percent,239,units,0,v2063193,3.7.1.1.1.1,13.9,,,,1
1999-10,Prince Edward Island,2021A000211,Unemployment rate,Total - Gender,15 years and over,Estimate,Seasonally adjusted,Percent,239,units,0,v2063193,3.7.1.1.1.1,13,,,,1
1999-11,Prince Edward Island,2021A000211,Unemployment rate,Total - Gender,15 years and over,Estimate,Seasonally adjusted,Percent,239,units,0,v2063193,3.7.1.1.1.1,12.9,,,,1
1999-12,Prince Edward Island,2021A000211,Unemployment rate,Total - Gender,15 years and over,Estimate,Seasonally adjusted,Percent,239,units,0,v2063193,3.7.1.1.1.1,12.6,,,,1
2000-01,Prince Edward Island,2021A000211,Unemployment rate,Total - Gender,15 years and over,Estimate,Seasonally adjusted,Percent,239,units,0,v2063193,3.7.1.1.1.1,12,,,,1
2000-02,Prince Edward Island,2021A000211,Unemployment rate,Total - Gender,15 years and over,Estimate,Seasonally adjusted,Percent,239,units,0,v2063193,3.7.1.1.1.1,11.7,,,,1
2000-03,Prince Edward Island,2021A000211,Unemployment rate,Total - Gender,15 years and over,Estimate,Seasonally adjusted,Percent,239,units,0,v2063193,3.7.1.1.1.1,12.1,,,,1
2000-04,Prince Edward Island,2021A000211,Unemployment rate,Total - Gender,15 years and over,Estimate,Seasonally adjusted,Percent,239,units,0,v2063193,3.7.1.1.1.1,11.8,,,,1
2000-05,Prince Edward Island,2021A000211,Unemployment rate,Total - Gender,15 years and over,Estimate,Seasonally adjusted,Percent,239,units,0,v2063193,3.7.1.1.1.1,11.3,,,,1
2000-06,Prince Edward Island,2021A000211,Unemployment rate,Total - Gender,15 years and over,Estimate,Seasonally adjusted,Percent,239,units,0,v2063193,3.7.1.1.1.1,11.9,,,,1
2000-07,Prince Edward Island,2021A000211,Unemployment rate,Total - Gender,15 years and over,Estimate,Seasonally adjusted,Percent,239,units,0,v2063193,3.7.1.1.1.1,12.4,,,,1
2000-08,Prince Edward Island,2021A000211,Unemployment rate,Total - Gender,15 years and over,Estimate,Seasonally adjusted,Percent,239,units,0,v2063193,3.7.1.1.1.1,12.7,,,,1
2000-09,Prince Edward Island,2021A000211,Unemployment rate,Total - Gender,15 years and over,Estimate,Seasonally adjusted,Percent,239,units,0,v2063193,3.7.1.1.1.1,11.5,,,,1
2000-10,Prince Edward Island,2021A000211,Unemployment rate,Total - Gender,15 years and over,Estimate,Seasonally adjusted,Percent,239,units,0,v2063193,3.7.1.1.1.1,13.6,,,,1
2000-11,Prince Edward Island,2021A000211,Unemployment rate,Total - Gender,15 years and over,Estimate,Seasonally adjusted,Percent,239,units,0,v2063193,3.7.1.1.1.1,14,,,,1
2000-12,Prince Edward Island,2021A000211,Unemployment rate,Total - Gender,15 years and over,Estimate,Seasonally adjusted,Percent,239,units,0,v2063193,3.7.1.1.1.1,11.9,,,,1
2001-01,Prince Edward Island,2021A000211,Unemployment rate,Total - Gender,15 years and over,Estimate,Seasonally adjusted,Percent,239,units,0,v2063193,3.7.1.1.1.1,11.6,,,,1
2001-02,Prince Edward Island,2021A000211,Unemployment rate,Total - Gender,15 years and over,Estimate,Seasonally adjusted,Percent,239,units,0,v2063193,3.7.1.1.1.1,11.4,,,,1
2001-03,Prince Edward Island,2021A000211,Unemployment rate,Total - Gender,15 years and over,Estimate,Seasonally adjusted,Percent,239,units,0,v2063193,3.7.1.1.1.1,11.2,,,,1
2001-04,Prince Edward Island,2021A000211,Unemployment rate,Total - Gender,15 years and over,Estimate,Seasonally adjusted,Percent,239,units,0,v2063193,3.7.1.1.1.1,13,,,,1
2001-05,Prince Edward Island,2021A000211,Unemployment rate,Total - Gender,15 years and over,Estimate,Seasonally adjusted,Percent,239,units,0,v2063193,3.7.1.1.1.1,12.4,,,,1
2001-06,Prince Edward Island,2021A000211,Unemployment rate,Total - Gender,15 years and over,Estimate,Seasonally adjusted,Percent,239,units,0,v2063193,3.7.1.1.1.1,10.2,,,,1
2001-07,Prince Edward Island,2021A000211,Unemployment rate,Total - Gender,15 years and over,Estimate,Seasonally adjusted,Percent,239,units,0,v2063193,3.7.1.1.1.1,11.5,,,,1
2001-08,Prince Edward Island,2021A000211,Unemployment rate,Total - Gender,15 years and over,Estimate,Seasonally adjusted,Percent,239,units,0,v2063193,3.7.1.1.1.1,11.9,,,,1
2001-09,Prince Edward Island,2021A000211,Unemployment rate,Total - Gender,15 years and over,Estimate,Seasonally adjusted,Percent,239,units,0,v2063193,3.7.1.1.1.1,12.5,,,,1
2001-10,Prince Edward Island,2021A000211,Unemployment rate,Total - Gender,15 years and over,Estimate,Seasonally adjusted,Percent,239,units,0,v2063193,3.7.1.1.1.1,11.9,,,,1
2001-11,Prince Edward Island,2021A000211,Unemployment rate,Total - Gender,15 years and over,Estimate,Seasonally adjusted,Percent,239,units,0,v2063193,3.7.1.1.1.1,12,,,,1
2001-12,Prince Edward Island,2021A000211,Unemployment rate,Total - Gender,15 years and over,Estimate,Seasonally adjusted,Percent,239,units,0,v2063193,3.7.1.1.1.1,12.8,,,,1
2002-01,Prince Edward Island,2021A000211,Unemployment rate,Total - Gender,15 years and over,Estimate,Seasonally adjusted,Percent,239,units,0,v2063193,3.7.1.1.1.1,12.9,,,,1
2002-02,Prince Edward Island,2021A000211,Unemployment rate,Total - Gender,15 years and over,Estimate,Seasonally adjusted,Percent,239,units,0,v2063193,3.7.1.1.1.1,13.3,,,,1
2002-03,Prince Edward Island,2021A000211,Unemployment rate,Total - Gender,15 years and over,Estimate,Seasonally adjusted,Percent,239,units,0,v2063193,3.7.1.1.1.1,11.7,,,,1
2002-04,Prince Edward Island,2021A000211,Unemployment rate,Total - Gender,15 years and over,Estimate,Seasonally adjusted,Percent,239,units,0,v2063193,3.7.1.1.1.1,10.2,,,,1
2002-05,Prince Edward Island,2021A000211,Unemployment rate,Total - Gender,15 years and over,Estimate,Seasonally adjusted,Percent,239,units,0,v2063193,3.7.1.1.1.1,10.8,,,,1
2002-06,Prince Edward Island,2021A000211,Unemployment rate,Total - Gender,15 years and over,Estimate,Seasonally adjusted,Percent,239,units,0,v2063193,3.7.1.1.1.1,11.7,,,,1
2002-07,Prince Edward Island,2021A000211,Unemployment rate,Total - Gender,15 years and over,Estimate,Seasonally adjusted,Percent,239,units,0,v2063193,3.7.1.1.1.1,12.7,,,,1
2002-08,Prince Edward Island,2021A000211,Unemployment rate,Total - Gender,15 years and over,Estimate,Seasonally adjusted,Percent,239,units,0,v2063193,3.7.1.1.1.1,12.3,,,,1
2002-09,Prince Edward Island,2021A000211,Unemployment rate,Total - Gender,15 years and over,Estimate,Seasonally adjusted,Percent,239,units,0,v2063193,3.7.1.1.1.1,11.6,,,,1
2002-10,Prince Edward Island,2021A000211,Unemployment rate,Total - Gender,15 years and over,Estimate,Seasonally adjusted,Percent,239,units,0,v2063193,3.7.1.1.1.1,11.6,,,,1
2002-11,Prince Edward Island,2021A000211,Unemployment rate,Total - Gender,15 years and over,Estimate,Seasonally adjusted,Percent,239,units,0,v2063193,3.7.1.1.1.1,11.4,,,,1
2002-12,Prince Edward Island,2021A000211,Unemployment rate,Total - Gender,15 years and over,Estimate,Seasonally adjusted,Percent,239,units,0,v2063193,3.7.1.1.1.1,11.2,,,,1
2003-01,Prince Edward Island,2021A000211,Unemployment rate,Total - Gender,15 years and over,Estimate,Seasonally adjusted,Percent,239,units,0,v2063193,3.7.1.1.1.1,11.1,,,,1
2003-02,Prince Edward Island,2021A000211,Unemployment rate,Total - Gender,15 years and over,Estimate,Seasonally adjusted,Percent,239,units,0,v2063193,3.7.1.1.1.1,11.1,,,,1
2003-03,Prince Edward Island,2021A000211,Unemployment rate,Total - Gender,15 years and over,Estimate,Seasonally adjusted,Percent,239,units,0,v2063193,3.7.1.1.1.1,12.2,,,,1
2003-04,Prince Edward Island,2021A000211,Unemployment rate,Total - Gender,15 years and over,Estimate,Seasonally adjusted,Percent,239,units,0,v2063193,3.7.1.1.1.1,11.5,,,,1
2003-05,Prince Edward Island,2021A000211,Unemployment rate,Total - Gender,15 years and over,Estimate,Seasonally adjusted,Percent,239,units,0,v2063193,3.7.1.1.1.1,11.1,,,,1
2003-06,Prince Edward Island,2021A000211,Unemployment rate,Total - Gender,15 years and over,Estimate,Seasonally adjusted,Percent,239,units,0,v2063193,3.7.1.1.1.1,9.8,,,,1
2003-07,Prince Edward Island,2021A000211,Unemployment rate,Total - Gender,15 years and over,Estimate,Seasonally adjusted,Percent,239,units,0,v2063193,3.7.1.1.1.1,10.6,,,,1
2003-08,Prince Edward Island,2021A000211,Unemployment rate,Total - Gender,15 years and over,Estimate,Seasonally adjusted,Percent,239,units,0,v2063193,3.7.1.1.1.1,10.4,,,,1
2003-09,Prince Edward Island,2021A000211,Unemployment rate,Total - Gender,15 years and over,Estimate,Seasonally adjusted,Percent,239,units,0,v2063193,3.7.1.1.1.1,10.2,,,,1
2003-10,Prince Edward Island,2021A000211,Unemployment rate,Total - Gender,15 years and over,Estimate,Seasonally adjusted,Percent,239,units,0,v2063193,3.7.1.1.1.1,10.2,,,,1
2003-11,Prince Edward Island,2021A000211,Unemployment rate,Total - Gender,15 years and over,Estimate,Seasonally adjusted,Percent,239,units,0,v2063193,3.7.1.1.1.1,11,,,,1
2003-12,Prince Edward Island,2021A000211,Unemployment rate,Total - Gender,15 years and over,Estimate,Seasonally adjusted,Percent,239,units,0,v2063193,3.7.1.1.1.1,10.6,,,,1
2004-01,Prince Edward Island,2021A000211,Unemployment rate,Total - Gender,15 years and over,Estimate,Seasonally adjusted,Percent,239,units,0,v2063193,3.7.1.1.1.1,11.1,,,,1
2004-02,Prince Edward Island,2021A000211,Unemployment rate,Total - Gender,15 years and over,Estimate,Seasonally adjusted,Percent,239,units,0,v2063193,3.7.1.1.1.1,11.8,,,,1
2004-03,Prince Edward Island,2021A000211,Unemployment rate,Total - Gender,15 years and over,Estimate,Seasonally adjusted,Percent,239,units,0,v2063193,3.7.1.1.1.1,11.5,,,,1
2004-04,Prince Edward Island,2021A000211,Unemployment rate,Total - Gender,15 years and over,Estimate,Seasonally adjusted,Percent,239,units,0,v2063193,3.7.1.1.1.1,12.3,,,,1
2004-05,Prince Edward Island,2021A000211,Unemployment rate,Total - Gender,15 years and over,Estimate,Seasonally adjusted,Percent,239,units,0,v2063193,3.7.1.1.1.1,11.6,,,,1
2004-06,Prince Edward Island,2021A000211,Unemployment rate,Total - Gender,15 years and over,Estimate,Seasonally adjusted,Percent,239,units,0,v2063193,3.7.1.1.1.1,11.4,,,,1
2004-07,Prince Edward Island,2021A000211,Unemployment rate,Total - Gender,15 years and over,Estimate,Seasonally adjusted,Percent,239,units,0,v2063193,3.7.1.1.1.1,10.7,,,,1
2004-08,Prince Edward Island,2021A000211,Unemployment rate,Total - Gender,15 years and over,Estimate,Seasonally adjusted,Percent,239,units,0,v2063193,3.7.1.1.1.1,10.9,,,,1
2004-09,Prince Edward Island,2021A000211,Unemployment rate,Total - Gender,15 years and over,Estimate,Seasonally adjusted,Percent,239,units,0,v2063193,3.7.1.1.1.1,10.9,,,,1
2004-10,Prince Edward Island,2021A000211,Unemployment rate,Total - Gender,15 years and over,Estimate,Seasonally adjusted,Percent,239,units,0,v2063193,3.7.1.1.1.1,11.3,,,,1
2004-11,Prince Edward Island,2021A000211,Unemployment rate,Total - Gender,15 years and over,Estimate,Seasonally adjusted,Percent,239,units,0,v2063193,3.7.1.1.1.1,10.3,,,,1
2004-12,Prince Edward Island,2021A000211,Unemployment rate,Total - Gender,15 years and over,Estimate,Seasonally adjusted,Percent,239,units,0,v2063193,3.7.1.1.1.1,10.4,,,,1
2005-01,Prince Edward Island,2021A000211,Unemployment rate,Total - Gender,15 years and over,Estimate,Seasonally adjusted,Percent,239,units,0,v2063193,3.7.1.1.1.1,10.7,,,,1
2005-02,Prince Edward Island,2021A000211,Unemployment rate,Total - Gender,15 years and over,Estimate,Seasonally adjusted,Percent,239,units,0,v2063193,3.7.1.1.1.1,10.7,,,,1
2005-03,Prince Edward Island,2021A000211,Unemployment rate,Total - Gender,15 years and over,Estimate,Seasonally adjusted,Percent,239,units,0,v2063193,3.7.1.1.1.1,10.6,,,,1
2005-04,Prince Edward Island,2021A000211,Unemployment rate,Total - Gender,15 years and over,Estimate,Seasonally adjusted,Percent,239,units,0,v2063193,3.7.1.1.1.1,11.3,,,,1
2005-05,Prince Edward Island,2021A000211,Unemployment rate,Total - Gender,15 years and over,Estimate,Seasonally adjusted,Percent,239,units,0,v2063193,3.7.1.1.1.1,11.6,,,,1
2005-06,Prince Edward Island,2021A000211,Unemployment rate,Total - Gender,15 years and over,Estimate,Seasonally adjusted,Percent,239,units,0,v2063193,3.7.1.1.1.1,11.6,,,,1
2005-07,Prince Edward Island,2021A000211,Unemployment rate,Total - Gender,15 years and over,Estimate,Seasonally adjusted,Percent,239,units,0,v2063193,3.7.1.1.1.1,10.7,,,,1
2005-08,Prince Edward Island,2021A000211,Unemployment rate,Total - Gender,15 years and over,Estimate,Seasonally adjusted,Percent,239,units,0,v2063193,3.7.1.1.1.1,11.2,,,,1
2005-09,Prince Edward Island,2021A000211,Unemployment rate,Total - Gender,15 years and over,Estimate,Seasonally adjusted,Percent,239,units,0,v2063193,3.7.1.1.1.1,11.1,,,,1
2005-10,Prince Edward Island,2021A000211,Unemployment rate,Total - Gender,15 years and over,Estimate,Seasonally adjusted,Percent,239,units,0,v2063193,3.7.1.1.1.1,11.1,,,,1
2005-11,Prince Edward Island,2021A000211,Unemployment rate,Total - Gender,15 years and over,Estimate,Seasonally adjusted,Percent,239,units,0,v2063193,3.7.1.1.1.1,10.2,,,,1
2005-12,Prince Edward Island,2021A000211,Unemployment rate,Total - Gender,15 years and over,Estimate,Seasonally adjusted,Percent,239,units,0,v2063193,3.7.1.1.1.1,10.7,,,,1
2006-01,Prince Edward Island,2021A000211,Unemployment rate,Total - Gender,15 years and over,Estimate,Seasonally adjusted,Percent,239,units,0,v2063193,3.7.1.1.1.1,10.8,,,,1
2006-02,Prince Edward Island,2021A000211,Unemployment rate,Total - Gender,15 years and over,Estimate,Seasonally adjusted,Percent,239,units,0,v2063193,3.7.1.1.1.1,11.5,,,,1
2006-03,Prince Edward Island,2021A000211,Unemployment rate,Total - Gender,15 years and over,Estimate,Seasonally adjusted,Percent,239,units,0,v2063193,3.7.1.1.1.1,12.6,,,,1
2006-04,Prince Edward Island,2021A000211,Unemployment rate,Total - Gender,15 years and over,Estimate,Seasonally adjusted,Percent,239,units,0,v2063193,3.7.1.1.1.1,11.6,,,,1
2006-05,Prince Edward Island,2021A000211,Unemployment rate,Total - Gender,15 years and over,Estimate,Seasonally adjusted,Percent,239,units,0,v2063193,3.7.1.1.1.1,10.9,,,,1
2006-06,Prince Edward Island,2021A000211,Unemployment rate,Total - Gender,15 years and over,Estimate,Seasonally adjusted,Percent,239,units,0,v2063193,3.7.1.1.1.1,11.5,,,,1
2006-07,Prince Edward Island,2021A000211,Unemployment rate,Total - Gender,15 years and over,Estimate,Seasonally adjusted,Percent,239,units,0,v2063193,3.7.1.1.1.1,11.8,,,,1
2006-08,Prince Edward Island,2021A000211,Unemployment rate,Total - Gender,15 years and over,Estimate,Seasonally adjusted,Percent,239,units,0,v2063193,3.7.1.1.1.1,11.1,,,,1
2006-09,Prince Edward Island,2021A000211,Unemployment rate,Total - Gender,15 years and over,Estimate,Seasonally adjusted,Percent,239,units,0,v2063193,3.7.1.1.1.1,11.1,,,,1
2006-10,Prince Edward Island,2021A000211,Unemployment rate,Total - Gender,15 years and over,Estimate,Seasonally adjusted,Percent,239,units,0,v2063193,3.7.1.1.1.1,11.4,,,,1
2006-11,Prince Edward Island,2021A000211,Unemployment rate,Total - Gender,15 years and over,Estimate,Seasonally adjusted,Percent,239,units,0,v2063193,3.7.1.1.1.1,11.5,,,,1
2006-12,Prince Edward Island,2021A000211,Unemployment rate,Total - Gender,15 years and over,Estimate,Seasonally adjusted,Percent,239,units,0,v2063193,3.7.1.1.1.1,12.2,,,,1
2007-01,Prince Edward Island,2021A000211,Unemployment rate,Total - Gender,15 years and over,Estimate,Seasonally adjusted,Percent,239,units,0,v2063193,3.7.1.1.1.1,11.2,,,,1
2007-02,Prince Edward Island,2021A000211,Unemployment rate,Total - Gender,15 years and over,Estimate,Seasonally adjusted,Percent,239,units,0,v2063193,3.7.1.1.1.1,11.1,,,,1
2007-03,Prince Edward Island,2021A000211,Unemployment rate,Total - Gender,15 years and over,Estimate,Seasonally adjusted,Percent,239,units,0,v2063193,3.7.1.1.1.1,10.4,,,,1
2007-04,Prince Edward Island,2021A000211,Unemployment rate,Total - Gender,15 years and over,Estimate,Seasonally adjusted,Percent,239,units,0,v2063193,3.7.1.1.1.1,9.3,,,,1
2007-05,Prince Edward Island,2021A000211,Unemployment rate,Total - Gender,15 years and over,Estimate,Seasonally adjusted,Percent,239,units,0,v2063193,3.7.1.1.1.1,10.6,,,,1
2007-06,Prince Edward Island,2021A000211,Unemployment rate,Total - Gender,15 years and over,Estimate,Seasonally adjusted,Percent,239,units,0,v2063193,3.7.1.1.1.1,10.6,,,,1
2007-07,Prince Edward Island,2021A000211,Unemployment rate,Total - Gender,15 years and over,Estimate,Seasonally adjusted,Percent,239,units,0,v2063193,3.7.1.1.1.1,10.5,,,,1
2007-08,Prince Edward Island,2021A000211,Unemployment rate,Total - Gender,15 years and over,Estimate,Seasonally adjusted,Percent,239,units,0,v2063193,3.7.1.1.1.1,10.5,,,,1
2007-09,Prince Edward Island,2021A000211,Unemployment rate,Total - Gender,15 years and over,Estimate,Seasonally adjusted,Percent,239,units,0,v2063193,3.7.1.1.1.1,10.2,,,,1
2007-10,Prince Edward Island,2021A000211,Unemployment rate,Total - Gender,15 years and over,Estimate,Seasonally adjusted,Percent,239,units,0,v2063193,3.7.1.1.1.1,9.2,,,,1
2007-11,Prince Edward Island,2021A000211,Unemployment rate,Total - Gender,15 years and over,Estimate,Seasonally adjusted,Percent,239,units,0,v2063193,3.7.1.1.1.1,11.3,,,,1
2007-12,Prince Edward Island,2021A000211,Unemployment rate,Total - Gender,15 years and over,Estimate,Seasonally adjusted,Percent,239,units,0,v2063193,3.7.1.1.1.1,10.7,,,,1
2008-01,Prince Edward Island,2021A000211,Unemployment rate,Total - Gender,15 years and over,Estimate,Seasonally adjusted,Percent,239,units,0,v2063193,3.7.1.1.1.1,11.5,,,,1
2008-02,Prince Edward Island,2021A000211,Unemployment rate,Total - Gender,15 years and over,Estimate,Seasonally adjusted,Percent,239,units,0,v2063193,3.7.1.1.1.1,10.4,,,,1
2008-03,Prince Edward Island,2021A000211,Unemployment rate,Total - Gender,15 years and over,Estimate,Seasonally adjusted,Percent,239,units,0,v2063193,3.7.1.1.1.1,10.8,,,,1
2008-04,Prince Edward Island,2021A000211,Unemployment rate,Total - Gender,15 years and over,Estimate,Seasonally adjusted,Percent,239,units,0,v2063193,3.7.1.1.1.1,11.9,,,,1
2008-05,Prince Edward Island,2021A000211,Unemployment rate,Total - Gender,15 years and over,Estimate,Seasonally adjusted,Percent,239,units,0,v2063193,3.7.1.1.1.1,10.2,,,,1
2008-06,Prince Edward Island,2021A000211,Unemployment rate,Total - Gender,15 years and over,Estimate,Seasonally adjusted,Percent,239,units,0,v2063193,3.7.1.1.1.1,10.5,,,,1
2008-07,Prince Edward Island,2021A000211,Unemployment rate,Total - Gender,15 years and over,Estimate,Seasonally adjusted,Percent,239,units,0,v2063193,3.7.1.1.1.1,11.5,,,,1
2008-08,Prince Edward Island,2021A000211,Unemployment rate,Total - Gender,15 years and over,Estimate,Seasonally adjusted,Percent,239,units,0,v2063193,3.7.1.1.1.1,10.8,,,,1
2008-09,Prince Edward Island,2021A000211,Unemployment rate,Total - Gender,15 years and over,Estimate,Seasonally adjusted,Percent,239,units,0,v2063193,3.7.1.1.1.1,11.2,,,,1
2008-10,Prince Edward Island,2021A000211,Unemployment rate,Total - Gender,15 years and over,Estimate,Seasonally adjusted,Percent,239,units,0,v2063193,3.7.1.1.1.1,11.6,,,,1
2008-11,Prince Edward Island,2021A000211,Unemployment rate,Total - Gender,15 years and over,Estimate,Seasonally adjusted,Percent,239,units,0,v2063193,3.7.1.1.1.1,11.8,,,,1
2008-12,Prince Edward Island,2021A000211,Unemployment rate,Total - Gender,15 years and over,Estimate,Seasonally adjusted,Percent,239,units,0,v2063193,3.7.1.1.1.1,12.4,,,,1
2009-01,Prince Edward Island,2021A000211,Unemployment rate,Total - Gender,15 years and over,Estimate,Seasonally adjusted,Percent,239,units,0,v2063193,3.7.1.1.1.1,12.2,,,,1
2009-02,Prince Edward Island,2021A000211,Unemployment rate,Total - Gender,15 years and over,Estimate,Seasonally adjusted,Percent,239,units,0,v2063193,3.7.1.1.1.1,13,,,,1
2009-03,Prince Edward Island,2021A000211,Unemployment rate,Total - Gender,15 years and over,Estimate,Seasonally adjusted,Percent,239,units,0,v2063193,3.7.1.1.1.1,12.4,,,,1
2009-04,Prince Edward Island,2021A000211,Unemployment rate,Total - Gender,15 years and over,Estimate,Seasonally adjusted,Percent,239,units,0,v2063193,3.7.1.1.1.1,13.4,,,,1
2009-05,Prince Edward Island,2021A000211,Unemployment rate,Total - Gender,15 years and over,Estimate,Seasonally adjusted,Percent,239,units,0,v2063193,3.7.1.1.1.1,13,,,,1
2009-06,Prince Edward Island,2021A000211,Unemployment rate,Total - Gender,15 years and over,Estimate,Seasonally adjusted,Percent,239,units,0,v2063193,3.7.1.1.1.1,12.4,,,,1
2009-07,Prince Edward Island,2021A000211,Unemployment rate,Total - Gender,15 years and over,Estimate,Seasonally adjusted,Percent,239,units,0,v2063193,3.7.1.1.1.1,12.3,,,,1
2009-08,Prince Edward Island,2021A000211,Unemployment rate,Total - Gender,15 years and over,Estimate,Seasonally adjusted,Percent,239,units,0,v2063193,3.7.1.1.1.1,12.7,,,,1
2009-09,Prince Edward Island,2021A000211,Unemployment rate,Total - Gender,15 years and over,Estimate,Seasonally adjusted,Percent,239,units,0,v2063193,3.7.1.1.1.1,10.8,,,,1
2009-10,Prince Edward Island,2021A000211,Unemployment rate,Total - Gender,15 years and over,Estimate,Seasonally adjusted,Percent,239,units,0,v2063193,3.7.1.1.1.1,10.8,,,,1
2009-11,Prince Edward Island,2021A000211,Unemployment rate,Total - Gender,15 years and over,Estimate,Seasonally adjusted,Percent,239,units,0,v2063193,3.7.1.1.1.1,10.1,,,,1
2009-12,Prince Edward Island,2021A000211,Unemployment rate,Total - Gender,15 years and over,Estimate,Seasonally adjusted,Percent,239,units,0,v2063193,3.7.1.1.1.1,10.3,,,,1
2010-01,Prince Edward Island,2021A000211,Unemployment rate,Total - Gender,15 years and over,Estimate,Seasonally adjusted,Percent,239,units,0,v2063193,3.7.1.1.1.1,10.1,,,,1
2010-02,Prince Edward Island,2021A000211,Unemployment rate,Total - Gender,15 years and over,Estimate,Seasonally adjusted,Percent,239,units,0,v2063193,3.7.1.1.1.1,10.4,,,,1
2010-03,Prince Edward Island,2021A000211,Unemployment rate,Total - Gender,15 years and over,Estimate,Seasonally adjusted,Percent,239,units,0,v2063193,3.7.1.1.1.1,11.1,,,,1
2010-04,Prince Edward Island,2021A000211,Unemployment rate,Total - Gender,15 years and over,Estimate,Seasonally adjusted,Percent,239,units,0,v2063193,3.7.1.1.1.1,10,,,,1
2010-05,Prince Edward Island,2021A000211,Unemployment rate,Total - Gender,15 years and over,Estimate,Seasonally adjusted,Percent,239,units,0,v2063193,3.7.1.1.1.1,10.7,,,,1
2010-06,Prince Edward Island,2021A000211,Unemployment rate,Total - Gender,15 years and over,Estimate,Seasonally adjusted,Percent,239,units,0,v2063193,3.7.1.1.1.1,12.3,,,,1
2010-07,Prince Edward Island,2021A000211,Unemployment rate,Total - Gender,15 years and over,Estimate,Seasonally adjusted,Percent,239,units,0,v2063193,3.7.1.1.1.1,11.3,,,,1
2010-08,Prince Edward Island,2021A000211,Unemployment rate,Total - Gender,15 years and over,Estimate,Seasonally adjusted,Percent,239,units,0,v2063193,3.7.1.1.1.1,11.4,,,,1
2010-09,Prince Edward Island,2021A000211,Unemployment rate,Total - Gender,15 years and over,Estimate,Seasonally adjusted,Percent,239,units,0,v2063193,3.7.1.1.1.1,13.2,,,,1
2010-10,Prince Edward Island,2021A000211,Unemployment rate,Total - Gender,15 years and over,Estimate,Seasonally adjusted,Percent,239,units,0,v2063193,3.7.1.1.1.1,12.9,,,,1
2010-11,Prince Edward Island,2021A000211,Unemployment rate,Total - Gender,15 years and over,Estimate,Seasonally adjusted,Percent,239,units,0,v2063193,3.7.1.1.1.1,13,,,,1
2010-12,Prince Edward Island,2021A000211,Unemployment rate,Total - Gender,15 years and over,Estimate,Seasonally adjusted,Percent,239,units,0,v2063193,3.7.1.1.1.1,12.4,,,,1
2011-01,Prince Edward Island,2021A000211,Unemployment rate,Total - Gender,15 years and over,Estimate,Seasonally adjusted,Percent,239,units,0,v2063193,3.7.1.1.1.1,11,,,,1
2011-02,Prince Edward Island,2021A000211,Unemployment rate,Total - Gender,15 years and over,Estimate,Seasonally adjusted,Percent,239,units,0,v2063193,3.7.1.1.1.1,11.8,,,,1
2011-03,Prince Edward Island,2021A000211,Unemployment rate,Total - Gender,15 years and over,Estimate,Seasonally adjusted,Percent,239,units,0,v2063193,3.7.1.1.1.1,11.1,,,,1
2011-04,Prince Edward Island,2021A000211,Unemployment rate,Total - Gender,15 years and over,Estimate,Seasonally adjusted,Percent,239,units,0,v2063193,3.7.1.1.1.1,11.1,,,,1
2011-05,Prince Edward Island,2021A000211,Unemployment rate,Total - Gender,15 years and over,Estimate,Seasonally adjusted,Percent,239,units,0,v2063193,3.7.1.1.1.1,12,,,,1
2011-06,Prince Edward Island,2021A000211,Unemployment rate,Total - Gender,15 years and over,Estimate,Seasonally adjusted,Percent,239,units,0,v2063193,3.7.1.1.1.1,11,,,,1
2011-07,Prince Edward Island,2021A000211,Unemployment rate,Total - Gender,15 years and over,Estimate,Seasonally adjusted,Percent,239,units,0,v2063193,3.7.1.1.1.1,11.4,,,,1
2011-08,Prince Edward Island,2021A000211,Unemployment rate,Total - Gender,15 years and over,Estimate,Seasonally adjusted,Percent,239,units,0,v2063193,3.7.1.1.1.1,11.5,,,,1
2011-09,Prince Edward Island,2021A000211,Unemployment rate,Total - Gender,15 years and over,Estimate,Seasonally adjusted,Percent,239,units,0,v2063193,3.7.1.1.1.1,11.8,,,,1
2011-10,Prince Edward Island,2021A000211,Unemployment rate,Total - Gender,15 years and over,Estimate,Seasonally adjusted,Percent,239,units,0,v2063193,3.7.1.1.1.1,12,,,,1
2011-11,Prince Edward Island,2021A000211,Unemployment rate,Total - Gender,15 years and over,Estimate,Seasonally adjusted,Percent,239,units,0,v2063193,3.7.1.1.1.1,10.6,,,,1
2011-12,Prince Edward Island,2021A000211,Unemployment rate,Total - Gender,15 years and over,Estimate,Seasonally adjusted,Percent,239,units,0,v2063193,3.7.1.1.1.1,11.2,,,,1
2012-01,Prince Edward Island,2021A000211,Unemployment rate,Total - Gender,15 years and over,Estimate,Seasonally adjusted,Percent,239,units,0,v2063193,3.7.1.1.1.1,12.1,,,,1
2012-02,Prince Edward Island,2021A000211,Unemployment rate,Total - Gender,15 years and over,Estimate,Seasonally adjusted,Percent,239,units,0,v2063193,3.7.1.1.1.1,10.6,,,,1
2012-03,Prince Edward Island,2021A000211,Unemployment rate,Total - Gender,15 years and over,Estimate,Seasonally adjusted,Percent,239,units,0,v2063193,3.7.1.1.1.1,10.3,,,,1
2012-04,Prince Edward Island,2021A000211,Unemployment rate,Total - Gender,15 years and over,Estimate,Seasonally adjusted,Percent,239,units,0,v2063193,3.7.1.1.1.1,11.2,,,,1
2012-05,Prince Edward Island,2021A000211,Unemployment rate,Total - Gender,15 years and over,Estimate,Seasonally adjusted,Percent,239,units,0,v2063193,3.7.1.1.1.1,11.5,,,,1
2012-06,Prince Edward Island,2021A000211,Unemployment rate,Total - Gender,15 years and over,Estimate,Seasonally adjusted,Percent,239,units,0,v2063193,3.7.1.1.1.1,12.4,,,,1
2012-07,Prince Edward Island,2021A000211,Unemployment rate,Total - Gender,15 years and over,Estimate,Seasonally adjusted,Percent,239,units,0,v2063193,3.7.1.1.1.1,10.6,,,,1
2012-08,Prince Edward Island,2021A000211,Unemployment rate,Total - Gender,15 years and over,Estimate,Seasonally adjusted,Percent,239,units,0,v2063193,3.7.1.1.1.1,12,,,,1
2012-09,Prince Edward Island,2021A000211,Unemployment rate,Total - Gender,15 years and over,Estimate,Seasonally adjusted,Percent,239,units,0,v2063193,3.7.1.1.1.1,11.5,,,,1
2012-10,Prince Edward Island,2021A000211,Unemployment rate,Total - Gender,15 years and over,Estimate,Seasonally adjusted,Percent,239,units,0,v2063193,3.7.1.1.1.1,11.8,,,,1
2012-11,Prince Edward Island,2021A000211,Unemployment rate,Total - Gender,15 years and over,Estimate,Seasonally adjusted,Percent,239,units,0,v2063193,3.7.1.1.1.1,11.4,,,,1
2012-12,Prince Edward Island,2021A000211,Unemployment rate,Total - Gender,15 years and over,Estimate,Seasonally adjusted,Percent,239,units,0,v2063193,3.7.1.1.1.1,10.8,,,,1
2013-01,Prince Edward Island,2021A000211,Unemployment rate,Total - Gender,15 years and over,Estimate,Seasonally adjusted,Percent,239,units,0,v2063193,3.7.1.1.1.1,11.9,,,,1
2013-02,Prince Edward Island,2021A000211,Unemployment rate,Total - Gender,15 years and over,Estimate,Seasonally adjusted,Percent,239,units,0,v2063193,3.7.1.1.1.1,12,,,,1
2013-03,Prince Edward Island,2021A000211,Unemployment rate,Total - Gender,15 years and over,Estimate,Seasonally adjusted,Percent,239,units,0,v2063193,3.7.1.1.1.1,11.6,,,,1
2013-04,Prince Edward Island,2021A000211,Unemployment rate,Total - Gender,15 years and over,Estimate,Seasonally adjusted,Percent,239,units,0,v2063193,3.7.1.1.1.1,11.1,,,,1
2013-05,Prince Edward Island,2021A000211,Unemployment rate,Total - Gender,15 years and over,Estimate,Seasonally adjusted,Percent,239,units,0,v2063193,3.7.1.1.1.1,11.1,,,,1
2013-06,Prince Edward Island,2021A000211,Unemployment rate,Total - Gender,15 years and over,Estimate,Seasonally adjusted,Percent,239,units,0,v2063193,3.7.1.1.1.1,10.4,,,,1
2013-07,Prince Edward Island,2021A000211,Unemployment rate,Total - Gender,15 years and over,Estimate,Seasonally adjusted,Percent,239,units,0,v2063193,3.7.1.1.1.1,11.6,,,,1
2013-08,Prince Edward Island,2021A000211,Unemployment rate,Total - Gender,15 years and over,Estimate,Seasonally adjusted,Percent,239,units,0,v2063193,3.7.1.1.1.1,10.3,,,,1
2013-09,Prince Edward Island,2021A000211,Unemployment rate,Total - Gender,15 years and over,Estimate,Seasonally adjusted,Percent,239,units,0,v2063193,3.7.1.1.1.1,11.2,,,,1
2013-10,Prince Edward Island,2021A000211,Unemployment rate,Total - Gender,15 years and over,Estimate,Seasonally adjusted,Percent,239,units,0,v2063193,3.7.1.1.1.1,11.3,,,,1
2013-11,Prince Edward Island,2021A000211,Unemployment rate,Total - Gender,15 years and over,Estimate,Seasonally adjusted,Percent,239,units,0,v2063193,3.7.1.1.1.1,11.9,,,,1
2013-12,Prince Edward Island,2021A000211,Unemployment rate,Total - Gender,15 years and over,Estimate,Seasonally adjusted,Percent,239,units,0,v2063193,3.7.1.1.1.1,11.4,,,,1
2014-01,Prince Edward Island,2021A000211,Unemployment rate,Total - Gender,15 years and over,Estimate,Seasonally adjusted,Percent,239,units,0,v2063193,3.7.1.1.1.1,10.9,,,,1
2014-02,Prince Edward Island,2021A000211,Unemployment rate,Total - Gender,15 years and over,Estimate,Seasonally adjusted,Percent,239,units,0,v2063193,3.7.1.1.1.1,11.7,,,,1
2014-03,Prince Edward Island,2021A000211,Unemployment rate,Total - Gender,15 years and over,Estimate,Seasonally adjusted,Percent,239,units,0,v2063193,3.7.1.1.1.1,11.4,,,,1
2014-04,Prince Edward Island,2021A000211,Unemployment rate,Total - Gender,15 years and over,Estimate,Seasonally adjusted,Percent,239,units,0,v2063193,3.7.1.1.1.1,10.8,,,,1
2014-05,Prince Edward Island,2021A000211,Unemployment rate,Total - Gender,15 years and over,Estimate,Seasonally adjusted,Percent,239,units,0,v2063193,3.7.1.1.1.1,11.3,,,,1
2014-06,Prince Edward Island,2021A000211,Unemployment rate,Total - Gender,15 years and over,Estimate,Seasonally adjusted,Percent,239,units,0,v2063193,3.7.1.1.1.1,10.2,,,,1
2014-07,Prince Edward Island,2021A000211,Unemployment rate,Total - Gender,15 years and over,Estimate,Seasonally adjusted,Percent,239,units,0,v2063193,3.7.1.1.1.1,9.2,,,,1
2014-08,Prince Edward Island,2021A000211,Unemployment rate,Total - Gender,15 years and over,Estimate,Seasonally adjusted,Percent,239,units,0,v2063193,3.7.1.1.1.1,10,,,,1
2014-09,Prince Edward Island,2021A000211,Unemployment rate,Total - Gender,15 years and over,Estimate,Seasonally adjusted,Percent,239,units,0,v2063193,3.7.1.1.1.1,10.1,,,,1
2014-10,Prince Edward Island,2021A000211,Unemployment rate,Total - Gender,15 years and over,Estimate,Seasonally adjusted,Percent,239,units,0,v2063193,3.7.1.1.1.1,9.2,,,,1
2014-11,Prince Edward Island,2021A000211,Unemployment rate,Total - Gender,15 years and over,Estimate,Seasonally adjusted,Percent,239,units,0,v2063193,3.7.1.1.1.1,10.5,,,,1
2014-12,Prince Edward Island,2021A000211,Unemployment rate,Total - Gender,15 years and over,Estimate,Seasonally adjusted,Percent,239,units,0,v2063193,3.7.1.1.1.1,11.6,,,,1
2015-01,Prince Edward Island,2021A000211,Unemployment rate,Total - Gender,15 years and over,Estimate,Seasonally adjusted,Percent,239,units,0,v2063193,3.7.1.1.1.1,10.8,,,,1
2015-02,Prince Edward Island,2021A000211,Unemployment rate,Total - Gender,15 years and over,Estimate,Seasonally adjusted,Percent,239,units,0,v2063193,3.7.1.1.1.1,9.9,,,,1
2015-03,Prince Edward Island,2021A000211,Unemployment rate,Total - Gender,15 years and over,Estimate,Seasonally adjusted,Percent,239,units,0,v2063193,3.7.1.1.1.1,11.1,,,,1
2015-04,Prince Edward Island,2021A000211,Unemployment rate,Total - Gender,15 years and over,Estimate,Seasonally adjusted,Percent,239,units,0,v2063193,3.7.1.1.1.1,10.9,,,,1
2015-05,Prince Edward Island,2021A000211,Unemployment rate,Total - Gender,15 years and over,Estimate,Seasonally adjusted,Percent,239,units,0,v2063193,3.7.1.1.1.1,11,,,,1
2015-06,Prince Edward Island,2021A000211,Unemployment rate,Total - Gender,15 years and over,Estimate,Seasonally adjusted,Percent,239,units,0,v2063193,3.7.1.1.1.1,11.3,,,,1
2015-07,Prince Edward Island,2021A000211,Unemployment rate,Total - Gender,15 years and over,Estimate,Seasonally adjusted,Percent,239,units,0,v2063193,3.7.1.1.1.1,11.5,,,,1
2015-08,Prince Edward Island,2021A000211,Unemployment rate,Total - Gender,15 years and over,Estimate,Seasonally adjusted,Percent,239,units,0,v2063193,3.7.1.1.1.1,11.3,,,,1
2015-09,Prince Edward Island,2021A000211,Unemployment rate,Total - Gender,15 years and over,Estimate,Seasonally adjusted,Percent,239,units,0,v2063193,3.7.1.1.1.1,9.9,,,,1
2015-10,Prince Edward Island,2021A000211,Unemployment rate,Total - Gender,15 years and over,Estimate,Seasonally adjusted,Percent,239,units,0,v2063193,3.7.1.1.1.1,10,,,,1
2015-11,Prince Edward Island,2021A000211,Unemployment rate,Total - Gender,15 years and over,Estimate,Seasonally adjusted,Percent,239,units,0,v2063193,3.7.1.1.1.1,10.9,,,,1
2015-12,Prince Edward Island,2021A000211,Unemployment rate,Total - Gender,15 years and over,Estimate,Seasonally adjusted,Percent,239,units,0,v2063193,3.7.1.1.1.1,10,,,,1
2016-01,Prince Edward Island,2021A000211,Unemployment rate,Total - Gender,15 years and over,Estimate,Seasonally adjusted,Percent,239,units,0,v2063193,3.7.1.1.1.1,10.1,,,,1
2016-02,Prince Edward Island,2021A000211,Unemployment rate,Total - Gender,15 years and over,Estimate,Seasonally adjusted,Percent,239,units,0,v2063193,3.7.1.1.1.1,10.6,,,,1
2016-03,Prince Edward Island,2021A000211,Unemployment rate,Total - Gender,15 years and over,Estimate,Seasonally adjusted,Percent,239,units,0,v2063193,3.7.1.1.1.1,10.2,,,,1
2016-04,Prince Edward Island,2021A000211,Unemployment rate,Total - Gender,15 years and over,Estimate,Seasonally adjusted,Percent,239,units,0,v2063193,3.7.1.1.1.1,10.7,,,,1
2016-05,Prince Edward Island,2021A000211,Unemployment rate,Total - Gender,15 years and over,Estimate,Seasonally adjusted,Percent,239,units,0,v2063193,3.7.1.1.1.1,10.7,,,,1
2016-06,Prince Edward Island,2021A000211,Unemployment rate,Total - Gender,15 years and over,Estimate,Seasonally adjusted,Percent,239,units,0,v2063193,3.7.1.1.1.1,10.9,,,,1
2016-07,Prince Edward Island,2021A000211,Unemployment rate,Total - Gender,15 years and over,Estimate,Seasonally adjusted,Percent,239,units,0,v2063193,3.7.1.1.1.1,9.6,,,,1
2016-08,Prince Edward Island,2021A000211,Unemployment rate,Total - Gender,15 years and over,Estimate,Seasonally adjusted,Percent,239,units,0,v2063193,3.7.1.1.1.1,12.3,,,,1
2016-09,Prince Edward Island,2021A000211,Unemployment rate,Total - Gender,15 years and over,Estimate,Seasonally adjusted,Percent,239,units,0,v2063193,3.7.1.1.1.1,11.7,,,,1
2016-10,Prince Edward Island,2021A000211,Unemployment rate,Total - Gender,15 years and over,Estimate,Seasonally adjusted,Percent,239,units,0,v2063193,3.7.1.1.1.1,12.3,,,,1
2016-11,Prince Edward Island,2021A000211,Unemployment rate,Total - Gender,15 years and over,Estimate,Seasonally adjusted,Percent,239,units,0,v2063193,3.7.1.1.1.1,11.3,,,,1
2016-12,Prince Edward Island,2021A000211,Unemployment rate,Total - Gender,15 years and over,Estimate,Seasonally adjusted,Percent,239,units,0,v2063193,3.7.1.1.1.1,10.8,,,,1
2017-01,Prince Edward Island,2021A000211,Unemployment rate,Total - Gender,15 years and over,Estimate,Seasonally adjusted,Percent,239,units,0,v2063193,3.7.1.1.1.1,9.5,,,,1
2017-02,Prince Edward Island,2021A000211,Unemployment rate,Total - Gender,15 years and over,Estimate,Seasonally adjusted,Percent,239,units,0,v2063193,3.7.1.1.1.1,10.4,,,,1
2017-03,Prince Edward Island,2021A000211,Unemployment rate,Total - Gender,15 years and over,Estimate,Seasonally adjusted,Percent,239,units,0,v2063193,3.7.1.1.1.1,10.1,,,,1
2017-04,Prince Edward Island,2021A000211,Unemployment rate,Total - Gender,15 years and over,Estimate,Seasonally adjusted,Percent,239,units,0,v2063193,3.7.1.1.1.1,10.1,,,,1
2017-05,Prince Edward Island,2021A000211,Unemployment rate,Total - Gender,15 years and over,Estimate,Seasonally adjusted,Percent,239,units,0,v2063193,3.7.1.1.1.1,10.4,,,,1
2017-06,Prince Edward Island,2021A000211,Unemployment rate,Total - Gender,15 years and over,Estimate,Seasonally adjusted,Percent,239,units,0,v2063193,3.7.1.1.1.1,10.2,,,,1
2017-07,Prince Edward Island,2021A000211,Unemployment rate,Total - Gender,15 years and over,Estimate,Seasonally adjusted,Percent,239,units,0,v2063193,3.7.1.1.1.1,10.1,,,,1
2017-08,Prince Edward Island,2021A000211,Unemployment rate,Total - Gender,15 years and over,Estimate,Seasonally adjusted,Percent,239,units,0,v2063193,3.7.1.1.1.1,9.2,,,,1
2017-09,Prince Edward Island,2021A000211,Unemployment rate,Total - Gender,15 years and over,Estimate,Seasonally adjusted,Percent,239,units,0,v2063193,3.7.1.1.1.1,10.7,,,,1
2017-10,Prince Edward Island,2021A000211,Unemployment rate,Total - Gender,15 years and over,Estimate,Seasonally adjusted,Percent,239,units,0,v2063193,3.7.1.1.1.1,11.4,,,,1
2017-11,Prince Edward Island,2021A000211,Unemployment rate,Total - Gender,15 years and over,Estimate,Seasonally adjusted,Percent,239,units,0,v2063193,3.7.1.1.1.1,9.6,,,,1
2017-12,Prince Edward Island,2021A000211,Unemployment rate,Total - Gender,15 years and over,Estimate,Seasonally adjusted,Percent,239,units,0,v2063193,3.7.1.1.1.1,10.2,,,,1
2018-01,Prince Edward Island,2021A000211,Unemployment rate,Total - Gender,15 years and over,Estimate,Seasonally adjusted,Percent,239,units,0,v2063193,3.7.1.1.1.1,11,,,,1
2018-02,Prince Edward Island,2021A000211,Unemployment rate,Total - Gender,15 years and over,Estimate,Seasonally adjusted,Percent,239,units,0,v2063193,3.7.1.1.1.1,10.1,,,,1
2018-03,Prince Edward Island,2021A000211,Unemployment rate,Total - Gender,15 years and over,Estimate,Seasonally adjusted,Percent,239,units,0,v2063193,3.7.1.1.1.1,10.6,,,,1
2018-04,Prince Edward Island,2021A000211,Unemployment rate,Total - Gender,15 years and over,Estimate,Seasonally adjusted,Percent,239,units,0,v2063193,3.7.1.1.1.1,11.8,,,,1
2018-05,Prince Edward Island,2021A000211,Unemployment rate,Total - Gender,15 years and over,Estimate,Seasonally adjusted,Percent,239,units,0,v2063193,3.7.1.1.1.1,9.5,,,,1
2018-06,Prince Edward Island,2021A000211,Unemployment rate,Total - Gender,15 years and over,Estimate,Seasonally adjusted,Percent,239,units,0,v2063193,3.7.1.1.1.1,9,,,,1
2018-07,Prince Edward Island,2021A000211,Unemployment rate,Total - Gender,15 years and over,Estimate,Seasonally adjusted,Percent,239,units,0,v2063193,3.7.1.1.1.1,9.9,,,,1
2018-08,Prince Edward Island,2021A000211,Unemployment rate,Total - Gender,15 years and over,Estimate,Seasonally adjusted,Percent,239,units,0,v2063193,3.7.1.1.1.1,9.6,,,,1
2018-09,Prince Edward Island,2021A000211,Unemployment rate,Total - Gender,15 years and over,Estimate,Seasonally adjusted,Percent,239,units,0,v2063193,3.7.1.1.1.1,9.2,,,,1
2018-10,Prince Edward Island,2021A000211,Unemployment rate,Total - Gender,15 years and over,Estimate,Seasonally adjusted,Percent,239,units,0,v2063193,3.7.1.1.1.1,9.1,,,,1
2018-11,Prince Edward Island,2021A000211,Unemployment rate,Total - Gender,15 years and over,Estimate,Seasonally adjusted,Percent,239,units,0,v2063193,3.7.1.1.1.1,9.7,,,,1
2018-12,Prince Edward Island,2021A000211,Unemployment rate,Total - Gender,15 years and over,Estimate,Seasonally adjusted,Percent,239,units,0,v2063193,3.7.1.1.1.1,10.3,,,,1
2019-01,Prince Edward Island,2021A000211,Unemployment rate,Total - Gender,15 years and over,Estimate,Seasonally adjusted,Percent,239,units,0,v2063193,3.7.1.1.1.1,10.1,,,,1
2019-02,Prince Edward Island,2021A000211,Unemployment rate,Total - Gender,15 years and over,Estimate,Seasonally adjusted,Percent,239,units,0,v2063193,3.7.1.1.1.1,9.9,,,,1
2019-03,Prince Edward Island,2021A000211,Unemployment rate,Total - Gender,15 years and over,Estimate,Seasonally adjusted,Percent,239,units,0,v2063193,3.7.1.1.1.1,9.4,,,,1
2019-04,Prince Edward Island,2021A000211,Unemployment rate,Total - Gender,15 years and over,Estimate,Seasonally adjusted,Percent,239,units,0,v2063193,3.7.1.1.1.1,9.2,,,,1
2019-05,Prince Edward Island,2021A000211,Unemployment rate,Total - Gender,15 years and over,Estimate,Seasonally adjusted,Percent,239,units,0,v2063193,3.7.1.1.1.1,8.7,,,,1
2019-06,Prince Edward Island,2021A000211,Unemployment rate,Total - Gender,15 years and over,Estimate,Seasonally adjusted,Percent,239,units,0,v2063193,3.7.1.1.1.1,9.3,,,,1
2019-07,Prince Edward Island,2021A000211,Unemployment rate,Total - Gender,15 years and over,Estimate,Seasonally adjusted,Percent,239,units,0,v2063193,3.7.1.1.1.1,8.8,,,,1
2019-08,Prince Edward Island,2021A000211,Unemployment rate,Total - Gender,15 years and over,Estimate,Seasonally adjusted,Percent,239,units,0,v2063193,3.7.1.1.1.1,9,,,,1
2019-09,Prince Edward Island,2021A000211,Unemployment rate,Total - Gender,15 years and over,Estimate,Seasonally adjusted,Percent,239,units,0,v2063193,3.7.1.1.1.1,8.4,,,,1
2019-10,Prince Edward Island,2021A000211,Unemployment rate,Total - Gender,15 years and over,Estimate,Seasonally adjusted,Percent,239,units,0,v2063193,3.7.1.1.1.1,7.9,,,,1
2019-11,Prince Edward Island,2021A000211,Unemployment rate,Total - Gender,15 years and over,Estimate,Seasonally adjusted,Percent,239,units,0,v2063193,3.7.1.1.1.1,7.6,,,,1
2019-12,Prince Edward Island,2021A000211,Unemployment rate,Total - Gender,15 years and over,Estimate,Seasonally adjusted,Percent,239,units,0,v2063193,3.7.1.1.1.1,7.6,,,,1
2020-01,Prince Edward Island,2021A000211,Unemployment rate,Total - Gender,15 years and over,Estimate,Seasonally adjusted,Percent,239,units,0,v2063193,3.7.1.1.1.1,7.3,,,,1
2020-02,Prince Edward Island,2021A000211,Unemployment rate,Total - Gender,15 years and over,Estimate,Seasonally adjusted,Percent,239,units,0,v2063193,3.7.1.1.1.1,8.2,,,,1
2020-03,Prince Edward Island,2021A000211,Unemployment rate,Total - Gender,15 years and over,Estimate,Seasonally adjusted,Percent,239,units,0,v2063193,3.7.1.1.1.1,9.4,,,,1
2020-04,Prince Edward Island,2021A000211,Unemployment rate,Total - Gender,15 years and over,Estimate,Seasonally adjusted,Percent,239,units,0,v2063193,3.7.1.1.1.1,11.5,,,,1
2020-05,Prince Edward Island,2021A000211,Unemployment rate,Total - Gender,15 years and over,Estimate,Seasonally adjusted,Percent,239,units,0,v2063193,3.7.1.1.1.1,14.2,,,,1
2020-06,Prince Edward Island,2021A000211,Unemployment rate,Total - Gender,15 years and over,Estimate,Seasonally adjusted,Percent,239,units,0,v2063193,3.7.1.1.1.1,14.8,,,,1
2020-07,Prince Edward Island,2021A000211,Unemployment rate,Total - Gender,15 years and over,Estimate,Seasonally adjusted,Percent,239,units,0,v2063193,3.7.1.1.1.1,11.6,,,,1
2020-08,Prince Edward Island,2021A000211,Unemployment rate,Total - Gender,15 years and over,Estimate,Seasonally adjusted,Percent,239,units,0,v2063193,3.7.1.1.1.1,10,,,,1
2020-09,Prince Edward Island,2021A000211,Unemployment rate,Total - Gender,15 years and over,Estimate,Seasonally adjusted,Percent,239,units,0,v2063193,3.7.1.1.1.1,10.6,,,,1
2020-10,Prince Edward Island,2021A000211,Unemployment rate,Total - Gender,15 years and over,Estimate,Seasonally adjusted,Percent,239,units,0,v2063193,3.7.1.1.1.1,10.5,,,,1
2020-11,Prince Edward Island,2021A000211,Unemployment rate,Total - Gender,15 years and over,Estimate,Seasonally adjusted,Percent,239,units,0,v2063193,3.7.1.1.1.1,10.9,,,,1
2020-12,Prince Edward Island,2021A000211,Unemployment rate,Total - Gender,15 years and over,Estimate,Seasonally adjusted,Percent,239,units,0,v2063193,3.7.1.1.1.1,10.6,,,,1
2021-01,Prince Edward Island,2021A000211,Unemployment rate,Total - Gender,15 years and over,Estimate,Seasonally adjusted,Percent,239,units,0,v2063193,3.7.1.1.1.1,8.4,,,,1
2021-02,Prince Edward Island,2021A000211,Unemployment rate,Total - Gender,15 years and over,Estimate,Seasonally adjusted,Percent,239,units,0,v2063193,3.7.1.1.1.1,9.9,,,,1
2021-03,Prince Edward Island,2021A000211,Unemployment rate,Total - Gender,15 years and over,Estimate,Seasonally adjusted,Percent,239,units,0,v2063193,3.7.1.1.1.1,8.8,,,,1
2021-04,Prince Edward Island,2021A000211,Unemployment rate,Total - Gender,15 years and over,Estimate,Seasonally adjusted,Percent,239,units,0,v2063193,3.7.1.1.1.1,9.7,,,,1
2021-05,Prince Edward Island,2021A000211,Unemployment rate,Total - Gender,15 years and over,Estimate,Seasonally adjusted,Percent,239,units,0,v2063193,3.7.1.1.1.1,10.5,,,,1
2021-06,Prince Edward Island,2021A000211,Unemployment rate,Total - Gender,15 years and over,Estimate,Seasonally adjusted,Percent,239,units,0,v2063193,3.7.1.1.1.1,12.4,,,,1
2021-07,Prince Edward Island,2021A000211,Unemployment rate,Total - Gender,15 years and over,Estimate,Seasonally adjusted,Percent,239,units,0,v2063193,3.7.1.1.1.1,10.8,,,,1
2021-08,Prince Edward Island,2021A000211,Unemployment rate,Total - Gender,15 years and over,Estimate,Seasonally adjusted,Percent,239,units,0,v2063193,3.7.1.1.1.1,10.8,,,,1
2021-09,Prince Edward Island,2021A000211,Unemployment rate,Total - Gender,15 years and over,Estimate,Seasonally adjusted,Percent,239,units,0,v2063193,3.7.1.1.1.1,11.5,,,,1
2021-10,Prince Edward Island,2021A000211,Unemployment rate,Total - Gender,15 years and over,Estimate,Seasonally adjusted,Percent,239,units,0,v2063193,3.7.1.1.1.1,9.6,,,,1
2021-11,Prince Edward Island,2021A000211,Unemployment rate,Total - Gender,15 years and over,Estimate,Seasonally adjusted,Percent,239,units,0,v2063193,3.7.1.1.1.1,8.9,,,,1
2021-12,Prince Edward Island,2021A000211,Unemployment rate,Total - Gender,15 years and over,Estimate,Seasonally adjusted,Percent,239,units,0,v2063193,3.7.1.1.1.1,8.5,,,,1
2022-01,Prince Edward Island,2021A000211,Unemployment rate,Total - Gender,15 years and over,Estimate,Seasonally adjusted,Percent,239,units,0,v2063193,3.7.1.1.1.1,9.6,,,,1
2022-02,Prince Edward Island,2021A000211,Unemployment rate,Total - Gender,15 years and over,Estimate,Seasonally adjusted,Percent,239,units,0,v2063193,3.7.1.1.1.1,9.6,,,,1
2022-03,Prince Edward Island,2021A000211,Unemployment rate,Total - Gender,15 years and over,Estimate,Seasonally adjusted,Percent,239,units,0,v2063193,3.7.1.1.1.1,8.8,,,,1
2022-04,Prince Edward Island,2021A000211,Unemployment rate,Total - Gender,15 years and over,Estimate,Seasonally adjusted,Percent,239,units,0,v2063193,3.7.1.1.1.1,8.3,,,,1
2022-05,Prince Edward Island,2021A000211,Unemployment rate,Total - Gender,15 years and over,Estimate,Seasonally adjusted,Percent,239,units,0,v2063193,3.7.1.1.1.1,7.9,,,,1
2022-06,Prince Edward Island,2021A000211,Unemployment rate,Total - Gender,15 years and over,Estimate,Seasonally adjusted,Percent,239,units,0,v2063193,3.7.1.1.1.1,5.9,,,,1
2022-07,Prince Edward Island,2021A000211,Unemployment rate,Total - Gender,15 years and over,Estimate,Seasonally adjusted,Percent,239,units,0,v2063193,3.7.1.1.1.1,6.2,,,,1
2022-08,Prince Edward Island,2021A000211,Unemployment rate,Total - Gender,15 years and over,Estimate,Seasonally adjusted,Percent,239,units,0,v2063193,3.7.1.1.1.1,7.5,,,,1
2022-09,Prince Edward Island,2021A000211,Unemployment rate,Total - Gender,15 years and over,Estimate,Seasonally adjusted,Percent,239,units,0,v2063193,3.7.1.1.1.1,8.8,,,,1
2022-10,Prince Edward Island,2021A000211,Unemployment rate,Total - Gender,15 years and over,Estimate,Seasonally adjusted,Percent,239,units,0,v2063193,3.7.1.1.1.1,6.6,,,,1
2022-11,Prince Edward Island,2021A000211,Unemployment rate,Total - Gender,15 years and over,Estimate,Seasonally adjusted,Percent,239,units,0,v2063193,3.7.1.1.1.1,7,,,,1
2022-12,Prince Edward Island,2021A000211,Unemployment rate,Total - Gender,15 years and over,Estimate,Seasonally adjusted,Percent,239,units,0,v2063193,3.7.1.1.1.1,5.7,,,,1
2023-01,Prince Edward Island,2021A000211,Unemployment rate,Total - Gender,15 years and over,Estimate,Seasonally adjusted,Percent,239,units,0,v2063193,3.7.1.1.1.1,7.4,,,,1
2023-02,Prince Edward Island,2021A000211,Unemployment rate,Total - Gender,15 years and over,Estimate,Seasonally adjusted,Percent,239,units,0,v2063193,3.7.1.1.1.1,6.9,,,,1
2023-03,Prince Edward Island,2021A000211,Unemployment rate,Total - Gender,15 years and over,Estimate,Seasonally adjusted,Percent,239,units,0,v2063193,3.7.1.1.1.1,6.7,,,,1
2023-04,Prince Edward Island,2021A000211,Unemployment rate,Total - Gender,15 years and over,Estimate,Seasonally adjusted,Percent,239,units,0,v2063193,3.7.1.1.1.1,7.4,,,,1
2023-05,Prince Edward Island,2021A000211,Unemployment rate,Total - Gender,15 years and over,Estimate,Seasonally adjusted,Percent,239,units,0,v2063193,3.7.1.1.1.1,7.1,,,,1
2023-06,Prince Edward Island,2021A000211,Unemployment rate,Total - Gender,15 years and over,Estimate,Seasonally adjusted,Percent,239,units,0,v2063193,3.7.1.1.1.1,8.1,,,,1
2023-07,Prince Edward Island,2021A000211,Unemployment rate,Total - Gender,15 years and over,Estimate,Seasonally adjusted,Percent,239,units,0,v2063193,3.7.1.1.1.1,7.8,,,,1
2023-08,Prince Edward Island,2021A000211,Unemployment rate,Total - Gender,15 years and over,Estimate,Seasonally adjusted,Percent,239,units,0,v2063193,3.7.1.1.1.1,8,,,,1
2023-09,Prince Edward Island,2021A000211,Unemployment rate,Total - Gender,15 years and over,Estimate,Seasonally adjusted,Percent,239,units,0,v2063193,3.7.1.1.1.1,6.7,,,,1
2023-10,Prince Edward Island,2021A000211,Unemployment rate,Total - Gender,15 years and over,Estimate,Seasonally adjusted,Percent,239,units,0,v2063193,3.7.1.1.1.1,6.4,,,,1
2023-11,Prince Edward Island,2021A000211,Unemployment rate,Total - Gender,15 years and over,Estimate,Seasonally adjusted,Percent,239,units,0,v2063193,3.7.1.1.1.1,7.6,,,,1
2023-12,Prince Edward Island,2021A000211,Unemployment rate,Total - Gender,15 years and over,Estimate,Seasonally adjusted,Percent,239,units,0,v2063193,3.7.1.1.1.1,7.9,,,,1
1998-01,Nova Scotia,2021A000212,Unemployment rate,Total - Gender,15 years and over,Estimate,Seasonally adjusted,Percent,239,units,0,v2063382,4.7.1.1.1.1,11.1,,,,1
1998-02,Nova Scotia,2021A000212,Unemployment rate,Total - Gender,15 years and over,Estimate,Seasonally adjusted,Percent,239,units,0,v2063382,4.7.1.1.1.1,10.4,,,,1
1998-03,Nova Scotia,2021A000212,Unemployment rate,Total - Gender,15 years and over,Estimate,Seasonally adjusted,Percent,239,units,0,v2063382,4.7.1.1.1.1,9.8,,,,1
1998-04,Nova Scotia,2021A000212,Unemployment rate,Total - Gender,15 years and over,Estimate,Seasonally adjusted,Percent,239,units,0,v2063382,4.7.1.1.1.1,10.8,,,,1
1998-05,Nova Scotia,2021A000212,Unemployment rate,Total - Gender,15 years and over,Estimate,Seasonally adjusted,Percent,239,units,0,v2063382,4.7.1.1.1.1,10.6,,,,1
1998-06,Nova Scotia,2021A000212,Unemployment rate,Total - Gender,15 years and over,Estimate,Seasonally adjusted,Percent,239,units,0,v2063382,4.7.1.1.1.1,10.7,,,,1
1998-07,Nova Scotia,2021A000212,Unemployment rate,Total - Gender,15 years and over,Estimate,Seasonally adjusted,Percent,239,units,0,v2063382,4.7.1.1.1.1,10.4,,,,1
1998-08,Nova Scotia,2021A000212,Unemployment rate,Total - Gender,15 years and over,Estimate,Seasonally adjusted,Percent,239,units,0,v2063382,4.7.1.1.1.1,10.1,,,,1
1998-09,Nova Scotia,2021A000212,Unemployment rate,Total - Gender,15 years and over,Estimate,Seasonally adjusted,Percent,239,units,0,v2063382,4.7.1.1.1.1,10.5,,,,1
1998-10,Nova Scotia,2021A000212,Unemployment rate,Total - Gender,15 years and over,Estimate,Seasonally adjusted,Percent,239,units,0,v2063382,4.7.1.1.1.1,10.6,,,,1
1998-11,Nova Scotia,2021A000212,Unemployment rate,Total - Gender,15 years and over,Estimate,Seasonally adjusted,Percent,239,units,0,v2063382,4.7.1.1.1.1,10.6,,,,1
1998-12,Nova Scotia,2021A000212,Unemployment rate,Total - Gender,15 years and over,Estimate,Seasonally adjusted,Percent,239,units,0,v2063382,4.7.1.1.1.1,9.8,,,,1
1999-01,Nova Scotia,2021A000212,Unemployment rate,Total - Gender,15 years and over,Estimate,Seasonally adjusted,Percent,239,units,0,v2063382,4.7.1.1.1.1,9.4,,,,1
1999-02,Nova Scotia,2021A000212,Unemployment rate,Total - Gender,15 years and over,Estimate,Seasonally adjusted,Percent,239,units,0,v2063382,4.7.1.1.1.1,10.2,,,,1
1999-03,Nova Scotia,2021A000212,Unemployment rate,Total - Gender,15 years and over,Estimate,Seasonally adjusted,Percent,239,units,0,v2063382,4.7.1.1.1.1,10.5,,,,1
1999-04,Nova Scotia,2021A000212,Unemployment rate,Total - Gender,15 years and over,Estimate,Seasonally adjusted,Percent,239,units,0,v2063382,4.7.1.1.1.1,9.4,,,,1
1999-05,Nova Scotia,2021A000212,Unemployment rate,Total - Gender,15 years and over,Estimate,Seasonally adjusted,Percent,239,units,0,v2063382,4.7.1.1.1.1,9.7,,,,1
1999-06,Nova Scotia,2021A000212,Unemployment rate,Total - Gender,15 years and over,Estimate,Seasonally adjusted,Percent,239,units,0,v2063382,4.7.1.1.1.1,9.4,,,,1
1999-07,Nova Scotia,2021A000212,Unemployment rate,Total - Gender,15 years and over,Estimate,Seasonally adjusted,Percent,239,units,0,v2063382,4.7.1.1.1.1,8.9,,,,1
1999-08,Nova Scotia,2021A000212,Unemployment rate,Total - Gender,15 years and over,Estimate,Seasonally adjusted,Percent,239,units,0,v2063382,4.7.1.1.1.1,9.1,,,,1
1999-09,Nova Scotia,2021A000212,Unemployment rate,Total - Gender,15 years and over,Estimate,Seasonally adjusted,Percent,239,units,0,v2063382,4.7.1.1.1.1,9.7,,,,1
1999-10,Nova Scotia,2021A000212,Unemployment rate,Total - Gender,15 years and over,Estimate,Seasonally adjusted,Percent,239,units,0,v2063382,4.7.1.1.1.1,9.5,,,,1
1999-11,Nova Scotia,2021A000212,Unemployment rate,Total - Gender,15 years and over,Estimate,Seasonally adjusted,Percent,239,units,0,v2063382,4.7.1.1.1.1,9.2,,,,1
1999-12,Nova Scotia,2021A000212,Unemployment rate,Total - Gender,15 years and over,Estimate,Seasonally adjusted,Percent,239,units,0,v2063382,4.7.1.1.1.1,9.6,,,,1
2000-01,Nova Scotia,2021A000212,Unemployment rate,Total - Gender,15 years and over,Estimate,Seasonally adjusted,Percent,239,units,0,v2063382,4.7.1.1.1.1,9.4,,,,1
2000-02,Nova Scotia,2021A000212,Unemployment rate,Total - Gender,15 years and over,Estimate,Seasonally adjusted,Percent,239,units,0,v2063382,4.7.1.1.1.1,9.5,,,,1
2000-03,Nova Scotia,2021A000212,Unemployment rate,Total - Gender,15 years and over,Estimate,Seasonally adjusted,Percent,239,units,0,v2063382,4.7.1.1.1.1,8.7,,,,1
2000-04,Nova Scotia,2021A000212,Unemployment rate,Total - Gender,15 years and over,Estimate,Seasonally adjusted,Percent,239,units,0,v2063382,4.7.1.1.1.1,8.5,,,,1
2000-05,Nova Scotia,2021A000212,Unemployment rate,Total - Gender,15 years and over,Estimate,Seasonally adjusted,Percent,239,units,0,v2063382,4.7.1.1.1.1,8.7,,,,1
2000-06,Nova Scotia,2021A000212,Unemployment rate,Total - Gender,15 years and over,Estimate,Seasonally adjusted,Percent,239,units,0,v2063382,4.7.1.1.1.1,8.6,,,,1
2000-07,Nova Scotia,2021A000212,Unemployment rate,Total - Gender,15 years and over,Estimate,Seasonally adjusted,Percent,239,units,0,v2063382,4.7.1.1.1.1,8.8,,,,1
2000-08,Nova Scotia,2021A000212,Unemployment rate,Total - Gender,15 years and over,Estimate,Seasonally adjusted,Percent,239,units,0,v2063382,4.7.1.1.1.1,9.4,,,,1
2000-09,Nova Scotia,2021A000212,Unemployment rate,Total - Gender,15 years and over,Estimate,Seasonally adjusted,Percent,239,units,0,v2063382,4.7.1.1.1.1,9.4,,,,1
2000-10,Nova Scotia,2021A000212,Unemployment rate,Total - Gender,15 years and over,Estimate,Seasonally adjusted,Percent,239,units,0,v2063382,4.7.1.1.1.1,9.4,,,,1
2000-11,Nova Scotia,2021A000212,Unemployment rate,Total - Gender,15 years and over,Estimate,Seasonally adjusted,Percent,239,units,0,v2063382,4.7.1.1.1.1,9.5,,,,1
2000-12,Nova Scotia,2021A000212,Unemployment rate,Total - Gender,15 years and over,Estimate,Seasonally adjusted,Percent,239,units,0,v2063382,4.7.1.1.1.1,9.1,,,,1
2001-01,Nova Scotia,2021A000212,Unemployment rate,Total - Gender,15 years and over,Estimate,Seasonally adjusted,Percent,239,units,0,v2063382,4.7.1.1.1.1,9.6,,,,1
2001-02,Nova Scotia,2021A000212,Unemployment rate,Total - Gender,15 years and over,Estimate,Seasonally adjusted,Percent,239,units,0,v2063382,4.7.1.1.1.1,8.9,,,,1
2001-03,Nova Scotia,2021A000212,Unemployment rate,Total - Gender,15 years and over,Estimate,Seasonally adjusted,Percent,239,units,0,v2063382,4.7.1.1.1.1,10.1,,,,1
2001-04,Nova Scotia,2021A000212,Unemployment rate,Total - Gender,15 years and over,Estimate,Seasonally adjusted,Percent,239,units,0,v2063382,4.7.1.1.1.1,10.1,,,,1
2001-05,Nova Scotia,2021A000212,Unemployment rate,Total - Gender,15 years and over,Estimate,Seasonally adjusted,Percent,239,units,0,v2063382,4.7.1.1.1.1,10.2,,,,1
2001-06,Nova Scotia,2021A000212,Unemployment rate,Total - Gender,15 years and over,Estimate,Seasonally adjusted,Percent,239,units,0,v2063382,4.7.1.1.1.1,10.3,,,,1
2001-07,Nova Scotia,2021A000212,Unemployment rate,Total - Gender,15 years and over,Estimate,Seasonally adjusted,Percent,239,units,0,v2063382,4.7.1.1.1.1,9.8,,,,1
2001-08,Nova Scotia,2021A000212,Unemployment rate,Total - Gender,15 years and over,Estimate,Seasonally adjusted,Percent,239,units,0,v2063382,4.7.1.1.1.1,9.8,,,,1
2001-09,Nova Scotia,2021A000212,Unemployment rate,Total - Gender,15 years and over,Estimate,Seasonally adjusted,Percent,239,units,0,v2063382,4.7.1.1.1.1,9.6,,,,1
2001-10,Nova Scotia,2021A000212,Unemployment rate,Total - Gender,15 years and over,Estimate,Seasonally adjusted,Percent,239,units,0,v2063382,4.7.1.1.1.1,9.7,,,,1
2001-11,Nova Scotia,2021A000212,Unemployment rate,Total - Gender,15 years and over,Estimate,Seasonally adjusted,Percent,239,units,0,v2063382,4.7.1.1.1.1,9.1,,,,1
2001-12,Nova Scotia,2021A000212,Unemployment rate,Total - Gender,15 years and over,Estimate,Seasonally adjusted,Percent,239,units,0,v2063382,4.7.1.1.1.1,10,,,,1
2002-01,Nova Scotia,2021A000212,Unemployment rate,Total - Gender,15 years and over,Estimate,Seasonally adjusted,Percent,239,units,0,v2063382,4.7.1.1.1.1,9.8,,,,1
2002-02,Nova Scotia,2021A000212,Unemployment rate,Total - Gender,15 years and over,Estimate,Seasonally adjusted,Percent,239,units,0,v2063382,4.7.1.1.1.1,10.1,,,,1
2002-03,Nova Scotia,2021A000212,Unemployment rate,Total - Gender,15 years and over,Estimate,Seasonally adjusted,Percent,239,units,0,v2063382,4.7.1.1.1.1,9.3,,,,1
2002-04,Nova Scotia,2021A000212,Unemployment rate,Total - Gender,15 years and over,Estimate,Seasonally adjusted,Percent,239,units,0,v2063382,4.7.1.1.1.1,9.5,,,,1
2002-05,Nova Scotia,2021A000212,Unemployment rate,Total - Gender,15 years and over,Estimate,Seasonally adjusted,Percent,239,units,0,v2063382,4.7.1.1.1.1,10,,,,1
2002-06,Nova Scotia,2021A000212,Unemployment rate,Total - Gender,15 years and over,Estimate,Seasonally adjusted,Percent,239,units,0,v2063382,4.7.1.1.1.1,9.5,,,,1
2002-07,Nova Scotia,2021A000212,Unemployment rate,Total - Gender,15 years and over,Estimate,Seasonally adjusted,Percent,239,units,0,v2063382,4.7.1.1.1.1,10.1,,,,1
2002-08,Nova Scotia,2021A000212,Unemployment rate,Total - Gender,15 years and over,Estimate,Seasonally adjusted,Percent,239,units,0,v2063382,4.7.1.1.1.1,9.4,,,,1
2002-09,Nova Scotia,2021A000212,Unemployment rate,Total - Gender,15 years and over,Estimate,Seasonally adjusted,Percent,239,units,0,v2063382,4.7.1.1.1.1,9.6,,,,1
2002-10,Nova Scotia,2021A000212,Unemployment rate,Total - Gender,15 years and over,Estimate,Seasonally adjusted,Percent,239,units,0,v2063382,4.7.1.1.1.1,9.4,,,,1
2002-11,Nova Scotia,2021A000212,Unemployment rate,Total - Gender,15 years and over,Estimate,Seasonally adjusted,Percent,239,units,0,v2063382,4.7.1.1.1.1,9.3,,,,1
2002-12,Nova Scotia,2021A000212,Unemployment rate,Total - Gender,15 years and over,Estimate,Seasonally adjusted,Percent,239,units,0,v2063382,4.7.1.1.1.1,9.2,,,,1
2003-01,Nova Scotia,2021A000212,Unemployment rate,Total - Gender,15 years and over,Estimate,Seasonally adjusted,Percent,239,units,0,v2063382,4.7.1.1.1.1,9,,,,1
2003-02,Nova Scotia,2021A000212,Unemployment rate,Total - Gender,15 years and over,Estimate,Seasonally adjusted,Percent,239,units,0,v2063382,4.7.1.1.1.1,8.6,,,,1
2003-03,Nova Scotia,2021A000212,Unemployment rate,Total - Gender,15 years and over,Estimate,Seasonally adjusted,Percent,239,units,0,v2063382,4.7.1.1.1.1,8.9,,,,1
2003-04,Nova Scotia,2021A000212,Unemployment rate,Total - Gender,15 years and over,Estimate,Seasonally adjusted,Percent,239,units,0,v2063382,4.7.1.1.1.1,8.4,,,,1
2003-05,Nova Scotia,2021A000212,Unemployment rate,Total - Gender,15 years and over,Estimate,Seasonally adjusted,Percent,239,units,0,v2063382,4.7.1.1.1.1,8.9,,,,1
2003-06,Nova Scotia,2021A000212,Unemployment rate,Total - Gender,15 years and over,Estimate,Seasonally adjusted,Percent,239,units,0,v2063382,4.7.1.1.1.1,8.8,,,,1
2003-07,Nova Scotia,2021A000212,Unemployment rate,Total - Gender,15 years and over,Estimate,Seasonally adjusted,Percent,239,units,0,v2063382,4.7.1.1.1.1,9.3,,,,1
2003-08,Nova Scotia,2021A000212,Unemployment rate,Total - Gender,15 years and over,Estimate,Seasonally adjusted,Percent,239,units,0,v2063382,4.7.1.1.1.1,10,,,,1
2003-09,Nova Scotia,2021A000212,Unemployment rate,Total - Gender,15 years and over,Estimate,Seasonally adjusted,Percent,239,units,0,v2063382,4.7.1.1.1.1,9.3,,,,1
2003-10,Nova Scotia,2021A000212,Unemployment rate,Total - Gender,15 years and over,Estimate,Seasonally adjusted,Percent,239,units,0,v2063382,4.7.1.1.1.1,9.2,,,,1
2003-11,Nova Scotia,2021A000212,Unemployment rate,Total - Gender,15 years and over,Estimate,Seasonally adjusted,Percent,239,units,0,v2063382,4.7.1.1.1.1,9.7,,,,1
2003-12,Nova Scotia,2021A000212,Unemployment rate,Total - Gender,15 years and over,Estimate,Seasonally adjusted,Percent,239,units,0,v2063382,4.7.1.1.1.1,8.8,,,,1
2004-01,Nova Scotia,2021A000212,Unemployment rate,Total - Gender,15 years and over,Estimate,Seasonally adjusted,Percent,239,units,0,v2063382,4.7.1.1.1.1,9.3,,,,1
2004-02,Nova Scotia,2021A000212,Unemployment rate,Total - Gender,15 years and over,Estimate,Seasonally adjusted,Percent,239,units,0,v2063382,4.7.1.1.1.1,8.7,,,,1
2004-03,Nova Scotia,2021A000212,Unemployment rate,Total - Gender,15 years and over,Estimate,Seasonally adjusted,Percent,239,units,0,v2063382,4.7.1.1.1.1,9.3,,,,1
2004-04,Nova Scotia,2021A000212,Unemployment rate,Total - Gender,15 years and over,Estimate,Seasonally adjusted,Percent,239,units,0,v2063382,4.7.1.1.1.1,9.2,,,,1
2004-05,Nova Scotia,2021A000212,Unemployment rate,Total - Gender,15 years and over,Estimate,Seasonally adjusted,Percent,239,units,0,v2063382,4.7.1.1.1.1,8.7,,,,1
2004-06,Nova Scotia,2021A000212,Unemployment rate,Total - Gender,15 years and over,Estimate,Seasonally adjusted,Percent,239,units,0,v2063382,4.7.1.1.1.1,8.6,,,,1
2004-07,Nova Scotia,2021A000212,Unemployment rate,Total - Gender,15 years and over,Estimate,Seasonally adjusted,Percent,239,units,0,v2063382,4.7.1.1.1.1,8.3,,,,1
2004-08,Nova Scotia,2021A000212,Unemployment rate,Total - Gender,15 years and over,Estimate,Seasonally adjusted,Percent,239,units,0,v2063382,4.7.1.1.1.1,8.8,,,,1
2004-09,Nova Scotia,2021A000212,Unemployment rate,Total - Gender,15 years and over,Estimate,Seasonally adjusted,Percent,239,units,0,v2063382,4.7.1.1.1.1,8.4,,,,1
2004-10,Nova Scotia,2021A000212,Unemployment rate,Total - Gender,15 years and over,Estimate,Seasonally adjusted,Percent,239,units,0,v2063382,4.7.1.1.1.1,8.5,,,,1
2004-11,Nova Scotia,2021A000212,Unemployment rate,Total - Gender,15 years and over,Estimate,Seasonally adjusted,Percent,239,units,0,v2063382,4.7.1.1.1.1,8.9,,,,1
2004-12,Nova Scotia,2021A000212,Unemployment rate,Total - Gender,15 years and over,Estimate,Seasonally adjusted,Percent,239,units,0,v2063382,4.7.1.1.1.1,9,,,,1
2005-01,Nova Scotia,2021A000212,Unemployment rate,Total - Gender,15 years and over,Estimate,Seasonally adjusted,Percent,239,units,0,v2063382,4.7.1.1.1.1,8.8,,,,1
2005-02,Nova Scotia,2021A000212,Unemployment rate,Total - Gender,15 years and over,Estimate,Seasonally adjusted,Percent,239,units,0,v2063382,4.7.1.1.1.1,9.5,,,,1
2005-03,Nova Scotia,2021A000212,Unemployment rate,Total - Gender,15 years and over,Estimate,Seasonally adjusted,Percent,239,units,0,v2063382,4.7.1.1.1.1,8.6,,,,1
2005-04,Nova Scotia,2021A000212,Unemployment rate,Total - Gender,15 years and over,Estimate,Seasonally adjusted,Percent,239,units,0,v2063382,4.7.1.1.1.1,8.6,,,,1
2005-05,Nova Scotia,2021A000212,Unemployment rate,Total - Gender,15 years and over,Estimate,Seasonally adjusted,Percent,239,units,0,v2063382,4.7.1.1.1.1,8.1,,,,1
2005-06,Nova Scotia,2021A000212,Unemployment rate,Total - Gender,15 years and over,Estimate,Seasonally adjusted,Percent,239,units,0,v2063382,4.7.1.1.1.1,8.5,,,,1
2005-07,Nova Scotia,2021A000212,Unemployment rate,Total - Gender,15 years and over,Estimate,Seasonally adjusted,Percent,239,units,0,v2063382,4.7.1.1.1.1,7.8,,,,1
2005-08,Nova Scotia,2021A000212,Unemployment rate,Total - Gender,15 years and over,Estimate,Seasonally adjusted,Percent,239,units,0,v2063382,4.7.1.1.1.1,7.3,,,,1
2005-09,Nova Scotia,2021A000212,Unemployment rate,Total - Gender,15 years and over,Estimate,Seasonally adjusted,Percent,239,units,0,v2063382,4.7.1.1.1.1,8.4,,,,1
2005-10,Nova Scotia,2021A000212,Unemployment rate,Total - Gender,15 years and over,Estimate,Seasonally adjusted,Percent,239,units,0,v2063382,4.7.1.1.1.1,8.5,,,,1
2005-11,Nova Scotia,2021A000212,Unemployment rate,Total - Gender,15 years and over,Estimate,Seasonally adjusted,Percent,239,units,0,v2063382,4.7.1.1.1.1,8.3,,,,1
2005-12,Nova Scotia,2021A000212,Unemployment rate,Total - Gender,15 years and over,Estimate,Seasonally adjusted,Percent,239,units,0,v2063382,4.7.1.1.1.1,8.7,,,,1
2006-01,Nova Scotia,2021A000212,Unemployment rate,Total - Gender,15 years and over,Estimate,Seasonally adjusted,Percent,239,units,0,v2063382,4.7.1.1.1.1,8,,,,1
2006-02,Nova Scotia,2021A000212,Unemployment rate,Total - Gender,15 years and over,Estimate,Seasonally adjusted,Percent,239,units,0,v2063382,4.7.1.1.1.1,8.6,,,,1
2006-03,Nova Scotia,2021A000212,Unemployment rate,Total - Gender,15 years and over,Estimate,Seasonally adjusted,Percent,239,units,0,v2063382,4.7.1.1.1.1,8.3,,,,1
2006-04,Nova Scotia,2021A000212,Unemployment rate,Total - Gender,15 years and over,Estimate,Seasonally adjusted,Percent,239,units,0,v2063382,4.7.1.1.1.1,8.6,,,,1
2006-05,Nova Scotia,2021A000212,Unemployment rate,Total - Gender,15 years and over,Estimate,Seasonally adjusted,Percent,239,units,0,v2063382,4.7.1.1.1.1,8.4,,,,1
2006-06,Nova Scotia,2021A000212,Unemployment rate,Total - Gender,15 years and over,Estimate,Seasonally adjusted,Percent,239,units,0,v2063382,4.7.1.1.1.1,8.5,,,,1
2006-07,Nova Scotia,2021A000212,Unemployment rate,Total - Gender,15 years and over,Estimate,Seasonally adjusted,Percent,239,units,0,v2063382,4.7.1.1.1.1,8.6,,,,1
2006-08,Nova Scotia,2021A000212,Unemployment rate,Total - Gender,15 years and over,Estimate,Seasonally adjusted,Percent,239,units,0,v2063382,4.7.1.1.1.1,8.2,,,,1
2006-09,Nova Scotia,2021A000212,Unemployment rate,Total - Gender,15 years and over,Estimate,Seasonally adjusted,Percent,239,units,0,v2063382,4.7.1.1.1.1,7.9,,,,1
2006-10,Nova Scotia,2021A000212,Unemployment rate,Total - Gender,15 years and over,Estimate,Seasonally adjusted,Percent,239,units,0,v2063382,4.7.1.1.1.1,8.1,,,,1
2006-11,Nova Scotia,2021A000212,Unemployment rate,Total - Gender,15 years and over,Estimate,Seasonally adjusted,Percent,239,units,0,v2063382,4.7.1.1.1.1,7.8,,,,1
2006-12,Nova Scotia,2021A000212,Unemployment rate,Total - Gender,15 years and over,Estimate,Seasonally adjusted,Percent,239,units,0,v2063382,4.7.1.1.1.1,7.9,,,,1
2007-01,Nova Scotia,2021A000212,Unemployment rate,Total - Gender,15 years and over,Estimate,Seasonally adjusted,Percent,239,units,0,v2063382,4.7.1.1.1.1,8.5,,,,1
2007-02,Nova Scotia,2021A000212,Unemployment rate,Total - Gender,15 years and over,Estimate,Seasonally adjusted,Percent,239,units,0,v2063382,4.7.1.1.1.1,7.8,,,,1
2007-03,Nova Scotia,2021A000212,Unemployment rate,Total - Gender,15 years and over,Estimate,Seasonally adjusted,Percent,239,units,0,v2063382,4.7.1.1.1.1,8.3,,,,1
2007-04,Nova Scotia,2021A000212,Unemployment rate,Total - Gender,15 years and over,Estimate,Seasonally adjusted,Percent,239,units,0,v2063382,4.7.1.1.1.1,8.2,,,,1
2007-05,Nova Scotia,2021A000212,Unemployment rate,Total - Gender,15 years and over,Estimate,Seasonally adjusted,Percent,239,units,0,v2063382,4.7.1.1.1.1,8.1,,,,1
2007-06,Nova Scotia,2021A000212,Unemployment rate,Total - Gender,15 years and over,Estimate,Seasonally adjusted,Percent,239,units,0,v2063382,4.7.1.1.1.1,8.3,,,,1
2007-07,Nova Scotia,2021A000212,Unemployment rate,Total - Gender,15 years and over,Estimate,Seasonally adjusted,Percent,239,units,0,v2063382,4.7.1.1.1.1,8.9,,,,1
2007-08,Nova Scotia,2021A000212,Unemployment rate,Total - Gender,15 years and over,Estimate,Seasonally adjusted,Percent,239,units,0,v2063382,4.7.1.1.1.1,8.3,,,,1
2007-09,Nova Scotia,2021A000212,Unemployment rate,Total - Gender,15 years and over,Estimate,Seasonally adjusted,Percent,239,units,0,v2063382,4.7.1.1.1.1,8.1,,,,1
2007-10,Nova Scotia,2021A000212,Unemployment rate,Total - Gender,15 years and over,Estimate,Seasonally adjusted,Percent,239,units,0,v2063382,4.7.1.1.1.1,7.7,,,,1
2007-11,Nova Scotia,2021A000212,Unemployment rate,Total - Gender,15 years and over,Estimate,Seasonally adjusted,Percent,239,units,0,v2063382,4.7.1.1.1.1,8.4,,,,1
2007-12,Nova Scotia,2021A000212,Unemployment rate,Total - Gender,15 years and over,Estimate,Seasonally adjusted,Percent,239,units,0,v2063382,4.7.1.1.1.1,7.9,,,,1
2008-01,Nova Scotia,2021A000212,Unemployment rate,Total - Gender,15 years and over,Estimate,Seasonally adjusted,Percent,239,units,0,v2063382,4.7.1.1.1.1,7.5,,,,1
2008-02,Nova Scotia,2021A000212,Unemployment rate,Total - Gender,15 years and over,Estimate,Seasonally adjusted,Percent,239,units,0,v2063382,4.7.1.1.1.1,8.1,,,,1
2008-03,Nova Scotia,2021A000212,Unemployment rate,Total - Gender,15 years and over,Estimate,Seasonally adjusted,Percent,239,units,0,v2063382,4.7.1.1.1.1,8.1,,,,1
2008-04,Nova Scotia,2021A000212,Unemployment rate,Total - Gender,15 years and over,Estimate,Seasonally adjusted,Percent,239,units,0,v2063382,4.7.1.1.1.1,7.3,,,,1
2008-05,Nova Scotia,2021A000212,Unemployment rate,Total - Gender,15 years and over,Estimate,Seasonally adjusted,Percent,239,units,0,v2063382,4.7.1.1.1.1,8.4,,,,1
2008-06,Nova Scotia,2021A000212,Unemployment rate,Total - Gender,15 years and over,Estimate,Seasonally adjusted,Percent,239,units,0,v2063382,4.7.1.1.1.1,7.7,,,,1
2008-07,Nova Scotia,2021A000212,Unemployment rate,Total - Gender,15 years and over,Estimate,Seasonally adjusted,Percent,239,units,0,v2063382,4.7.1.1.1.1,7.1,,,,1
2008-08,Nova Scotia,2021A000212,Unemployment rate,Total - Gender,15 years and over,Estimate,Seasonally adjusted,Percent,239,units,0,v2063382,4.7.1.1.1.1,8.2,,,,1
2008-09,Nova Scotia,2021A000212,Unemployment rate,Total - Gender,15 years and over,Estimate,Seasonally adjusted,Percent,239,units,0,v2063382,4.7.1.1.1.1,7.9,,,,1
2008-10,Nova Scotia,2021A000212,Unemployment rate,Total - Gender,15 years and over,Estimate,Seasonally adjusted,Percent,239,units,0,v2063382,4.7.1.1.1.1,8.3,,,,1
2008-11,Nova Scotia,2021A000212,Unemployment rate,Total - Gender,15 years and over,Estimate,Seasonally adjusted,Percent,239,units,0,v2063382,4.7.1.1.1.1,8.3,,,,1
2008-12,Nova Scotia,2021A000212,Unemployment rate,Total - Gender,15 years and over,Estimate,Seasonally adjusted,Percent,239,units,0,v2063382,4.7.1.1.1.1,8.2,,,,1
2009-01,Nova Scotia,2021A000212,Unemployment rate,Total - Gender,15 years and over,Estimate,Seasonally adjusted,Percent,239,units,0,v2063382,4.7.1.1.1.1,9,,,,1
2009-02,Nova Scotia,2021A000212,Unemployment rate,Total - Gender,15 years and over,Estimate,Seasonally adjusted,Percent,239,units,0,v2063382,4.7.1.1.1.1,8.7,,,,1
2009-03,Nova Scotia,2021A000212,Unemployment rate,Total - Gender,15 years and over,Estimate,Seasonally adjusted,Percent,239,units,0,v2063382,4.7.1.1.1.1,9.2,,,,1
2009-04,Nova Scotia,2021A000212,Unemployment rate,Total - Gender,15 years and over,Estimate,Seasonally adjusted,Percent,239,units,0,v2063382,4.7.1.1.1.1,10,,,,1
2009-05,Nova Scotia,2021A000212,Unemployment rate,Total - Gender,15 years and over,Estimate,Seasonally adjusted,Percent,239,units,0,v2063382,4.7.1.1.1.1,9.2,,,,1
2009-06,Nova Scotia,2021A000212,Unemployment rate,Total - Gender,15 years and over,Estimate,Seasonally adjusted,Percent,239,units,0,v2063382,4.7.1.1.1.1,9.5,,,,1
2009-07,Nova Scotia,2021A000212,Unemployment rate,Total - Gender,15 years and over,Estimate,Seasonally adjusted,Percent,239,units,0,v2063382,4.7.1.1.1.1,9.6,,,,1
2009-08,Nova Scotia,2021A000212,Unemployment rate,Total - Gender,15 years and over,Estimate,Seasonally adjusted,Percent,239,units,0,v2063382,4.7.1.1.1.1,9.3,,,,1
2009-09,Nova Scotia,2021A000212,Unemployment rate,Total - Gender,15 years and over,Estimate,Seasonally adjusted,Percent,239,units,0,v2063382,4.7.1.1.1.1,9.9,,,,1
2009-10,Nova Scotia,2021A000212,Unemployment rate,Total - Gender,15 years and over,Estimate,Seasonally adjusted,Percent,239,units,0,v2063382,4.7.1.1.1.1,9.2,,,,1
2009-11,Nova Scotia,2021A000212,Unemployment rate,Total - Gender,15 years and over,Estimate,Seasonally adjusted,Percent,239,units,0,v2063382,4.7.1.1.1.1,9.5,,,,1
2009-12,Nova Scotia,2021A000212,Unemployment rate,Total - Gender,15 years and over,Estimate,Seasonally adjusted,Percent,239,units,0,v2063382,4.7.1.1.1.1,9.2,,,,1
2010-01,Nova Scotia,2021A000212,Unemployment rate,Total - Gender,15 years and over,Estimate,Seasonally adjusted,Percent,239,units,0,v2063382,4.7.1.1.1.1,9.3,,,,1
2010-02,Nova Scotia,2021A000212,Unemployment rate,Total - Gender,15 years and over,Estimate,Seasonally adjusted,Percent,239,units,0,v2063382,4.7.1.1.1.1,9.2,,,,1
2010-03,Nova Scotia,2021A000212,Unemployment rate,Total - Gender,15 years and over,Estimate,Seasonally adjusted,Percent,239,units,0,v2063382,4.7.1.1.1.1,8.8,,,,1
2010-04,Nova Scotia,2021A000212,Unemployment rate,Total - Gender,15 years and over,Estimate,Seasonally adjusted,Percent,239,units,0,v2063382,4.7.1.1.1.1,8.6,,,,1
2010-05,Nova Scotia,2021A000212,Unemployment rate,Total - Gender,15 years and over,Estimate,Seasonally adjusted,Percent,239,units,0,v2063382,4.7.1.1.1.1,9,,,,1
2010-06,Nova Scotia,2021A000212,Unemployment rate,Total - Gender,15 years and over,Estimate,Seasonally adjusted,Percent,239,units,0,v2063382,4.7.1.1.1.1,9.2,,,,1
2010-07,Nova Scotia,2021A000212,Unemployment rate,Total - Gender,15 years and over,Estimate,Seasonally adjusted,Percent,239,units,0,v2063382,4.7.1.1.1.1,9.8,,,,1
2010-08,Nova Scotia,2021A000212,Unemployment rate,Total - Gender,15 years and over,Estimate,Seasonally adjusted,Percent,239,units,0,v2063382,4.7.1.1.1.1,10,,,,1
2010-09,Nova Scotia,2021A000212,Unemployment rate,Total - Gender,15 years and over,Estimate,Seasonally adjusted,Percent,239,units,0,v2063382,4.7.1.1.1.1,9.7,,,,1
2010-10,Nova Scotia,2021A000212,Unemployment rate,Total - Gender,15 years and over,Estimate,Seasonally adjusted,Percent,239,units,0,v2063382,4.7.1.1.1.1,10.1,,,,1
2010-11,Nova Scotia,2021A000212,Unemployment rate,Total - Gender,15 years and over,Estimate,Seasonally adjusted,Percent,239,units,0,v2063382,4.7.1.1.1.1,9.9,,,,1
2010-12,Nova Scotia,2021A000212,Unemployment rate,Total - Gender,15 years and over,Estimate,Seasonally adjusted,Percent,239,units,0,v2063382,4.7.1.1.1.1,10.8,,,,1
2011-01,Nova Scotia,2021A000212,Unemployment rate,Total - Gender,15 years and over,Estimate,Seasonally adjusted,Percent,239,units,0,v2063382,4.7.1.1.1.1,9.7,,,,1
2011-02,Nova Scotia,2021A000212,Unemployment rate,Total - Gender,15 years and over,Estimate,Seasonally adjusted,Percent,239,units,0,v2063382,4.7.1.1.1.1,9.5,,,,1
2011-03,Nova Scotia,2021A000212,Unemployment rate,Total - Gender,15 years and over,Estimate,Seasonally adjusted,Percent,239,units,0,v2063382,4.7.1.1.1.1,9.1,,,,1
2011-04,Nova Scotia,2021A000212,Unemployment rate,Total - Gender,15 years and over,Estimate,Seasonally adjusted,Percent,239,units,0,v2063382,4.7.1.1.1.1,9.4,,,,1
2011-05,Nova Scotia,2021A000212,Unemployment rate,Total - Gender,15 years and over,Estimate,Seasonally adjusted,Percent,239,units,0,v2063382,4.7.1.1.1.1,9.2,,,,1
2011-06,Nova Scotia,2021A000212,Unemployment rate,Total - Gender,15 years and over,Estimate,Seasonally adjusted,Percent,239,units,0,v2063382,4.7.1.1.1.1,8.7,,,,1
2011-07,Nova Scotia,2021A000212,Unemployment rate,Total - Gender,15 years and over,Estimate,Seasonally adjusted,Percent,239,units,0,v2063382,4.7.1.1.1.1,9.3,,,,1
2011-08,Nova Scotia,2021A000212,Unemployment rate,Total - Gender,15 years and over,Estimate,Seasonally adjusted,Percent,239,units,0,v2063382,4.7.1.1.1.1,8.8,,,,1
2011-09,Nova Scotia,2021A000212,Unemployment rate,Total - Gender,15 years and over,Estimate,Seasonally adjusted,Percent,239,units,0,v2063382,4.7.1.1.1.1,8.9,,,,1
2011-10,Nova Scotia,2021A000212,Unemployment rate,Total - Gender,15 years and over,Estimate,Seasonally adjusted,Percent,239,units,0,v2063382,4.7.1.1.1.1,8.9,,,,1
2011-11,Nova Scotia,2021A000212,Unemployment rate,Total - Gender,15 years and over,Estimate,Seasonally adjusted,Percent,239,units,0,v2063382,4.7.1.1.1.1,9.1,,,,1
2011-12,Nova Scotia,2021A000212,Unemployment rate,Total - Gender,15 years and over,Estimate,Seasonally adjusted,Percent,239,units,0,v2063382,4.7.1.1.1.1,7.8,,,,1
2012-01,Nova Scotia,2021A000212,Unemployment rate,Total - Gender,15 years and over,Estimate,Seasonally adjusted,Percent,239,units,0,v2063382,4.7.1.1.1.1,8.7,,,,1
2012-02,Nova Scotia,2021A000212,Unemployment rate,Total - Gender,15 years and over,Estimate,Seasonally adjusted,Percent,239,units,0,v2063382,4.7.1.1.1.1,8.6,,,,1
2012-03,Nova Scotia,2021A000212,Unemployment rate,Total - Gender,15 years and over,Estimate,Seasonally adjusted,Percent,239,units,0,v2063382,4.7.1.1.1.1,9,,,,1
2012-04,Nova Scotia,2021A000212,Unemployment rate,Total - Gender,15 years and over,Estimate,Seasonally adjusted,Percent,239,units,0,v2063382,4.7.1.1.1.1,9.2,,,,1
2012-05,Nova Scotia,2021A000212,Unemployment rate,Total - Gender,15 years and over,Estimate,Seasonally adjusted,Percent,239,units,0,v2063382,4.7.1.1.1.1,9.6,,,,1
2012-06,Nova Scotia,2021A000212,Unemployment rate,Total - Gender,15 years and over,Estimate,Seasonally adjusted,Percent,239,units,0,v2063382,4.7.1.1.1.1,9.5,,,,1
2012-07,Nova Scotia,2021A000212,Unemployment rate,Total - Gender,15 years and over,Estimate,Seasonally adjusted,Percent,239,units,0,v2063382,4.7.1.1.1.1,9.5,,,,1
2012-08,Nova Scotia,2021A000212,Unemployment rate,Total - Gender,15 years and over,Estimate,Seasonally adjusted,Percent,239,units,0,v2063382,4.7.1.1.1.1,9.9,,,,1
2012-09,Nova Scotia,2021A000212,Unemployment rate,Total - Gender,15 years and over,Estimate,Seasonally adjusted,Percent,239,units,0,v2063382,4.7.1.1.1.1,9.1,,,,1
2012-10,Nova Scotia,2021A000212,Unemployment rate,Total - Gender,15 years and over,Estimate,Seasonally adjusted,Percent,239,units,0,v2063382,4.7.1.1.1.1,9.6,,,,1
2012-11,Nova Scotia,2021A000212,Unemployment rate,Total - Gender,15 years and over,Estimate,Seasonally adjusted,Percent,239,units,0,v2063382,4.7.1.1.1.1,9.3,,,,1
2012-12,Nova Scotia,2021A000212,Unemployment rate,Total - Gender,15 years and over,Estimate,Seasonally adjusted,Percent,239,units,0,v2063382,4.7.1.1.1.1,10,,,,1
2013-01,Nova Scotia,2021A000212,Unemployment rate,Total - Gender,15 years and over,Estimate,Seasonally adjusted,Percent,239,units,0,v2063382,4.7.1.1.1.1,9.7,,,,1
2013-02,Nova Scotia,2021A000212,Unemployment rate,Total - Gender,15 years and over,Estimate,Seasonally adjusted,Percent,239,units,0,v2063382,4.7.1.1.1.1,9.3,,,,1
2013-03,Nova Scotia,2021A000212,Unemployment rate,Total - Gender,15 years and over,Estimate,Seasonally adjusted,Percent,239,units,0,v2063382,4.7.1.1.1.1,9.3,,,,1
2013-04,Nova Scotia,2021A000212,Unemployment rate,Total - Gender,15 years and over,Estimate,Seasonally adjusted,Percent,239,units,0,v2063382,4.7.1.1.1.1,8.9,,,,1
2013-05,Nova Scotia,2021A000212,Unemployment rate,Total - Gender,15 years and over,Estimate,Seasonally adjusted,Percent,239,units,0,v2063382,4.7.1.1.1.1,8.7,,,,1
2013-06,Nova Scotia,2021A000212,Unemployment rate,Total - Gender,15 years and over,Estimate,Seasonally adjusted,Percent,239,units,0,v2063382,4.7.1.1.1.1,9.1,,,,1
2013-07,Nova Scotia,2021A000212,Unemployment rate,Total - Gender,15 years and over,Estimate,Seasonally adjusted,Percent,239,units,0,v2063382,4.7.1.1.1.1,8.8,,,,1
2013-08,Nova Scotia,2021A000212,Unemployment rate,Total - Gender,15 years and over,Estimate,Seasonally adjusted,Percent,239,units,0,v2063382,4.7.1.1.1.1,9.1,,,,1
2013-09,Nova Scotia,2021A000212,Unemployment rate,Total - Gender,15 years and over,Estimate,Seasonally adjusted,Percent,239,units,0,v2063382,4.7.1.1.1.1,8.8,,,,1
2013-10,Nova Scotia,2021A000212,Unemployment rate,Total - Gender,15 years and over,Estimate,Seasonally adjusted,Percent,239,units,0,v2063382,4.7.1.1.1.1,9.3,,,,1
2013-11,Nova Scotia,2021A000212,Unemployment rate,Total - Gender,15 years and over,Estimate,Seasonally adjusted,Percent,239,units,0,v2063382,4.7.1.1.1.1,9,,,,1
2013-12,Nova Scotia,2021A000212,Unemployment rate,Total - Gender,15 years and over,Estimate,Seasonally adjusted,Percent,239,units,0,v2063382,4.7.1.1.1.1,9.4,,,,1
2014-01,Nova Scotia,2021A000212,Unemployment rate,Total - Gender,15 years and over,Estimate,Seasonally adjusted,Percent,239,units,0,v2063382,4.7.1.1.1.1,9.3,,,,1
2014-02,Nova Scotia,2021A000212,Unemployment rate,Total - Gender,15 years and over,Estimate,Seasonally adjusted,Percent,239,units,0,v2063382,4.7.1.1.1.1,9.2,,,,1
2014-03,Nova Scotia,2021A000212,Unemployment rate,Total - Gender,15 years and over,Estimate,Seasonally adjusted,Percent,239,units,0,v2063382,4.7.1.1.1.1,9.2,,,,1
2014-04,Nova Scotia,2021A000212,Unemployment rate,Total - Gender,15 years and over,Estimate,Seasonally adjusted,Percent,239,units,0,v2063382,4.7.1.1.1.1,9.3,,,,1
2014-05,Nova Scotia,2021A000212,Unemployment rate,Total - Gender,15 years and over,Estimate,Seasonally adjusted,Percent,239,units,0,v2063382,4.7.1.1.1.1,9.3,,,,1
2014-06,Nova Scotia,2021A000212,Unemployment rate,Total - Gender,15 years and over,Estimate,Seasonally adjusted,Percent,239,units,0,v2063382,4.7.1.1.1.1,9.4,,,,1
2014-07,Nova Scotia,2021A000212,Unemployment rate,Total - Gender,15 years and over,Estimate,Seasonally adjusted,Percent,239,units,0,v2063382,4.7.1.1.1.1,9.6,,,,1
2014-08,Nova Scotia,2021A000212,Unemployment rate,Total - Gender,15 years and over,Estimate,Seasonally adjusted,Percent,239,units,0,v2063382,4.7.1.1.1.1,8.8,,,,1
2014-09,Nova Scotia,2021A000212,Unemployment rate,Total - Gender,15 years and over,Estimate,Seasonally adjusted,Percent,239,units,0,v2063382,4.7.1.1.1.1,9.1,,,,1
2014-10,Nova Scotia,2021A000212,Unemployment rate,Total - Gender,15 years and over,Estimate,Seasonally adjusted,Percent,239,units,0,v2063382,4.7.1.1.1.1,9,,,,1
2014-11,Nova Scotia,2021A000212,Unemployment rate,Total - Gender,15 years and over,Estimate,Seasonally adjusted,Percent,239,units,0,v2063382,4.7.1.1.1.1,8.7,,,,1
2014-12,Nova Scotia,2021A000212,Unemployment rate,Total - Gender,15 years and over,Estimate,Seasonally adjusted,Percent,239,units,0,v2063382,4.7.1.1.1.1,8.3,,,,1
2015-01,Nova Scotia,2021A000212,Unemployment rate,Total - Gender,15 years and over,Estimate,Seasonally adjusted,Percent,239,units,0,v2063382,4.7.1.1.1.1,8.9,,,,1
2015-02,Nova Scotia,2021A000212,Unemployment rate,Total - Gender,15 years and over,Estimate,Seasonally adjusted,Percent,239,units,0,v2063382,4.7.1.1.1.1,9.2,,,,1
2015-03,Nova Scotia,2021A000212,Unemployment rate,Total - Gender,15 years and over,Estimate,Seasonally adjusted,Percent,239,units,0,v2063382,4.7.1.1.1.1,9.5,,,,1
2015-04,Nova Scotia,2021A000212,Unemployment rate,Total - Gender,15 years and over,Estimate,Seasonally adjusted,Percent,239,units,0,v2063382,4.7.1.1.1.1,9.8,,,,1
2015-05,Nova Scotia,2021A000212,Unemployment rate,Total - Gender,15 years and over,Estimate,Seasonally adjusted,Percent,239,units,0,v2063382,4.7.1.1.1.1,9.1,,,,1
2015-06,Nova Scotia,2021A000212,Unemployment rate,Total - Gender,15 years and over,Estimate,Seasonally adjusted,Percent,239,units,0,v2063382,4.7.1.1.1.1,8.5,,,,1
2015-07,Nova Scotia,2021A000212,Unemployment rate,Total - Gender,15 years and over,Estimate,Seasonally adjusted,Percent,239,units,0,v2063382,4.7.1.1.1.1,8.3,,,,1
2015-08,Nova Scotia,2021A000212,Unemployment rate,Total - Gender,15 years and over,Estimate,Seasonally adjusted,Percent,239,units,0,v2063382,4.7.1.1.1.1,8.3,,,,1
2015-09,Nova Scotia,2021A000212,Unemployment rate,Total - Gender,15 years and over,Estimate,Seasonally adjusted,Percent,239,units,0,v2063382,4.7.1.1.1.1,8.6,,,,1
2015-10,Nova Scotia,2021A000212,Unemployment rate,Total - Gender,15 years and over,Estimate,Seasonally adjusted,Percent,239,units,0,v2063382,4.7.1.1.1.1,7.9,,,,1
2015-11,Nova Scotia,2021A000212,Unemployment rate,Total - Gender,15 years and over,Estimate,Seasonally adjusted,Percent,239,units,0,v2063382,4.7.1.1.1.1,9.2,,,,1
2015-12,Nova Scotia,2021A000212,Unemployment rate,Total - Gender,15 years and over,Estimate,Seasonally adjusted,Percent,239,units,0,v2063382,4.7.1.1.1.1,9.1,,,,1
2016-01,Nova Scotia,2021A000212,Unemployment rate,Total - Gender,15 years and over,Estimate,Seasonally adjusted,Percent,239,units,0,v2063382,4.7.1.1.1.1,9.1,,,,1
2016-02,Nova Scotia,2021A000212,Unemployment rate,Total - Gender,15 years and over,Estimate,Seasonally adjusted,Percent,239,units,0,v2063382,4.7.1.1.1.1,8.9,,,,1
2016-03,Nova Scotia,2021A000212,Unemployment rate,Total - Gender,15 years and over,Estimate,Seasonally adjusted,Percent,239,units,0,v2063382,4.7.1.1.1.1,8.8,,,,1
2016-04,Nova Scotia,2021A000212,Unemployment rate,Total - Gender,15 years and over,Estimate,Seasonally adjusted,Percent,239,units,0,v2063382,4.7.1.1.1.1,8,,,,1
2016-05,Nova Scotia,2021A000212,Unemployment rate,Total - Gender,15 years and over,Estimate,Seasonally adjusted,Percent,239,units,0,v2063382,4.7.1.1.1.1,8.8,,,,1
2016-06,Nova Scotia,2021A000212,Unemployment rate,Total - Gender,15 years and over,Estimate,Seasonally adjusted,Percent,239,units,0,v2063382,4.7.1.1.1.1,8,,,,1
2016-07,Nova Scotia,2021A000212,Unemployment rate,Total - Gender,15 years and over,Estimate,Seasonally adjusted,Percent,239,units,0,v2063382,4.7.1.1.1.1,8.5,,,,1
2016-08,Nova Scotia,2021A000212,Unemployment rate,Total - Gender,15 years and over,Estimate,Seasonally adjusted,Percent,239,units,0,v2063382,4.7.1.1.1.1,8.3,,,,1
2016-09,Nova Scotia,2021A000212,Unemployment rate,Total - Gender,15 years and over,Estimate,Seasonally adjusted,Percent,239,units,0,v2063382,4.7.1.1.1.1,8.2,,,,1
2016-10,Nova Scotia,2021A000212,Unemployment rate,Total - Gender,15 years and over,Estimate,Seasonally adjusted,Percent,239,units,0,v2063382,4.7.1.1.1.1,7.9,,,,1
2016-11,Nova Scotia,2021A000212,Unemployment rate,Total - Gender,15 years and over,Estimate,Seasonally adjusted,Percent,239,units,0,v2063382,4.7.1.1.1.1,8.2,,,,1
2016-12,Nova Scotia,2021A000212,Unemployment rate,Total - Gender,15 years and over,Estimate,Seasonally adjusted,Percent,239,units,0,v2063382,4.7.1.1.1.1,8.6,,,,1
2017-01,Nova Scotia,2021A000212,Unemployment rate,Total - Gender,15 years and over,Estimate,Seasonally adjusted,Percent,239,units,0,v2063382,4.7.1.1.1.1,8.4,,,,1
2017-02,Nova Scotia,2021A000212,Unemployment rate,Total - Gender,15 years and over,Estimate,Seasonally adjusted,Percent,239,units,0,v2063382,4.7.1.1.1.1,8.6,,,,1
2017-03,Nova Scotia,2021A000212,Unemployment rate,Total - Gender,15 years and over,Estimate,Seasonally adjusted,Percent,239,units,0,v2063382,4.7.1.1.1.1,9.2,,,,1
2017-04,Nova Scotia,2021A000212,Unemployment rate,Total - Gender,15 years and over,Estimate,Seasonally adjusted,Percent,239,units,0,v2063382,4.7.1.1.1.1,8.8,,,,1
2017-05,Nova Scotia,2021A000212,Unemployment rate,Total - Gender,15 years and over,Estimate,Seasonally adjusted,Percent,239,units,0,v2063382,4.7.1.1.1.1,8.5,,,,1
2017-06,Nova Scotia,2021A000212,Unemployment rate,Total - Gender,15 years and over,Estimate,Seasonally adjusted,Percent,239,units,0,v2063382,4.7.1.1.1.1,9,,,,1
2017-07,Nova Scotia,2021A000212,Unemployment rate,Total - Gender,15 years and over,Estimate,Seasonally adjusted,Percent,239,units,0,v2063382,4.7.1.1.1.1,8.2,,,,1
2017-08,Nova Scotia,2021A000212,Unemployment rate,Total - Gender,15 years and over,Estimate,Seasonally adjusted,Percent,239,units,0,v2063382,4.7.1.1.1.1,8.5,,,,1
2017-09,Nova Scotia,2021A000212,Unemployment rate,Total - Gender,15 years and over,Estimate,Seasonally adjusted,Percent,239,units,0,v2063382,4.7.1.1.1.1,9.1,,,,1
2017-10,Nova Scotia,2021A000212,Unemployment rate,Total - Gender,15 years and over,Estimate,Seasonally adjusted,Percent,239,units,0,v2063382,4.7.1.1.1.1,8.7,,,,1
2017-11,Nova Scotia,2021A000212,Unemployment rate,Total - Gender,15 years and over,Estimate,Seasonally adjusted,Percent,239,units,0,v2063382,4.7.1.1.1.1,9.1,,,,1
2017-12,Nova Scotia,2021A000212,Unemployment rate,Total - Gender,15 years and over,Estimate,Seasonally adjusted,Percent,239,units,0,v2063382,4.7.1.1.1.1,8.2,,,,1
2018-01,Nova Scotia,2021A000212,Unemployment rate,Total - Gender,15 years and over,Estimate,Seasonally adjusted,Percent,239,units,0,v2063382,4.7.1.1.1.1,8.6,,,,1
2018-02,Nova Scotia,2021A000212,Unemployment rate,Total - Gender,15 years and over,Estimate,Seasonally adjusted,Percent,239,units,0,v2063382,4.7.1.1.1.1,8.7,,,,1
2018-03,Nova Scotia,2021A000212,Unemployment rate,Total - Gender,15 years and over,Estimate,Seasonally adjusted,Percent,239,units,0,v2063382,4.7.1.1.1.1,8.3,,,,1
2018-04,Nova Scotia,2021A000212,Unemployment rate,Total - Gender,15 years and over,Estimate,Seasonally adjusted,Percent,239,units,0,v2063382,4.7.1.1.1.1,7.3,,,,1
2018-05,Nova Scotia,2021A000212,Unemployment rate,Total - Gender,15 years and over,Estimate,Seasonally adjusted,Percent,239,units,0,v2063382,4.7.1.1.1.1,7.5,,,,1
2018-06,Nova Scotia,2021A000212,Unemployment rate,Total - Gender,15 years and over,Estimate,Seasonally adjusted,Percent,239,units,0,v2063382,4.7.1.1.1.1,7.9,,,,1
2018-07,Nova Scotia,2021A000212,Unemployment rate,Total - Gender,15 years and over,Estimate,Seasonally adjusted,Percent,239,units,0,v2063382,4.7.1.1.1.1,8.4,,,,1
2018-08,Nova Scotia,2021A000212,Unemployment rate,Total - Gender,15 years and over,Estimate,Seasonally adjusted,Percent,239,units,0,v2063382,4.7.1.1.1.1,8.3,,,,1
2018-09,Nova Scotia,2021A000212,Unemployment rate,Total - Gender,15 years and over,Estimate,Seasonally adjusted,Percent,239,units,0,v2063382,4.7.1.1.1.1,7.9,,,,1
2018-10,Nova Scotia,2021A000212,Unemployment rate,Total - Gender,15 years and over,Estimate,Seasonally adjusted,Percent,239,units,0,v2063382,4.7.1.1.1.1,7.6,,,,1
2018-11,Nova Scotia,2021A000212,Unemployment rate,Total - Gender,15 years and over,Estimate,Seasonally adjusted,Percent,239,units,0,v2063382,4.7.1.1.1.1,7.2,,,,1
2018-12,Nova Scotia,2021A000212,Unemployment rate,Total - Gender,15 years and over,Estimate,Seasonally adjusted,Percent,239,units,0,v2063382,4.7.1.1.1.1,7.1,,,,1
2019-01,Nova Scotia,2021A000212,Unemployment rate,Total - Gender,15 years and over,Estimate,Seasonally adjusted,Percent,239,units,0,v2063382,4.7.1.1.1.1,7.4,,,,1
2019-02,Nova Scotia,2021A000212,Unemployment rate,Total - Gender,15 years and over,Estimate,Seasonally adjusted,Percent,239,units,0,v2063382,4.7.1.1.1.1,7.1,,,,1
2019-03,Nova Scotia,2021A000212,Unemployment rate,Total - Gender,15 years and over,Estimate,Seasonally adjusted,Percent,239,units,0,v2063382,4.7.1.1.1.1,6.9,,,,1
2019-04,Nova Scotia,2021A000212,Unemployment rate,Total - Gender,15 years and over,Estimate,Seasonally adjusted,Percent,239,units,0,v2063382,4.7.1.1.1.1,7.4,,,,1
2019-05,Nova Scotia,2021A000212,Unemployment rate,Total - Gender,15 years and over,Estimate,Seasonally adjusted,Percent,239,units,0,v2063382,4.7.1.1.1.1,7.1,,,,1
2019-06,Nova Scotia,2021A000212,Unemployment rate,Total - Gender,15 years and over,Estimate,Seasonally adjusted,Percent,239,units,0,v2063382,4.7.1.1.1.1,7.1,,,,1
2019-07,Nova Scotia,2021A000212,Unemployment rate,Total - Gender,15 years and over,Estimate,Seasonally adjusted,Percent,239,units,0,v2063382,4.7.1.1.1.1,7.5,,,,1
2019-08,Nova Scotia,2021A000212,Unemployment rate,Total - Gender,15 years and over,Estimate,Seasonally adjusted,Percent,239,units,0,v2063382,4.7.1.1.1.1,8,,,,1
2019-09,Nova Scotia,2021A000212,Unemployment rate,Total - Gender,15 years and over,Estimate,Seasonally adjusted,Percent,239,units,0,v2063382,4.7.1.1.1.1,7.3,,,,1
2019-10,Nova Scotia,2021A000212,Unemployment rate,Total - Gender,15 years and over,Estimate,Seasonally adjusted,Percent,239,units,0,v2063382,4.7.1.1.1.1,7.8,,,,1
2019-11,Nova Scotia,2021A000212,Unemployment rate,Total - Gender,15 years and over,Estimate,Seasonally adjusted,Percent,239,units,0,v2063382,4.7.1.1.1.1,8.3,,,,1
2019-12,Nova Scotia,2021A000212,Unemployment rate,Total - Gender,15 years and over,Estimate,Seasonally adjusted,Percent,239,units,0,v2063382,4.7.1.1.1.1,8.1,,,,1
2020-01,Nova Scotia,2021A000212,Unemployment rate,Total - Gender,15 years and over,Estimate,Seasonally adjusted,Percent,239,units,0,v2063382,4.7.1.1.1.1,8.1,,,,1
2020-02,Nova Scotia,2021A000212,Unemployment rate,Total - Gender,15 years and over,Estimate,Seasonally adjusted,Percent,239,units,0,v2063382,4.7.1.1.1.1,8.6,,,,1
2020-03,Nova Scotia,2021A000212,Unemployment rate,Total - Gender,15 years and over,Estimate,Seasonally adjusted,Percent,239,units,0,v2063382,4.7.1.1.1.1,9.9,,,,1
2020-04,Nova Scotia,2021A000212,Unemployment rate,Total - Gender,15 years and over,Estimate,Seasonally adjusted,Percent,239,units,0,v2063382,4.7.1.1.1.1,12.8,,,,1
2020-05,Nova Scotia,2021A000212,Unemployment rate,Total - Gender,15 years and over,Estimate,Seasonally adjusted,Percent,239,units,0,v2063382,4.7.1.1.1.1,14.6,,,,1
2020-06,Nova Scotia,2021A000212,Unemployment rate,Total - Gender,15 years and over,Estimate,Seasonally adjusted,Percent,239,units,0,v2063382,4.7.1.1.1.1,13.8,,,,1
2020-07,Nova Scotia,2021A000212,Unemployment rate,Total - Gender,15 years and over,Estimate,Seasonally adjusted,Percent,239,units,0,v2063382,4.7.1.1.1.1,10.9,,,,1
2020-08,Nova Scotia,2021A000212,Unemployment rate,Total - Gender,15 years and over,Estimate,Seasonally adjusted,Percent,239,units,0,v2063382,4.7.1.1.1.1,10,,,,1
2020-09,Nova Scotia,2021A000212,Unemployment rate,Total - Gender,15 years and over,Estimate,Seasonally adjusted,Percent,239,units,0,v2063382,4.7.1.1.1.1,7.6,,,,1
2020-10,Nova Scotia,2021A000212,Unemployment rate,Total - Gender,15 years and over,Estimate,Seasonally adjusted,Percent,239,units,0,v2063382,4.7.1.1.1.1,8.7,,,,1
2020-11,Nova Scotia,2021A000212,Unemployment rate,Total - Gender,15 years and over,Estimate,Seasonally adjusted,Percent,239,units,0,v2063382,4.7.1.1.1.1,6.8,,,,1
2020-12,Nova Scotia,2021A000212,Unemployment rate,Total - Gender,15 years and over,Estimate,Seasonally adjusted,Percent,239,units,0,v2063382,4.7.1.1.1.1,8.5,,,,1
2021-01,Nova Scotia,2021A000212,Unemployment rate,Total - Gender,15 years and over,Estimate,Seasonally adjusted,Percent,239,units,0,v2063382,4.7.1.1.1.1,9,,,,1
2021-02,Nova Scotia,2021A000212,Unemployment rate,Total - Gender,15 years and over,Estimate,Seasonally adjusted,Percent,239,units,0,v2063382,4.7.1.1.1.1,8.5,,,,1
2021-03,Nova Scotia,2021A000212,Unemployment rate,Total - Gender,15 years and over,Estimate,Seasonally adjusted,Percent,239,units,0,v2063382,4.7.1.1.1.1,9.2,,,,1
2021-04,Nova Scotia,2021A000212,Unemployment rate,Total - Gender,15 years and over,Estimate,Seasonally adjusted,Percent,239,units,0,v2063382,4.7.1.1.1.1,8.4,,,,1
2021-05,Nova Scotia,2021A000212,Unemployment rate,Total - Gender,15 years and over,Estimate,Seasonally adjusted,Percent,239,units,0,v2063382,4.7.1.1.1.1,10.5,,,,1
2021-06,Nova Scotia,2021A000212,Unemployment rate,Total - Gender,15 years and over,Estimate,Seasonally adjusted,Percent,239,units,0,v2063382,4.7.1.1.1.1,8.7,,,,1
2021-07,Nova Scotia,2021A000212,Unemployment rate,Total - Gender,15 years and over,Estimate,Seasonally adjusted,Percent,239,units,0,v2063382,4.7.1.1.1.1,8.5,,,,1
2021-08,Nova Scotia,2021A000212,Unemployment rate,Total - Gender,15 years and over,Estimate,Seasonally adjusted,Percent,239,units,0,v2063382,4.7.1.1.1.1,8,,,,1
2021-09,Nova Scotia,2021A000212,Unemployment rate,Total - Gender,15 years and over,Estimate,Seasonally adjusted,Percent,239,units,0,v2063382,4.7.1.1.1.1,7.9,,,,1
2021-10,Nova Scotia,2021A000212,Unemployment rate,Total - Gender,15 years and over,Estimate,Seasonally adjusted,Percent,239,units,0,v2063382,4.7.1.1.1.1,7.9,,,,1
2021-11,Nova Scotia,2021A000212,Unemployment rate,Total - Gender,15 years and over,Estimate,Seasonally adjusted,Percent,239,units,0,v2063382,4.7.1.1.1.1,8.7,,,,1
2021-12,Nova Scotia,2021A000212,Unemployment rate,Total - Gender,15 years and over,Estimate,Seasonally adjusted,Percent,239,units,0,v2063382,4.7.1.1.1.1,7.5,,,,1
2022-01,Nova Scotia,2021A000212,Unemployment rate,Total - Gender,15 years and over,Estimate,Seasonally adjusted,Percent,239,units,0,v2063382,4.7.1.1.1.1,7.1,,,,1
2022-02,Nova Scotia,2021A000212,Unemployment rate,Total - Gender,15 years and over,Estimate,Seasonally adjusted,Percent,239,units,0,v2063382,4.7.1.1.1.1,6.5,,,,1
2022-03,Nova Scotia,2021A000212,Unemployment rate,Total - Gender,15 years and over,Estimate,Seasonally adjusted,Percent,239,units,0,v2063382,4.7.1.1.1.1,7,,,,1
2022-04,Nova Scotia,2021A000212,Unemployment rate,Total - Gender,15 years and over,Estimate,Seasonally adjusted,Percent,239,units,0,v2063382,4.7.1.1.1.1,6.1,,,,1
2022-05,Nova Scotia,2021A000212,Unemployment rate,Total - Gender,15 years and over,Estimate,Seasonally adjusted,Percent,239,units,0,v2063382,4.7.1.1.1.1,7,,,,1
2022-06,Nova Scotia,2021A000212,Unemployment rate,Total - Gender,15 years and over,Estimate,Seasonally adjusted,Percent,239,units,0,v2063382,4.7.1.1.1.1,6.5,,,,1
2022-07,Nova Scotia,2021A000212,Unemployment rate,Total - Gender,15 years and over,Estimate,Seasonally adjusted,Percent,239,units,0,v2063382,4.7.1.1.1.1,6.4,,,,1
2022-08,Nova Scotia,2021A000212,Unemployment rate,Total - Gender,15 years and over,Estimate,Seasonally adjusted,Percent,239,units,0,v2063382,4.7.1.1.1.1,7.5,,,,1
2022-09,Nova Scotia,2021A000212,Unemployment rate,Total - Gender,15 years and over,Estimate,Seasonally adjusted,Percent,239,units,0,v2063382,4.7.1.1.1.1,6.2,,,,1
2022-10,Nova Scotia,2021A000212,Unemployment rate,Total - Gender,15 years and over,Estimate,Seasonally adjusted,Percent,239,units,0,v2063382,4.7.1.1.1.1,6.8,,,,1
2022-11,Nova Scotia,2021A000212,Unemployment rate,Total - Gender,15 years and over,Estimate,Seasonally adjusted,Percent,239,units,0,v2063382,4.7.1.1.1.1,5.7,,,,1
2022-12,Nova Scotia,2021A000212,Unemployment rate,Total - Gender,15 years and over,Estimate,Seasonally adjusted,Percent,239,units,0,v2063382,4.7.1.1.1.1,6.3,,,,1
2023-01,Nova Scotia,2021A000212,Unemployment rate,Total - Gender,15 years and over,Estimate,Seasonally adjusted,Percent,239,units,0,v2063382,4.7.1.1.1.1,5.3,,,,1
2023-02,Nova Scotia,2021A000212,Unemployment rate,Total - Gender,15 years and over,Estimate,Seasonally adjusted,Percent,239,units,0,v2063382,4.7.1.1.1.1,6,,,,1
2023-03,Nova Scotia,2021A000212,Unemployment rate,Total - Gender,15 years and over,Estimate,Seasonally adjusted,Percent,239,units,0,v2063382,4.7.1.1.1.1,5.8,,,,1
2023-04,Nova Scotia,2021A000212,Unemployment rate,Total - Gender,15 years and over,Estimate,Seasonally adjusted,Percent,239,units,0,v2063382,4.7.1.1.1.1,6.5,,,,1
2023-05,Nova Scotia,2021A000212,Unemployment rate,Total - Gender,15 years and over,Estimate,Seasonally adjusted,Percent,239,units,0,v2063382,4.7.1.1.1.1,6.1,,,,1
2023-06,Nova Scotia,2021A000212,Unemployment rate,Total - Gender,15 years and over,Estimate,Seasonally adjusted,Percent,239,units,0,v2063382,4.7.1.1.1.1,6.5,,,,1
2023-07,Nova Scotia,2021A000212,Unemployment rate,Total - Gender,15 years and over,Estimate,Seasonally adjusted,Percent,239,units,0,v2063382,4.7.1.1.1.1,7.6,,,,1
2023-08,Nova Scotia,2021A000212,Unemployment rate,Total - Gender,15 years and over,Estimate,Seasonally adjusted,Percent,239,units,0,v2063382,4.7.1.1.1.1,6.8,,,,1
2023-09,Nova Scotia,2021A000212,Unemployment rate,Total - Gender,15 years and over,Estimate,Seasonally adjusted,Percent,239,units,0,v2063382,4.7.1.1.1.1,7.1,,,,1
2023-10,Nova Scotia,2021A000212,Unemployment rate,Total - Gender,15 years and over,Estimate,Seasonally adjusted,Percent,239,units,0,v2063382,4.7.1.1.1.1,6.5,,,,1
2023-11,Nova Scotia,2021A000212,Unemployment rate,Total - Gender,15 years and over,Estimate,Seasonally adjusted,Percent,239,units,0,v2063382,4.7.1.1.1.1,6.7,,,,1
2023-12,Nova Scotia,2021A000212,Unemployment rate,Total - Gender,15 years and over,Estimate,Seasonally adjusted,Percent,239,units,0,v2063382,4.7.1.1.1.1,6,,,,1
1998-01,New Brunswick,2021A000213,Unemployment rate,Total - Gender,15 years and over,Estimate,Seasonally adjusted,Percent,239,units,0,v2063571,5.7.1.1.1.1,12.9,,,,1
1998-02,New Brunswick,2021A000213,Unemployment rate,Total - Gender,15 years and over,Estimate,Seasonally adjusted,Percent,239,units,0,v2063571,5.7.1.1.1.1,13.1,,,,1
1998-03,New Brunswick,2021A000213,Unemployment rate,Total - Gender,15 years and over,Estimate,Seasonally adjusted,Percent,239,units,0,v2063571,5.7.1.1.1.1,12.3,,,,1
1998-04,New Brunswick,2021A000213,Unemployment rate,Total - Gender,15 years and over,Estimate,Seasonally adjusted,Percent,239,units,0,v2063571,5.7.1.1.1.1,12.9,,,,1
1998-05,New Brunswick,2021A000213,Unemployment rate,Total - Gender,15 years and over,Estimate,Seasonally adjusted,Percent,239,units,0,v2063571,5.7.1.1.1.1,11.9,,,,1
1998-06,New Brunswick,2021A000213,Unemployment rate,Total - Gender,15 years and over,Estimate,Seasonally adjusted,Percent,239,units,0,v2063571,5.7.1.1.1.1,12.2,,,,1
1998-07,New Brunswick,2021A000213,Unemployment rate,Total - Gender,15 years and over,Estimate,Seasonally adjusted,Percent,239,units,0,v2063571,5.7.1.1.1.1,11.5,,,,1
1998-08,New Brunswick,2021A000213,Unemployment rate,Total - Gender,15 years and over,Estimate,Seasonally adjusted,Percent,239,units,0,v2063571,5.7.1.1.1.1,12,,,,1
1998-09,New Brunswick,2021A000213,Unemployment rate,Total - Gender,15 years and over,Estimate,Seasonally adjusted,Percent,239,units,0,v2063571,5.7.1.1.1.1,11.8,,,,1
1998-10,New Brunswick,2021A000213,Unemployment rate,Total - Gender,15 years and over,Estimate,Seasonally adjusted,Percent,239,units,0,v2063571,5.7.1.1.1.1,11.7,,,,1
1998-11,New Brunswick,2021A000213,Unemployment rate,Total - Gender,15 years and over,Estimate,Seasonally adjusted,Percent,239,units,0,v2063571,5.7.1.1.1.1,11.6,,,,1
1998-12,New Brunswick,2021A000213,Unemployment rate,Total - Gender,15 years and over,Estimate,Seasonally adjusted,Percent,239,units,0,v2063571,5.7.1.1.1.1,11.5,,,,1
1999-01,New Brunswick,2021A000213,Unemployment rate,Total - Gender,15 years and over,Estimate,Seasonally adjusted,Percent,239,units,0,v2063571,5.7.1.1.1.1,11.6,,,,1
1999-02,New Brunswick,2021A000213,Unemployment rate,Total - Gender,15 years and over,Estimate,Seasonally adjusted,Percent,239,units,0,v2063571,5.7.1.1.1.1,11.3,,,,1
1999-03,New Brunswick,2021A000213,Unemployment rate,Total - Gender,15 years and over,Estimate,Seasonally adjusted,Percent,239,units,0,v2063571,5.7.1.1.1.1,10.4,,,,1
1999-04,New Brunswick,2021A000213,Unemployment rate,Total - Gender,15 years and over,Estimate,Seasonally adjusted,Percent,239,units,0,v2063571,5.7.1.1.1.1,10.6,,,,1
1999-05,New Brunswick,2021A000213,Unemployment rate,Total - Gender,15 years and over,Estimate,Seasonally adjusted,Percent,239,units,0,v2063571,5.7.1.1.1.1,9.9,,,,1
1999-06,New Brunswick,2021A000213,Unemployment rate,Total - Gender,15 years and over,Estimate,Seasonally adjusted,Percent,239,units,0,v2063571,5.7.1.1.1.1,8.6,,,,1
1999-07,New Brunswick,2021A000213,Unemployment rate,Total - Gender,15 years and over,Estimate,Seasonally adjusted,Percent,239,units,0,v2063571,5.7.1.1.1.1,9.3,,,,1
1999-08,New Brunswick,2021A000213,Unemployment rate,Total - Gender,15 years and over,Estimate,Seasonally adjusted,Percent,239,units,0,v2063571,5.7.1.1.1.1,9.2,,,,1
1999-09,New Brunswick,2021A000213,Unemployment rate,Total - Gender,15 years and over,Estimate,Seasonally adjusted,Percent,239,units,0,v2063571,5.7.1.1.1.1,10.2,,,,1
1999-10,New Brunswick,2021A000213,Unemployment rate,Total - Gender,15 years and over,Estimate,Seasonally adjusted,Percent,239,units,0,v2063571,5.7.1.1.1.1,10.1,,,,1
1999-11,New Brunswick,2021A000213,Unemployment rate,Total - Gender,15 years and over,Estimate,Seasonally adjusted,Percent,239,units,0,v2063571,5.7.1.1.1.1,9.6,,,,1
1999-12,New Brunswick,2021A000213,Unemployment rate,Total - Gender,15 years and over,Estimate,Seasonally adjusted,Percent,239,units,0,v2063571,5.7.1.1.1.1,10.1,,,,1
2000-01,New Brunswick,2021A000213,Unemployment rate,Total - Gender,15 years and over,Estimate,Seasonally adjusted,Percent,239,units,0,v2063571,5.7.1.1.1.1,9.7,,,,1
2000-02,New Brunswick,2021A000213,Unemployment rate,Total - Gender,15 years and over,Estimate,Seasonally adjusted,Percent,239,units,0,v2063571,5.7.1.1.1.1,9.6,,,,1
2000-03,New Brunswick,2021A000213,Unemployment rate,Total - Gender,15 years and over,Estimate,Seasonally adjusted,Percent,239,units,0,v2063571,5.7.1.1.1.1,10.3,,,,1
2000-04,New Brunswick,2021A000213,Unemployment rate,Total - Gender,15 years and over,Estimate,Seasonally adjusted,Percent,239,units,0,v2063571,5.7.1.1.1.1,10.4,,,,1
2000-05,New Brunswick,2021A000213,Unemployment rate,Total - Gender,15 years and over,Estimate,Seasonally adjusted,Percent,239,units,0,v2063571,5.7.1.1.1.1,10.4,,,,1
2000-06,New Brunswick,2021A000213,Unemployment rate,Total - Gender,15 years and over,Estimate,Seasonally adjusted,Percent,239,units,0,v2063571,5.7.1.1.1.1,10.4,,,,1
2000-07,New Brunswick,2021A000213,Unemployment rate,Total - Gender,15 years and over,Estimate,Seasonally adjusted,Percent,239,units,0,v2063571,5.7.1.1.1.1,9.8,,,,1
2000-08,New Brunswick,2021A000213,Unemployment rate,Total - Gender,15 years and over,Estimate,Seasonally adjusted,Percent,239,units,0,v2063571,5.7.1.1.1.1,9.9,,,,1
2000-09,New Brunswick,2021A000213,Unemployment rate,Total - Gender,15 years and over,Estimate,Seasonally adjusted,Percent,239,units,0,v2063571,5.7.1.1.1.1,9.6,,,,1
2000-10,New Brunswick,2021A000213,Unemployment rate,Total - Gender,15 years and over,Estimate,Seasonally adjusted,Percent,239,units,0,v2063571,5.7.1.1.1.1,9.9,,,,1
2000-11,New Brunswick,2021A000213,Unemployment rate,Total - Gender,15 years and over,Estimate,Seasonally adjusted,Percent,239,units,0,v2063571,5.7.1.1.1.1,10.5,,,,1
2000-12,New Brunswick,2021A000213,Unemployment rate,Total - Gender,15 years and over,Estimate,Seasonally adjusted,Percent,239,units,0,v2063571,5.7.1.1.1.1,9.8,,,,1
2001-01,New Brunswick,2021A000213,Unemployment rate,Total - Gender,15 years and over,Estimate,Seasonally adjusted,Percent,239,units,0,v2063571,5.7.1.1.1.1,10.3,,,,1
2001-02,New Brunswick,2021A000213,Unemployment rate,Total - Gender,15 years and over,Estimate,Seasonally adjusted,Percent,239,units,0,v2063571,5.7.1.1.1.1,11.2,,,,1
2001-03,New Brunswick,2021A000213,Unemployment rate,Total - Gender,15 years and over,Estimate,Seasonally adjusted,Percent,239,units,0,v2063571,5.7.1.1.1.1,12.7,,,,1
2001-04,New Brunswick,2021A000213,Unemployment rate,Total - Gender,15 years and over,Estimate,Seasonally adjusted,Percent,239,units,0,v2063571,5.7.1.1.1.1,11.5,,,,1
2001-05,New Brunswick,2021A000213,Unemployment rate,Total - Gender,15 years and over,Estimate,Seasonally adjusted,Percent,239,units,0,v2063571,5.7.1.1.1.1,11.6,,,,1
2001-06,New Brunswick,2021A000213,Unemployment rate,Total - Gender,15 years and over,Estimate,Seasonally adjusted,Percent,239,units,0,v2063571,5.7.1.1.1.1,10.9,,,,1
2001-07,New Brunswick,2021A000213,Unemployment rate,Total - Gender,15 years and over,Estimate,Seasonally adjusted,Percent,239,units,0,v2063571,5.7.1.1.1.1,11.2,,,,1
2001-08,New Brunswick,2021A000213,Unemployment rate,Total - Gender,15 years and over,Estimate,Seasonally adjusted,Percent,239,units,0,v2063571,5.7.1.1.1.1,10.7,,,,1
2001-09,New Brunswick,2021A000213,Unemployment rate,Total - Gender,15 years and over,Estimate,Seasonally adjusted,Percent,239,units,0,v2063571,5.7.1.1.1.1,10.9,,,,1
2001-10,New Brunswick,2021A000213,Unemployment rate,Total - Gender,15 years and over,Estimate,Seasonally adjusted,Percent,239,units,0,v2063571,5.7.1.1.1.1,10.5,,,,1
2001-11,New Brunswick,2021A000213,Unemployment rate,Total - Gender,15 years and over,Estimate,Seasonally adjusted,Percent,239,units,0,v2063571,5.7.1.1.1.1,11.2,,,,1
2001-12,New Brunswick,2021A000213,Unemployment rate,Total - Gender,15 years and over,Estimate,Seasonally adjusted,Percent,239,units,0,v2063571,5.7.1.1.1.1,11.2,,,,1
2002-01,New Brunswick,2021A000213,Unemployment rate,Total - Gender,15 years and over,Estimate,Seasonally adjusted,Percent,239,units,0,v2063571,5.7.1.1.1.1,11,,,,1
2002-02,New Brunswick,2021A000213,Unemployment rate,Total - Gender,15 years and over,Estimate,Seasonally adjusted,Percent,239,units,0,v2063571,5.7.1.1.1.1,10.9,,,,1
2002-03,New Brunswick,2021A000213,Unemployment rate,Total - Gender,15 years and over,Estimate,Seasonally adjusted,Percent,239,units,0,v2063571,5.7.1.1.1.1,10.3,,,,1
2002-04,New Brunswick,2021A000213,Unemployment rate,Total - Gender,15 years and over,Estimate,Seasonally adjusted,Percent,239,units,0,v2063571,5.7.1.1.1.1,9.9,,,,1
2002-05,New Brunswick,2021A000213,Unemployment rate,Total - Gender,15 years and over,Estimate,Seasonally adjusted,Percent,239,units,0,v2063571,5.7.1.1.1.1,9.4,,,,1
2002-06,New Brunswick,2021A000213,Unemployment rate,Total - Gender,15 years and over,Estimate,Seasonally adjusted,Percent,239,units,0,v2063571,5.7.1.1.1.1,10,,,,1
2002-07,New Brunswick,2021A000213,Unemployment rate,Total - Gender,15 years and over,Estimate,Seasonally adjusted,Percent,239,units,0,v2063571,5.7.1.1.1.1,10.1,,,,1
2002-08,New Brunswick,2021A000213,Unemployment rate,Total - Gender,15 years and over,Estimate,Seasonally adjusted,Percent,239,units,0,v2063571,5.7.1.1.1.1,9.7,,,,1
2002-09,New Brunswick,2021A000213,Unemployment rate,Total - Gender,15 years and over,Estimate,Seasonally adjusted,Percent,239,units,0,v2063571,5.7.1.1.1.1,10,,,,1
2002-10,New Brunswick,2021A000213,Unemployment rate,Total - Gender,15 years and over,Estimate,Seasonally adjusted,Percent,239,units,0,v2063571,5.7.1.1.1.1,10.1,,,,1
2002-11,New Brunswick,2021A000213,Unemployment rate,Total - Gender,15 years and over,Estimate,Seasonally adjusted,Percent,239,units,0,v2063571,5.7.1.1.1.1,10.3,,,,1
2002-12,New Brunswick,2021A000213,Unemployment rate,Total - Gender,15 years and over,Estimate,Seasonally adjusted,Percent,239,units,0,v2063571,5.7.1.1.1.1,10.5,,,,1
2003-01,New Brunswick,2021A000213,Unemployment rate,Total - Gender,15 years and over,Estimate,Seasonally adjusted,Percent,239,units,0,v2063571,5.7.1.1.1.1,9.9,,,,1
2003-02,New Brunswick,2021A000213,Unemployment rate,Total - Gender,15 years and over,Estimate,Seasonally adjusted,Percent,239,units,0,v2063571,5.7.1.1.1.1,10.6,,,,1
2003-03,New Brunswick,2021A000213,Unemployment rate,Total - Gender,15 years and over,Estimate,Seasonally adjusted,Percent,239,units,0,v2063571,5.7.1.1.1.1,9.6,,,,1
2003-04,New Brunswick,2021A000213,Unemployment rate,Total - Gender,15 years and over,Estimate,Seasonally adjusted,Percent,239,units,0,v2063571,5.7.1.1.1.1,10.3,,,,1
2003-05,New Brunswick,2021A000213,Unemployment rate,Total - Gender,15 years and over,Estimate,Seasonally adjusted,Percent,239,units,0,v2063571,5.7.1.1.1.1,11.6,,,,1
2003-06,New Brunswick,2021A000213,Unemployment rate,Total - Gender,15 years and over,Estimate,Seasonally adjusted,Percent,239,units,0,v2063571,5.7.1.1.1.1,10.1,,,,1
2003-07,New Brunswick,2021A000213,Unemployment rate,Total - Gender,15 years and over,Estimate,Seasonally adjusted,Percent,239,units,0,v2063571,5.7.1.1.1.1,10.1,,,,1
2003-08,New Brunswick,2021A000213,Unemployment rate,Total - Gender,15 years and over,Estimate,Seasonally adjusted,Percent,239,units,0,v2063571,5.7.1.1.1.1,10.4,,,,1
2003-09,New Brunswick,2021A000213,Unemployment rate,Total - Gender,15 years and over,Estimate,Seasonally adjusted,Percent,239,units,0,v2063571,5.7.1.1.1.1,9.9,,,,1
2003-10,New Brunswick,2021A000213,Unemployment rate,Total - Gender,15 years and over,Estimate,Seasonally adjusted,Percent,239,units,0,v2063571,5.7.1.1.1.1,9.9,,,,1
2003-11,New Brunswick,2021A000213,Unemployment rate,Total - Gender,15 years and over,Estimate,Seasonally adjusted,Percent,239,units,0,v2063571,5.7.1.1.1.1,9.7,,,,1
2003-12,New Brunswick,2021A000213,Unemployment rate,Total - Gender,15 years and over,Estimate,Seasonally adjusted,Percent,239,units,0,v2063571,5.7.1.1.1.1,9.8,,,,1
2004-01,New Brunswick,2021A000213,Unemployment rate,Total - Gender,15 years and over,Estimate,Seasonally adjusted,Percent,239,units,0,v2063571,5.7.1.1.1.1,10.1,,,,1
2004-02,New Brunswick,2021A000213,Unemployment rate,Total - Gender,15 years and over,Estimate,Seasonally adjusted,Percent,239,units,0,v2063571,5.7.1.1.1.1,9.4,,,,1
2004-03,New Brunswick,2021A000213,Unemployment rate,Total - Gender,15 years and over,Estimate,Seasonally adjusted,Percent,239,units,0,v2063571,5.7.1.1.1.1,9.8,,,,1
2004-04,New Brunswick,2021A000213,Unemployment rate,Total - Gender,15 years and over,Estimate,Seasonally adjusted,Percent,239,units,0,v2063571,5.7.1.1.1.1,10,,,,1
2004-05,New Brunswick,2021A000213,Unemployment rate,Total - Gender,15 years and over,Estimate,Seasonally adjusted,Percent,239,units,0,v2063571,5.7.1.1.1.1,9.9,,,,1
2004-06,New Brunswick,2021A000213,Unemployment rate,Total - Gender,15 years and over,Estimate,Seasonally adjusted,Percent,239,units,0,v2063571,5.7.1.1.1.1,10.1,,,,1
2004-07,New Brunswick,2021A000213,Unemployment rate,Total - Gender,15 years and over,Estimate,Seasonally adjusted,Percent,239,units,0,v2063571,5.7.1.1.1.1,10,,,,1
2004-08,New Brunswick,2021A000213,Unemployment rate,Total - Gender,15 years and over,Estimate,Seasonally adjusted,Percent,239,units,0,v2063571,5.7.1.1.1.1,10.1,,,,1
2004-09,New Brunswick,2021A000213,Unemployment rate,Total - Gender,15 years and over,Estimate,Seasonally adjusted,Percent,239,units,0,v2063571,5.7.1.1.1.1,9.4,,,,1
2004-10,New Brunswick,2021A000213,Unemployment rate,Total - Gender,15 years and over,Estimate,Seasonally adjusted,Percent,239,units,0,v2063571,5.7.1.1.1.1,9.3,,,,1
2004-11,New Brunswick,2021A000213,Unemployment rate,Total - Gender,15 years and over,Estimate,Seasonally adjusted,Percent,239,units,0,v2063571,5.7.1.1.1.1,9.7,,,,1
2004-12,New Brunswick,2021A000213,Unemployment rate,Total - Gender,15 years and over,Estimate,Seasonally adjusted,Percent,239,units,0,v2063571,5.7.1.1.1.1,9.3,,,,1
2005-01,New Brunswick,2021A000213,Unemployment rate,Total - Gender,15 years and over,Estimate,Seasonally adjusted,Percent,239,units,0,v2063571,5.7.1.1.1.1,9.7,,,,1
2005-02,New Brunswick,2021A000213,Unemployment rate,Total - Gender,15 years and over,Estimate,Seasonally adjusted,Percent,239,units,0,v2063571,5.7.1.1.1.1,9.4,,,,1
2005-03,New Brunswick,2021A000213,Unemployment rate,Total - Gender,15 years and over,Estimate,Seasonally adjusted,Percent,239,units,0,v2063571,5.7.1.1.1.1,9.3,,,,1
2005-04,New Brunswick,2021A000213,Unemployment rate,Total - Gender,15 years and over,Estimate,Seasonally adjusted,Percent,239,units,0,v2063571,5.7.1.1.1.1,9.3,,,,1
2005-05,New Brunswick,2021A000213,Unemployment rate,Total - Gender,15 years and over,Estimate,Seasonally adjusted,Percent,239,units,0,v2063571,5.7.1.1.1.1,9.3,,,,1
2005-06,New Brunswick,2021A000213,Unemployment rate,Total - Gender,15 years and over,Estimate,Seasonally adjusted,Percent,239,units,0,v2063571,5.7.1.1.1.1,10.2,,,,1
2005-07,New Brunswick,2021A000213,Unemployment rate,Total - Gender,15 years and over,Estimate,Seasonally adjusted,Percent,239,units,0,v2063571,5.7.1.1.1.1,9.6,,,,1
2005-08,New Brunswick,2021A000213,Unemployment rate,Total - Gender,15 years and over,Estimate,Seasonally adjusted,Percent,239,units,0,v2063571,5.7.1.1.1.1,9.7,,,,1
2005-09,New Brunswick,2021A000213,Unemployment rate,Total - Gender,15 years and over,Estimate,Seasonally adjusted,Percent,239,units,0,v2063571,5.7.1.1.1.1,10.1,,,,1
2005-10,New Brunswick,2021A000213,Unemployment rate,Total - Gender,15 years and over,Estimate,Seasonally adjusted,Percent,239,units,0,v2063571,5.7.1.1.1.1,10.7,,,,1
2005-11,New Brunswick,2021A000213,Unemployment rate,Total - Gender,15 years and over,Estimate,Seasonally adjusted,Percent,239,units,0,v2063571,5.7.1.1.1.1,9.5,,,,1
2005-12,New Brunswick,2021A000213,Unemployment rate,Total - Gender,15 years and over,Estimate,Seasonally adjusted,Percent,239,units,0,v2063571,5.7.1.1.1.1,9.4,,,,1
2006-01,New Brunswick,2021A000213,Unemployment rate,Total - Gender,15 years and over,Estimate,Seasonally adjusted,Percent,239,units,0,v2063571,5.7.1.1.1.1,8.8,,,,1
2006-02,New Brunswick,2021A000213,Unemployment rate,Total - Gender,15 years and over,Estimate,Seasonally adjusted,Percent,239,units,0,v2063571,5.7.1.1.1.1,9.9,,,,1
2006-03,New Brunswick,2021A000213,Unemployment rate,Total - Gender,15 years and over,Estimate,Seasonally adjusted,Percent,239,units,0,v2063571,5.7.1.1.1.1,9.6,,,,1
2006-04,New Brunswick,2021A000213,Unemployment rate,Total - Gender,15 years and over,Estimate,Seasonally adjusted,Percent,239,units,0,v2063571,5.7.1.1.1.1,9.6,,,,1
2006-05,New Brunswick,2021A000213,Unemployment rate,Total - Gender,15 years and over,Estimate,Seasonally adjusted,Percent,239,units,0,v2063571,5.7.1.1.1.1,8.9,,,,1
2006-06,New Brunswick,2021A000213,Unemployment rate,Total - Gender,15 years and over,Estimate,Seasonally adjusted,Percent,239,units,0,v2063571,5.7.1.1.1.1,8.7,,,,1
2006-07,New Brunswick,2021A000213,Unemployment rate,Total - Gender,15 years and over,Estimate,Seasonally adjusted,Percent,239,units,0,v2063571,5.7.1.1.1.1,9.6,,,,1
2006-08,New Brunswick,2021A000213,Unemployment rate,Total - Gender,15 years and over,Estimate,Seasonally adjusted,Percent,239,units,0,v2063571,5.7.1.1.1.1,9.4,,,,1
2006-09,New Brunswick,2021A000213,Unemployment rate,Total - Gender,15 years and over,Estimate,Seasonally adjusted,Percent,239,units,0,v2063571,5.7.1.1.1.1,8.8,,,,1
2006-10,New Brunswick,2021A000213,Unemployment rate,Total - Gender,15 years and over,Estimate,Seasonally adjusted,Percent,239,units,0,v2063571,5.7.1.1.1.1,9.1,,,,1
2006-11,New Brunswick,2021A000213,Unemployment rate,Total - Gender,15 years and over,Estimate,Seasonally adjusted,Percent,239,units,0,v2063571,5.7.1.1.1.1,8.9,,,,1
2006-12,New Brunswick,2021A000213,Unemployment rate,Total - Gender,15 years and over,Estimate,Seasonally adjusted,Percent,239,units,0,v2063571,5.7.1.1.1.1,8.9,,,,1
2007-01,New Brunswick,2021A000213,Unemployment rate,Total - Gender,15 years and over,Estimate,Seasonally adjusted,Percent,239,units,0,v2063571,5.7.1.1.1.1,8.2,,,,1
2007-02,New Brunswick,2021A000213,Unemployment rate,Total - Gender,15 years and over,Estimate,Seasonally adjusted,Percent,239,units,0,v2063571,5.7.1.1.1.1,7.3,,,,1
2007-03,New Brunswick,2021A000213,Unemployment rate,Total - Gender,15 years and over,Estimate,Seasonally adjusted,Percent,239,units,0,v2063571,5.7.1.1.1.1,7.5,,,,1
2007-04,New Brunswick,2021A000213,Unemployment rate,Total - Gender,15 years and over,Estimate,Seasonally adjusted,Percent,239,units,0,v2063571,5.7.1.1.1.1,7.7,,,,1
2007-05,New Brunswick,2021A000213,Unemployment rate,Total - Gender,15 years and over,Estimate,Seasonally adjusted,Percent,239,units,0,v2063571,5.7.1.1.1.1,7.6,,,,1
2007-06,New Brunswick,2021A000213,Unemployment rate,Total - Gender,15 years and over,Estimate,Seasonally adjusted,Percent,239,units,0,v2063571,5.7.1.1.1.1,7.3,,,,1
2007-07,New Brunswick,2021A000213,Unemployment rate,Total - Gender,15 years and over,Estimate,Seasonally adjusted,Percent,239,units,0,v2063571,5.7.1.1.1.1,7.1,,,,1
2007-08,New Brunswick,2021A000213,Unemployment rate,Total - Gender,15 years and over,Estimate,Seasonally adjusted,Percent,239,units,0,v2063571,5.7.1.1.1.1,7.9,,,,1
2007-09,New Brunswick,2021A000213,Unemployment rate,Total - Gender,15 years and over,Estimate,Seasonally adjusted,Percent,239,units,0,v2063571,5.7.1.1.1.1,8.5,,,,1
2007-10,New Brunswick,2021A000213,Unemployment rate,Total - Gender,15 years and over,Estimate,Seasonally adjusted,Percent,239,units,0,v2063571,5.7.1.1.1.1,7.9,,,,1
2007-11,New Brunswick,2021A000213,Unemployment rate,Total - Gender,15 years and over,Estimate,Seasonally adjusted,Percent,239,units,0,v2063571,5.7.1.1.1.1,7.7,,,,1
2007-12,New Brunswick,2021A000213,Unemployment rate,Total - Gender,15 years and over,Estimate,Seasonally adjusted,Percent,239,units,0,v2063571,5.7.1.1.1.1,8.1,,,,1
2008-01,New Brunswick,2021A000213,Unemployment rate,Total - Gender,15 years and over,Estimate,Seasonally adjusted,Percent,239,units,0,v2063571,5.7.1.1.1.1,8.5,,,,1
2008-02,New Brunswick,2021A000213,Unemployment rate,Total - Gender,15 years and over,Estimate,Seasonally adjusted,Percent,239,units,0,v2063571,5.7.1.1.1.1,8.8,,,,1
2008-03,New Brunswick,2021A000213,Unemployment rate,Total - Gender,15 years and over,Estimate,Seasonally adjusted,Percent,239,units,0,v2063571,5.7.1.1.1.1,8.8,,,,1
2008-04,New Brunswick,2021A000213,Unemployment rate,Total - Gender,15 years and over,Estimate,Seasonally adjusted,Percent,239,units,0,v2063571,5.7.1.1.1.1,8.6,,,,1
2008-05,New Brunswick,2021A000213,Unemployment rate,Total - Gender,15 years and over,Estimate,Seasonally adjusted,Percent,239,units,0,v2063571,5.7.1.1.1.1,8.8,,,,1
2008-06,New Brunswick,2021A000213,Unemployment rate,Total - Gender,15 years and over,Estimate,Seasonally adjusted,Percent,239,units,0,v2063571,5.7.1.1.1.1,8.9,,,,1
2008-07,New Brunswick,2021A000213,Unemployment rate,Total - Gender,15 years and over,Estimate,Seasonally adjusted,Percent,239,units,0,v2063571,5.7.1.1.1.1,8.7,,,,1
2008-08,New Brunswick,2021A000213,Unemployment rate,Total - Gender,15 years and over,Estimate,Seasonally adjusted,Percent,239,units,0,v2063571,5.7.1.1.1.1,8,,,,1
2008-09,New Brunswick,2021A000213,Unemployment rate,Total - Gender,15 years and over,Estimate,Seasonally adjusted,Percent,239,units,0,v2063571,5.7.1.1.1.1,8.5,,,,1
2008-10,New Brunswick,2021A000213,Unemployment rate,Total - Gender,15 years and over,Estimate,Seasonally adjusted,Percent,239,units,0,v2063571,5.7.1.1.1.1,9,,,,1
2008-11,New Brunswick,2021A000213,Unemployment rate,Total - Gender,15 years and over,Estimate,Seasonally adjusted,Percent,239,units,0,v2063571,5.7.1.1.1.1,8.9,,,,1
2008-12,New Brunswick,2021A000213,Unemployment rate,Total - Gender,15 years and over,Estimate,Seasonally adjusted,Percent,239,units,0,v2063571,5.7.1.1.1.1,8.8,,,,1
2009-01,New Brunswick,2021A000213,Unemployment rate,Total - Gender,15 years and over,Estimate,Seasonally adjusted,Percent,239,units,0,v2063571,5.7.1.1.1.1,8.7,,,,1
2009-02,New Brunswick,2021A000213,Unemployment rate,Total - Gender,15 years and over,Estimate,Seasonally adjusted,Percent,239,units,0,v2063571,5.7.1.1.1.1,9,,,,1
2009-03,New Brunswick,2021A000213,Unemployment rate,Total - Gender,15 years and over,Estimate,Seasonally adjusted,Percent,239,units,0,v2063571,5.7.1.1.1.1,9.5,,,,1
2009-04,New Brunswick,2021A000213,Unemployment rate,Total - Gender,15 years and over,Estimate,Seasonally adjusted,Percent,239,units,0,v2063571,5.7.1.1.1.1,8.9,,,,1
2009-05,New Brunswick,2021A000213,Unemployment rate,Total - Gender,15 years and over,Estimate,Seasonally adjusted,Percent,239,units,0,v2063571,5.7.1.1.1.1,9.1,,,,1
2009-06,New Brunswick,2021A000213,Unemployment rate,Total - Gender,15 years and over,Estimate,Seasonally adjusted,Percent,239,units,0,v2063571,5.7.1.1.1.1,9.2,,,,1
2009-07,New Brunswick,2021A000213,Unemployment rate,Total - Gender,15 years and over,Estimate,Seasonally adjusted,Percent,239,units,0,v2063571,5.7.1.1.1.1,9,,,,1
2009-08,New Brunswick,2021A000213,Unemployment rate,Total - Gender,15 years and over,Estimate,Seasonally adjusted,Percent,239,units,0,v2063571,5.7.1.1.1.1,9.4,,,,1
2009-09,New Brunswick,2021A000213,Unemployment rate,Total - Gender,15 years and over,Estimate,Seasonally adjusted,Percent,239,units,0,v2063571,5.7.1.1.1.1,8.2,,,,1
2009-10,New Brunswick,2021A000213,Unemployment rate,Total - Gender,15 years and over,Estimate,Seasonally adjusted,Percent,239,units,0,v2063571,5.7.1.1.1.1,8,,,,1
2009-11,New Brunswick,2021A000213,Unemployment rate,Total - Gender,15 years and over,Estimate,Seasonally adjusted,Percent,239,units,0,v2063571,5.7.1.1.1.1,8.5,,,,1
2009-12,New Brunswick,2021A000213,Unemployment rate,Total - Gender,15 years and over,Estimate,Seasonally adjusted,Percent,239,units,0,v2063571,5.7.1.1.1.1,9.1,,,,1
2010-01,New Brunswick,2021A000213,Unemployment rate,Total - Gender,15 years and over,Estimate,Seasonally adjusted,Percent,239,units,0,v2063571,5.7.1.1.1.1,9.2,,,,1
2010-02,New Brunswick,2021A000213,Unemployment rate,Total - Gender,15 years and over,Estimate,Seasonally adjusted,Percent,239,units,0,v2063571,5.7.1.1.1.1,8.9,,,,1
2010-03,New Brunswick,2021A000213,Unemployment rate,Total - Gender,15 years and over,Estimate,Seasonally adjusted,Percent,239,units,0,v2063571,5.7.1.1.1.1,8.7,,,,1
2010-04,New Brunswick,2021A000213,Unemployment rate,Total - Gender,15 years and over,Estimate,Seasonally adjusted,Percent,239,units,0,v2063571,5.7.1.1.1.1,8.9,,,,1
2010-05,New Brunswick,2021A000213,Unemployment rate,Total - Gender,15 years and over,Estimate,Seasonally adjusted,Percent,239,units,0,v2063571,5.7.1.1.1.1,9.5,,,,1
2010-06,New Brunswick,2021A000213,Unemployment rate,Total - Gender,15 years and over,Estimate,Seasonally adjusted,Percent,239,units,0,v2063571,5.7.1.1.1.1,9.4,,,,1
2010-07,New Brunswick,2021A000213,Unemployment rate,Total - Gender,15 years and over,Estimate,Seasonally adjusted,Percent,239,units,0,v2063571,5.7.1.1.1.1,9.1,,,,1
2010-08,New Brunswick,2021A000213,Unemployment rate,Total - Gender,15 years and over,Estimate,Seasonally adjusted,Percent,239,units,0,v2063571,5.7.1.1.1.1,9.9,,,,1
2010-09,New Brunswick,2021A000213,Unemployment rate,Total - Gender,15 years and over,Estimate,Seasonally adjusted,Percent,239,units,0,v2063571,5.7.1.1.1.1,9.9,,,,1
2010-10,New Brunswick,2021A000213,Unemployment rate,Total - Gender,15 years and over,Estimate,Seasonally adjusted,Percent,239,units,0,v2063571,5.7.1.1.1.1,9.8,,,,1
2010-11,New Brunswick,2021A000213,Unemployment rate,Total - Gender,15 years and over,Estimate,Seasonally adjusted,Percent,239,units,0,v2063571,5.7.1.1.1.1,10.2,,,,1
2010-12,New Brunswick,2021A000213,Unemployment rate,Total - Gender,15 years and over,Estimate,Seasonally adjusted,Percent,239,units,0,v2063571,5.7.1.1.1.1,9.8,,,,1
2011-01,New Brunswick,2021A000213,Unemployment rate,Total - Gender,15 years and over,Estimate,Seasonally adjusted,Percent,239,units,0,v2063571,5.7.1.1.1.1,9.3,,,,1
2011-02,New Brunswick,2021A000213,Unemployment rate,Total - Gender,15 years and over,Estimate,Seasonally adjusted,Percent,239,units,0,v2063571,5.7.1.1.1.1,9.8,,,,1
2011-03,New Brunswick,2021A000213,Unemployment rate,Total - Gender,15 years and over,Estimate,Seasonally adjusted,Percent,239,units,0,v2063571,5.7.1.1.1.1,9.7,,,,1
2011-04,New Brunswick,2021A000213,Unemployment rate,Total - Gender,15 years and over,Estimate,Seasonally adjusted,Percent,239,units,0,v2063571,5.7.1.1.1.1,10,,,,1
2011-05,New Brunswick,2021A000213,Unemployment rate,Total - Gender,15 years and over,Estimate,Seasonally adjusted,Percent,239,units,0,v2063571,5.7.1.1.1.1,9.9,,,,1
2011-06,New Brunswick,2021A000213,Unemployment rate,Total - Gender,15 years and over,Estimate,Seasonally adjusted,Percent,239,units,0,v2063571,5.7.1.1.1.1,9.8,,,,1
2011-07,New Brunswick,2021A000213,Unemployment rate,Total - Gender,15 years and over,Estimate,Seasonally adjusted,Percent,239,units,0,v2063571,5.7.1.1.1.1,10.1,,,,1
2011-08,New Brunswick,2021A000213,Unemployment rate,Total - Gender,15 years and over,Estimate,Seasonally adjusted,Percent,239,units,0,v2063571,5.7.1.1.1.1,8.8,,,,1
2011-09,New Brunswick,2021A000213,Unemployment rate,Total - Gender,15 years and over,Estimate,Seasonally adjusted,Percent,239,units,0,v2063571,5.7.1.1.1.1,9,,,,1
2011-10,New Brunswick,2021A000213,Unemployment rate,Total - Gender,15 years and over,Estimate,Seasonally adjusted,Percent,239,units,0,v2063571,5.7.1.1.1.1,9.5,,,,1
2011-11,New Brunswick,2021A000213,Unemployment rate,Total - Gender,15 years and over,Estimate,Seasonally adjusted,Percent,239,units,0,v2063571,5.7.1.1.1.1,9.6,,,,1
2011-12,New Brunswick,2021A000213,Unemployment rate,Total - Gender,15 years and over,Estimate,Seasonally adjusted,Percent,239,units,0,v2063571,5.7.1.1.1.1,9.6,,,,1
2012-01,New Brunswick,2021A000213,Unemployment rate,Total - Gender,15 years and over,Estimate,Seasonally adjusted,Percent,239,units,0,v2063571,5.7.1.1.1.1,9.8,,,,1
2012-02,New Brunswick,2021A000213,Unemployment rate,Total - Gender,15 years and over,Estimate,Seasonally adjusted,Percent,239,units,0,v2063571,5.7.1.1.1.1,10.1,,,,1
2012-03,New Brunswick,2021A000213,Unemployment rate,Total - Gender,15 years and over,Estimate,Seasonally adjusted,Percent,239,units,0,v2063571,5.7.1.1.1.1,10.2,,,,1
2012-04,New Brunswick,2021A000213,Unemployment rate,Total - Gender,15 years and over,Estimate,Seasonally adjusted,Percent,239,units,0,v2063571,5.7.1.1.1.1,9.7,,,,1
2012-05,New Brunswick,2021A000213,Unemployment rate,Total - Gender,15 years and over,Estimate,Seasonally adjusted,Percent,239,units,0,v2063571,5.7.1.1.1.1,9.9,,,,1
2012-06,New Brunswick,2021A000213,Unemployment rate,Total - Gender,15 years and over,Estimate,Seasonally adjusted,Percent,239,units,0,v2063571,5.7.1.1.1.1,9.6,,,,1
2012-07,New Brunswick,2021A000213,Unemployment rate,Total - Gender,15 years and over,Estimate,Seasonally adjusted,Percent,239,units,0,v2063571,5.7.1.1.1.1,10.5,,,,1
2012-08,New Brunswick,2021A000213,Unemployment rate,Total - Gender,15 years and over,Estimate,Seasonally adjusted,Percent,239,units,0,v2063571,5.7.1.1.1.1,11,,,,1
2012-09,New Brunswick,2021A000213,Unemployment rate,Total - Gender,15 years and over,Estimate,Seasonally adjusted,Percent,239,units,0,v2063571,5.7.1.1.1.1,11.6,,,,1
2012-10,New Brunswick,2021A000213,Unemployment rate,Total - Gender,15 years and over,Estimate,Seasonally adjusted,Percent,239,units,0,v2063571,5.7.1.1.1.1,11.7,,,,1
2012-11,New Brunswick,2021A000213,Unemployment rate,Total - Gender,15 years and over,Estimate,Seasonally adjusted,Percent,239,units,0,v2063571,5.7.1.1.1.1,11.6,,,,1
2012-12,New Brunswick,2021A000213,Unemployment rate,Total - Gender,15 years and over,Estimate,Seasonally adjusted,Percent,239,units,0,v2063571,5.7.1.1.1.1,10.9,,,,1
2013-01,New Brunswick,2021A000213,Unemployment rate,Total - Gender,15 years and over,Estimate,Seasonally adjusted,Percent,239,units,0,v2063571,5.7.1.1.1.1,11.4,,,,1
2013-02,New Brunswick,2021A000213,Unemployment rate,Total - Gender,15 years and over,Estimate,Seasonally adjusted,Percent,239,units,0,v2063571,5.7.1.1.1.1,10.6,,,,1
2013-03,New Brunswick,2021A000213,Unemployment rate,Total - Gender,15 years and over,Estimate,Seasonally adjusted,Percent,239,units,0,v2063571,5.7.1.1.1.1,10.8,,,,1
2013-04,New Brunswick,2021A000213,Unemployment rate,Total - Gender,15 years and over,Estimate,Seasonally adjusted,Percent,239,units,0,v2063571,5.7.1.1.1.1,10.6,,,,1
2013-05,New Brunswick,2021A000213,Unemployment rate,Total - Gender,15 years and over,Estimate,Seasonally adjusted,Percent,239,units,0,v2063571,5.7.1.1.1.1,10.2,,,,1
2013-06,New Brunswick,2021A000213,Unemployment rate,Total - Gender,15 years and over,Estimate,Seasonally adjusted,Percent,239,units,0,v2063571,5.7.1.1.1.1,10.7,,,,1
2013-07,New Brunswick,2021A000213,Unemployment rate,Total - Gender,15 years and over,Estimate,Seasonally adjusted,Percent,239,units,0,v2063571,5.7.1.1.1.1,9.6,,,,1
2013-08,New Brunswick,2021A000213,Unemployment rate,Total - Gender,15 years and over,Estimate,Seasonally adjusted,Percent,239,units,0,v2063571,5.7.1.1.1.1,10.7,,,,1
2013-09,New Brunswick,2021A000213,Unemployment rate,Total - Gender,15 years and over,Estimate,Seasonally adjusted,Percent,239,units,0,v2063571,5.7.1.1.1.1,10.4,,,,1
2013-10,New Brunswick,2021A000213,Unemployment rate,Total - Gender,15 years and over,Estimate,Seasonally adjusted,Percent,239,units,0,v2063571,5.7.1.1.1.1,10.2,,,,1
2013-11,New Brunswick,2021A000213,Unemployment rate,Total - Gender,15 years and over,Estimate,Seasonally adjusted,Percent,239,units,0,v2063571,5.7.1.1.1.1,9.9,,,,1
2013-12,New Brunswick,2021A000213,Unemployment rate,Total - Gender,15 years and over,Estimate,Seasonally adjusted,Percent,239,units,0,v2063571,5.7.1.1.1.1,10.7,,,,1
2014-01,New Brunswick,2021A000213,Unemployment rate,Total - Gender,15 years and over,Estimate,Seasonally adjusted,Percent,239,units,0,v2063571,5.7.1.1.1.1,9.9,,,,1
2014-02,New Brunswick,2021A000213,Unemployment rate,Total - Gender,15 years and over,Estimate,Seasonally adjusted,Percent,239,units,0,v2063571,5.7.1.1.1.1,10.2,,,,1
2014-03,New Brunswick,2021A000213,Unemployment rate,Total - Gender,15 years and over,Estimate,Seasonally adjusted,Percent,239,units,0,v2063571,5.7.1.1.1.1,9.9,,,,1
2014-04,New Brunswick,2021A000213,Unemployment rate,Total - Gender,15 years and over,Estimate,Seasonally adjusted,Percent,239,units,0,v2063571,5.7.1.1.1.1,10.9,,,,1
2014-05,New Brunswick,2021A000213,Unemployment rate,Total - Gender,15 years and over,Estimate,Seasonally adjusted,Percent,239,units,0,v2063571,5.7.1.1.1.1,10.7,,,,1
2014-06,New Brunswick,2021A000213,Unemployment rate,Total - Gender,15 years and over,Estimate,Seasonally adjusted,Percent,239,units,0,v2063571,5.7.1.1.1.1,9.5,,,,1
2014-07,New Brunswick,2021A000213,Unemployment rate,Total - Gender,15 years and over,Estimate,Seasonally adjusted,Percent,239,units,0,v2063571,5.7.1.1.1.1,9.9,,,,1
2014-08,New Brunswick,2021A000213,Unemployment rate,Total - Gender,15 years and over,Estimate,Seasonally adjusted,Percent,239,units,0,v2063571,5.7.1.1.1.1,9.2,,,,1
2014-09,New Brunswick,2021A000213,Unemployment rate,Total - Gender,15 years and over,Estimate,Seasonally adjusted,Percent,239,units,0,v2063571,5.7.1.1.1.1,10.1,,,,1
2014-10,New Brunswick,2021A000213,Unemployment rate,Total - Gender,15 years and over,Estimate,Seasonally adjusted,Percent,239,units,0,v2063571,5.7.1.1.1.1,10,,,,1
2014-11,New Brunswick,2021A000213,Unemployment rate,Total - Gender,15 years and over,Estimate,Seasonally adjusted,Percent,239,units,0,v2063571,5.7.1.1.1.1,10.3,,,,1
2014-12,New Brunswick,2021A000213,Unemployment rate,Total - Gender,15 years and over,Estimate,Seasonally adjusted,Percent,239,units,0,v2063571,5.7.1.1.1.1,10,,,,1
2015-01,New Brunswick,2021A000213,Unemployment rate,Total - Gender,15 years and over,Estimate,Seasonally adjusted,Percent,239,units,0,v2063571,5.7.1.1.1.1,10,,,,1
2015-02,New Brunswick,2021A000213,Unemployment rate,Total - Gender,15 years and over,Estimate,Seasonally adjusted,Percent,239,units,0,v2063571,5.7.1.1.1.1,10,,,,1
2015-03,New Brunswick,2021A000213,Unemployment rate,Total - Gender,15 years and over,Estimate,Seasonally adjusted,Percent,239,units,0,v2063571,5.7.1.1.1.1,10,,,,1
2015-04,New Brunswick,2021A000213,Unemployment rate,Total - Gender,15 years and over,Estimate,Seasonally adjusted,Percent,239,units,0,v2063571,5.7.1.1.1.1,10.1,,,,1
2015-05,New Brunswick,2021A000213,Unemployment rate,Total - Gender,15 years and over,Estimate,Seasonally adjusted,Percent,239,units,0,v2063571,5.7.1.1.1.1,10,,,,1
2015-06,New Brunswick,2021A000213,Unemployment rate,Total - Gender,15 years and over,Estimate,Seasonally adjusted,Percent,239,units,0,v2063571,5.7.1.1.1.1,11.2,,,,1
2015-07,New Brunswick,2021A000213,Unemployment rate,Total - Gender,15 years and over,Estimate,Seasonally adjusted,Percent,239,units,0,v2063571,5.7.1.1.1.1,11.4,,,,1
2015-08,New Brunswick,2021A000213,Unemployment rate,Total - Gender,15 years and over,Estimate,Seasonally adjusted,Percent,239,units,0,v2063571,5.7.1.1.1.1,10.4,,,,1
2015-09,New Brunswick,2021A000213,Unemployment rate,Total - Gender,15 years and over,Estimate,Seasonally adjusted,Percent,239,units,0,v2063571,5.7.1.1.1.1,9.4,,,,1
2015-10,New Brunswick,2021A000213,Unemployment rate,Total - Gender,15 years and over,Estimate,Seasonally adjusted,Percent,239,units,0,v2063571,5.7.1.1.1.1,9.2,,,,1
2015-11,New Brunswick,2021A000213,Unemployment rate,Total - Gender,15 years and over,Estimate,Seasonally adjusted,Percent,239,units,0,v2063571,5.7.1.1.1.1,9,,,,1
2015-12,New Brunswick,2021A000213,Unemployment rate,Total - Gender,15 years and over,Estimate,Seasonally adjusted,Percent,239,units,0,v2063571,5.7.1.1.1.1,9.3,,,,1
2016-01,New Brunswick,2021A000213,Unemployment rate,Total - Gender,15 years and over,Estimate,Seasonally adjusted,Percent,239,units,0,v2063571,5.7.1.1.1.1,9.5,,,,1
2016-02,New Brunswick,2021A000213,Unemployment rate,Total - Gender,15 years and over,Estimate,Seasonally adjusted,Percent,239,units,0,v2063571,5.7.1.1.1.1,10.1,,,,1
2016-03,New Brunswick,2021A000213,Unemployment rate,Total - Gender,15 years and over,Estimate,Seasonally adjusted,Percent,239,units,0,v2063571,5.7.1.1.1.1,10.2,,,,1
2016-04,New Brunswick,2021A000213,Unemployment rate,Total - Gender,15 years and over,Estimate,Seasonally adjusted,Percent,239,units,0,v2063571,5.7.1.1.1.1,9.5,,,,1
2016-05,New Brunswick,2021A000213,Unemployment rate,Total - Gender,15 years and over,Estimate,Seasonally adjusted,Percent,239,units,0,v2063571,5.7.1.1.1.1,10,,,,1
2016-06,New Brunswick,2021A000213,Unemployment rate,Total - Gender,15 years and over,Estimate,Seasonally adjusted,Percent,239,units,0,v2063571,5.7.1.1.1.1,9.8,,,,1
2016-07,New Brunswick,2021A000213,Unemployment rate,Total - Gender,15 years and over,Estimate,Seasonally adjusted,Percent,239,units,0,v2063571,5.7.1.1.1.1,9.9,,,,1
2016-08,New Brunswick,2021A000213,Unemployment rate,Total - Gender,15 years and over,Estimate,Seasonally adjusted,Percent,239,units,0,v2063571,5.7.1.1.1.1,9.5,,,,1
2016-09,New Brunswick,2021A000213,Unemployment rate,Total - Gender,15 years and over,Estimate,Seasonally adjusted,Percent,239,units,0,v2063571,5.7.1.1.1.1,9.9,,,,1
2016-10,New Brunswick,2021A000213,Unemployment rate,Total - Gender,15 years and over,Estimate,Seasonally adjusted,Percent,239,units,0,v2063571,5.7.1.1.1.1,10,,,,1
2016-11,New Brunswick,2021A000213,Unemployment rate,Total - Gender,15 years and over,Estimate,Seasonally adjusted,Percent,239,units,0,v2063571,5.7.1.1.1.1,9.3,,,,1
2016-12,New Brunswick,2021A000213,Unemployment rate,Total - Gender,15 years and over,Estimate,Seasonally adjusted,Percent,239,units,0,v2063571,5.7.1.1.1.1,9.2,,,,1
2017-01,New Brunswick,2021A000213,Unemployment rate,Total - Gender,15 years and over,Estimate,Seasonally adjusted,Percent,239,units,0,v2063571,5.7.1.1.1.1,8.6,,,,1
2017-02,New Brunswick,2021A000213,Unemployment rate,Total - Gender,15 years and over,Estimate,Seasonally adjusted,Percent,239,units,0,v2063571,5.7.1.1.1.1,8.6,,,,1
2017-03,New Brunswick,2021A000213,Unemployment rate,Total - Gender,15 years and over,Estimate,Seasonally adjusted,Percent,239,units,0,v2063571,5.7.1.1.1.1,8.6,,,,1
2017-04,New Brunswick,2021A000213,Unemployment rate,Total - Gender,15 years and over,Estimate,Seasonally adjusted,Percent,239,units,0,v2063571,5.7.1.1.1.1,9,,,,1
2017-05,New Brunswick,2021A000213,Unemployment rate,Total - Gender,15 years and over,Estimate,Seasonally adjusted,Percent,239,units,0,v2063571,5.7.1.1.1.1,8.8,,,,1
2017-06,New Brunswick,2021A000213,Unemployment rate,Total - Gender,15 years and over,Estimate,Seasonally adjusted,Percent,239,units,0,v2063571,5.7.1.1.1.1,8.3,,,,1
2017-07,New Brunswick,2021A000213,Unemployment rate,Total - Gender,15 years and over,Estimate,Seasonally adjusted,Percent,239,units,0,v2063571,5.7.1.1.1.1,7,,,,1
2017-08,New Brunswick,2021A000213,Unemployment rate,Total - Gender,15 years and over,Estimate,Seasonally adjusted,Percent,239,units,0,v2063571,5.7.1.1.1.1,8.1,,,,1
2017-09,New Brunswick,2021A000213,Unemployment rate,Total - Gender,15 years and over,Estimate,Seasonally adjusted,Percent,239,units,0,v2063571,5.7.1.1.1.1,8,,,,1
2017-10,New Brunswick,2021A000213,Unemployment rate,Total - Gender,15 years and over,Estimate,Seasonally adjusted,Percent,239,units,0,v2063571,5.7.1.1.1.1,8.3,,,,1
2017-11,New Brunswick,2021A000213,Unemployment rate,Total - Gender,15 years and over,Estimate,Seasonally adjusted,Percent,239,units,0,v2063571,5.7.1.1.1.1,8.6,,,,1
2017-12,New Brunswick,2021A000213,Unemployment rate,Total - Gender,15 years and over,Estimate,Seasonally adjusted,Percent,239,units,0,v2063571,5.7.1.1.1.1,8.1,,,,1
2018-01,New Brunswick,2021A000213,Unemployment rate,Total - Gender,15 years and over,Estimate,Seasonally adjusted,Percent,239,units,0,v2063571,5.7.1.1.1.1,8.9,,,,1
2018-02,New Brunswick,2021A000213,Unemployment rate,Total - Gender,15 years and over,Estimate,Seasonally adjusted,Percent,239,units,0,v2063571,5.7.1.1.1.1,8.4,,,,1
2018-03,New Brunswick,2021A000213,Unemployment rate,Total - Gender,15 years and over,Estimate,Seasonally adjusted,Percent,239,units,0,v2063571,5.7.1.1.1.1,8.2,,,,1
2018-04,New Brunswick,2021A000213,Unemployment rate,Total - Gender,15 years and over,Estimate,Seasonally adjusted,Percent,239,units,0,v2063571,5.7.1.1.1.1,8,,,,1
2018-05,New Brunswick,2021A000213,Unemployment rate,Total - Gender,15 years and over,Estimate,Seasonally adjusted,Percent,239,units,0,v2063571,5.7.1.1.1.1,7.9,,,,1
2018-06,New Brunswick,2021A000213,Unemployment rate,Total - Gender,15 years and over,Estimate,Seasonally adjusted,Percent,239,units,0,v2063571,5.7.1.1.1.1,8,,,,1
2018-07,New Brunswick,2021A000213,Unemployment rate,Total - Gender,15 years and over,Estimate,Seasonally adjusted,Percent,239,units,0,v2063571,5.7.1.1.1.1,7.7,,,,1
2018-08,New Brunswick,2021A000213,Unemployment rate,Total - Gender,15 years and over,Estimate,Seasonally adjusted,Percent,239,units,0,v2063571,5.7.1.1.1.1,8.4,,,,1
2018-09,New Brunswick,2021A000213,Unemployment rate,Total - Gender,15 years and over,Estimate,Seasonally adjusted,Percent,239,units,0,v2063571,5.7.1.1.1.1,7.9,,,,1
2018-10,New Brunswick,2021A000213,Unemployment rate,Total - Gender,15 years and over,Estimate,Seasonally adjusted,Percent,239,units,0,v2063571,5.7.1.1.1.1,7.2,,,,1
2018-11,New Brunswick,2021A000213,Unemployment rate,Total - Gender,15 years and over,Estimate,Seasonally adjusted,Percent,239,units,0,v2063571,5.7.1.1.1.1,8.1,,,,1
2018-12,New Brunswick,2021A000213,Unemployment rate,Total - Gender,15 years and over,Estimate,Seasonally adjusted,Percent,239,units,0,v2063571,5.7.1.1.1.1,8.5,,,,1
2019-01,New Brunswick,2021A000213,Unemployment rate,Total - Gender,15 years and over,Estimate,Seasonally adjusted,Percent,239,units,0,v2063571,5.7.1.1.1.1,8.2,,,,1
2019-02,New Brunswick,2021A000213,Unemployment rate,Total - Gender,15 years and over,Estimate,Seasonally adjusted,Percent,239,units,0,v2063571,5.7.1.1.1.1,8.8,,,,1
2019-03,New Brunswick,2021A000213,Unemployment rate,Total - Gender,15 years and over,Estimate,Seasonally adjusted,Percent,239,units,0,v2063571,5.7.1.1.1.1,8.1,,,,1
2019-04,New Brunswick,2021A000213,Unemployment rate,Total - Gender,15 years and over,Estimate,Seasonally adjusted,Percent,239,units,0,v2063571,5.7.1.1.1.1,8.2,,,,1
2019-05,New Brunswick,2021A000213,Unemployment rate,Total - Gender,15 years and over,Estimate,Seasonally adjusted,Percent,239,units,0,v2063571,5.7.1.1.1.1,7.7,,,,1
2019-06,New Brunswick,2021A000213,Unemployment rate,Total - Gender,15 years and over,Estimate,Seasonally adjusted,Percent,239,units,0,v2063571,5.7.1.1.1.1,8.4,,,,1
2019-07,New Brunswick,2021A000213,Unemployment rate,Total - Gender,15 years and over,Estimate,Seasonally adjusted,Percent,239,units,0,v2063571,5.7.1.1.1.1,9.2,,,,1
2019-08,New Brunswick,2021A000213,Unemployment rate,Total - Gender,15 years and over,Estimate,Seasonally adjusted,Percent,239,units,0,v2063571,5.7.1.1.1.1,8.5,,,,1
2019-09,New Brunswick,2021A000213,Unemployment rate,Total - Gender,15 years and over,Estimate,Seasonally adjusted,Percent,239,units,0,v2063571,5.7.1.1.1.1,8,,,,1
2019-10,New Brunswick,2021A000213,Unemployment rate,Total - Gender,15 years and over,Estimate,Seasonally adjusted,Percent,239,units,0,v2063571,5.7.1.1.1.1,8.3,,,,1
2019-11,New Brunswick,2021A000213,Unemployment rate,Total - Gender,15 years and over,Estimate,Seasonally adjusted,Percent,239,units,0,v2063571,5.7.1.1.1.1,7.9,,,,1
2019-12,New Brunswick,2021A000213,Unemployment rate,Total - Gender,15 years and over,Estimate,Seasonally adjusted,Percent,239,units,0,v2063571,5.7.1.1.1.1,7.4,,,,1
2020-01,New Brunswick,2021A000213,Unemployment rate,Total - Gender,15 years and over,Estimate,Seasonally adjusted,Percent,239,units,0,v2063571,5.7.1.1.1.1,7.8,,,,1
2020-02,New Brunswick,2021A000213,Unemployment rate,Total - Gender,15 years and over,Estimate,Seasonally adjusted,Percent,239,units,0,v2063571,5.7.1.1.1.1,7.4,,,,1
2020-03,New Brunswick,2021A000213,Unemployment rate,Total - Gender,15 years and over,Estimate,Seasonally adjusted,Percent,239,units,0,v2063571,5.7.1.1.1.1,9.2,,,,1
2020-04,New Brunswick,2021A000213,Unemployment rate,Total - Gender,15 years and over,Estimate,Seasonally adjusted,Percent,239,units,0,v2063571,5.7.1.1.1.1,14.4,,,,1
2020-05,New Brunswick,2021A000213,Unemployment rate,Total - Gender,15 years and over,Estimate,Seasonally adjusted,Percent,239,units,0,v2063571,5.7.1.1.1.1,13.9,,,,1
2020-06,New Brunswick,2021A000213,Unemployment rate,Total - Gender,15 years and over,Estimate,Seasonally adjusted,Percent,239,units,0,v2063571,5.7.1.1.1.1,11.5,,,,1
2020-07,New Brunswick,2021A000213,Unemployment rate,Total - Gender,15 years and over,Estimate,Seasonally adjusted,Percent,239,units,0,v2063571,5.7.1.1.1.1,10.4,,,,1
2020-08,New Brunswick,2021A000213,Unemployment rate,Total - Gender,15 years and over,Estimate,Seasonally adjusted,Percent,239,units,0,v2063571,5.7.1.1.1.1,9.7,,,,1
2020-09,New Brunswick,2021A000213,Unemployment rate,Total - Gender,15 years and over,Estimate,Seasonally adjusted,Percent,239,units,0,v2063571,5.7.1.1.1.1,11.3,,,,1
2020-10,New Brunswick,2021A000213,Unemployment rate,Total - Gender,15 years and over,Estimate,Seasonally adjusted,Percent,239,units,0,v2063571,5.7.1.1.1.1,10.5,,,,1
2020-11,New Brunswick,2021A000213,Unemployment rate,Total - Gender,15 years and over,Estimate,Seasonally adjusted,Percent,239,units,0,v2063571,5.7.1.1.1.1,9.9,,,,1
2020-12,New Brunswick,2021A000213,Unemployment rate,Total - Gender,15 years and over,Estimate,Seasonally adjusted,Percent,239,units,0,v2063571,5.7.1.1.1.1,9.7,,,,1
2021-01,New Brunswick,2021A000213,Unemployment rate,Total - Gender,15 years and over,Estimate,Seasonally adjusted,Percent,239,units,0,v2063571,5.7.1.1.1.1,8.8,,,,1
2021-02,New Brunswick,2021A000213,Unemployment rate,Total - Gender,15 years and over,Estimate,Seasonally adjusted,Percent,239,units,0,v2063571,5.7.1.1.1.1,9.5,,,,1
2021-03,New Brunswick,2021A000213,Unemployment rate,Total - Gender,15 years and over,Estimate,Seasonally adjusted,Percent,239,units,0,v2063571,5.7.1.1.1.1,9.4,,,,1
2021-04,New Brunswick,2021A000213,Unemployment rate,Total - Gender,15 years and over,Estimate,Seasonally adjusted,Percent,239,units,0,v2063571,5.7.1.1.1.1,8.9,,,,1
2021-05,New Brunswick,2021A000213,Unemployment rate,Total - Gender,15 years and over,Estimate,Seasonally adjusted,Percent,239,units,0,v2063571,5.7.1.1.1.1,9.3,,,,1
2021-06,New Brunswick,2021A000213,Unemployment rate,Total - Gender,15 years and over,Estimate,Seasonally adjusted,Percent,239,units,0,v2063571,5.7.1.1.1.1,10.1,,,,1
2021-07,New Brunswick,2021A000213,Unemployment rate,Total - Gender,15 years and over,Estimate,Seasonally adjusted,Percent,239,units,0,v2063571,5.7.1.1.1.1,9.5,,,,1
2021-08,New Brunswick,2021A000213,Unemployment rate,Total - Gender,15 years and over,Estimate,Seasonally adjusted,Percent,239,units,0,v2063571,5.7.1.1.1.1,9.6,,,,1
2021-09,New Brunswick,2021A000213,Unemployment rate,Total - Gender,15 years and over,Estimate,Seasonally adjusted,Percent,239,units,0,v2063571,5.7.1.1.1.1,9.6,,,,1
2021-10,New Brunswick,2021A000213,Unemployment rate,Total - Gender,15 years and over,Estimate,Seasonally adjusted,Percent,239,units,0,v2063571,5.7.1.1.1.1,9.4,,,,1
2021-11,New Brunswick,2021A000213,Unemployment rate,Total - Gender,15 years and over,Estimate,Seasonally adjusted,Percent,239,units,0,v2063571,5.7.1.1.1.1,8.4,,,,1
2021-12,New Brunswick,2021A000213,Unemployment rate,Total - Gender,15 years and over,Estimate,Seasonally adjusted,Percent,239,units,0,v2063571,5.7.1.1.1.1,7.6,,,,1
2022-01,New Brunswick,2021A000213,Unemployment rate,Total - Gender,15 years and over,Estimate,Seasonally adjusted,Percent,239,units,0,v2063571,5.7.1.1.1.1,8.4,,,,1
2022-02,New Brunswick,2021A000213,Unemployment rate,Total - Gender,15 years and over,Estimate,Seasonally adjusted,Percent,239,units,0,v2063571,5.7.1.1.1.1,7.5,,,,1
2022-03,New Brunswick,2021A000213,Unemployment rate,Total - Gender,15 years and over,Estimate,Seasonally adjusted,Percent,239,units,0,v2063571,5.7.1.1.1.1,7.2,,,,1
2022-04,New Brunswick,2021A000213,Unemployment rate,Total - Gender,15 years and over,Estimate,Seasonally adjusted,Percent,239,units,0,v2063571,5.7.1.1.1.1,6.9,,,,1
2022-05,New Brunswick,2021A000213,Unemployment rate,Total - Gender,15 years and over,Estimate,Seasonally adjusted,Percent,239,units,0,v2063571,5.7.1.1.1.1,7.3,,,,1
2022-06,New Brunswick,2021A000213,Unemployment rate,Total - Gender,15 years and over,Estimate,Seasonally adjusted,Percent,239,units,0,v2063571,5.7.1.1.1.1,6.4,,,,1
2022-07,New Brunswick,2021A000213,Unemployment rate,Total - Gender,15 years and over,Estimate,Seasonally adjusted,Percent,239,units,0,v2063571,5.7.1.1.1.1,7.4,,,,1
2022-08,New Brunswick,2021A000213,Unemployment rate,Total - Gender,15 years and over,Estimate,Seasonally adjusted,Percent,239,units,0,v2063571,5.7.1.1.1.1,7,,,,1
2022-09,New Brunswick,2021A000213,Unemployment rate,Total - Gender,15 years and over,Estimate,Seasonally adjusted,Percent,239,units,0,v2063571,5.7.1.1.1.1,6.5,,,,1
2022-10,New Brunswick,2021A000213,Unemployment rate,Total - Gender,15 years and over,Estimate,Seasonally adjusted,Percent,239,units,0,v2063571,5.7.1.1.1.1,7.4,,,,1
2022-11,New Brunswick,2021A000213,Unemployment rate,Total - Gender,15 years and over,Estimate,Seasonally adjusted,Percent,239,units,0,v2063571,5.7.1.1.1.1,7,,,,1
2022-12,New Brunswick,2021A000213,Unemployment rate,Total - Gender,15 years and over,Estimate,Seasonally adjusted,Percent,239,units,0,v2063571,5.7.1.1.1.1,7.5,,,,1
2023-01,New Brunswick,2021A000213,Unemployment rate,Total - Gender,15 years and over,Estimate,Seasonally adjusted,Percent,239,units,0,v2063571,5.7.1.1.1.1,7,,,,1
2023-02,New Brunswick,2021A000213,Unemployment rate,Total - Gender,15 years and over,Estimate,Seasonally adjusted,Percent,239,units,0,v2063571,5.7.1.1.1.1,6.2,,,,1
2023-03,New Brunswick,2021A000213,Unemployment rate,Total - Gender,15 years and over,Estimate,Seasonally adjusted,Percent,239,units,0,v2063571,5.7.1.1.1.1,5.8,,,,1
2023-04,New Brunswick,2021A000213,Unemployment rate,Total - Gender,15 years and over,Estimate,Seasonally adjusted,Percent,239,units,0,v2063571,5.7.1.1.1.1,6.4,,,,1
2023-05,New Brunswick,2021A000213,Unemployment rate,Total - Gender,15 years and over,Estimate,Seasonally adjusted,Percent,239,units,0,v2063571,5.7.1.1.1.1,6.2,,,,1
2023-06,New Brunswick,2021A000213,Unemployment rate,Total - Gender,15 years and over,Estimate,Seasonally adjusted,Percent,239,units,0,v2063571,5.7.1.1.1.1,6.6,,,,1
2023-07,New Brunswick,2021A000213,Unemployment rate,Total - Gender,15 years and over,Estimate,Seasonally adjusted,Percent,239,units,0,v2063571,5.7.1.1.1.1,6.3,,,,1
2023-08,New Brunswick,2021A000213,Unemployment rate,Total - Gender,15 years and over,Estimate,Seasonally adjusted,Percent,239,units,0,v2063571,5.7.1.1.1.1,7.6,,,,1
2023-09,New Brunswick,2021A000213,Unemployment rate,Total - Gender,15 years and over,Estimate,Seasonally adjusted,Percent,239,units,0,v2063571,5.7.1.1.1.1,7.3,,,,1
2023-10,New Brunswick,2021A000213,Unemployment rate,Total - Gender,15 years and over,Estimate,Seasonally adjusted,Percent,239,units,0,v2063571,5.7.1.1.1.1,6.8,,,,1
2023-11,New Brunswick,2021A000213,Unemployment rate,Total - Gender,15 years and over,Estimate,Seasonally adjusted,Percent,239,units,0,v2063571,5.7.1.1.1.1,6.4,,,,1
2023-12,New Brunswick,2021A000213,Unemployment rate,Total - Gender,15 years and over,Estimate,Seasonally adjusted,Percent,239,units,0,v2063571,5.7.1.1.1.1,6.5,,,,1
1998-01,Quebec,2021A000224,Unemployment rate,Total - Gender,15 years and over,Estimate,Seasonally adjusted,Percent,239,units,0,v2063760,6.7.1.1.1.1,11.3,,,,1
1998-02,Quebec,2021A000224,Unemployment rate,Total - Gender,15 years and over,Estimate,Seasonally adjusted,Percent,239,units,0,v2063760,6.7.1.1.1.1,10.7,,,,1
1998-03,Quebec,2021A000224,Unemployment rate,Total - Gender,15 years and over,Estimate,Seasonally adjusted,Percent,239,units,0,v2063760,6.7.1.1.1.1,10.2,,,,1
1998-04,Quebec,2021A000224,Unemployment rate,Total - Gender,15 years and over,Estimate,Seasonally adjusted,Percent,239,units,0,v2063760,6.7.1.1.1.1,10.2,,,,1
1998-05,Quebec,2021A000224,Unemployment rate,Total - Gender,15 years and over,Estimate,Seasonally adjusted,Percent,239,units,0,v2063760,6.7.1.1.1.1,10.4,,,,1
1998-06,Quebec,2021A000224,Unemployment rate,Total - Gender,15 years and over,Estimate,Seasonally adjusted,Percent,239,units,0,v2063760,6.7.1.1.1.1,10.4,,,,1
1998-07,Quebec,2021A000224,Unemployment rate,Total - Gender,15 years and over,Estimate,Seasonally adjusted,Percent,239,units,0,v2063760,6.7.1.1.1.1,10.5,,,,1
1998-08,Quebec,2021A000224,Unemployment rate,Total - Gender,15 years and over,Estimate,Seasonally adjusted,Percent,239,units,0,v2063760,6.7.1.1.1.1,10.1,,,,1
1998-09,Quebec,2021A000224,Unemployment rate,Total - Gender,15 years and over,Estimate,Seasonally adjusted,Percent,239,units,0,v2063760,6.7.1.1.1.1,10.2,,,,1
1998-10,Quebec,2021A000224,Unemployment rate,Total - Gender,15 years and over,Estimate,Seasonally adjusted,Percent,239,units,0,v2063760,6.7.1.1.1.1,9.8,,,,1
1998-11,Quebec,2021A000224,Unemployment rate,Total - Gender,15 years and over,Estimate,Seasonally adjusted,Percent,239,units,0,v2063760,6.7.1.1.1.1,10,,,,1
1998-12,Quebec,2021A000224,Unemployment rate,Total - Gender,15 years and over,Estimate,Seasonally adjusted,Percent,239,units,0,v2063760,6.7.1.1.1.1,10.3,,,,1
1999-01,Quebec,2021A000224,Unemployment rate,Total - Gender,15 years and over,Estimate,Seasonally adjusted,Percent,239,units,0,v2063760,6.7.1.1.1.1,9.9,,,,1
1999-02,Quebec,2021A000224,Unemployment rate,Total - Gender,15 years and over,Estimate,Seasonally adjusted,Percent,239,units,0,v2063760,6.7.1.1.1.1,9.8,,,,1
1999-03,Quebec,2021A000224,Unemployment rate,Total - Gender,15 years and over,Estimate,Seasonally adjusted,Percent,239,units,0,v2063760,6.7.1.1.1.1,9.7,,,,1
1999-04,Quebec,2021A000224,Unemployment rate,Total - Gender,15 years and over,Estimate,Seasonally adjusted,Percent,239,units,0,v2063760,6.7.1.1.1.1,9.9,,,,1
1999-05,Quebec,2021A000224,Unemployment rate,Total - Gender,15 years and over,Estimate,Seasonally adjusted,Percent,239,units,0,v2063760,6.7.1.1.1.1,9.6,,,,1
1999-06,Quebec,2021A000224,Unemployment rate,Total - Gender,15 years and over,Estimate,Seasonally adjusted,Percent,239,units,0,v2063760,6.7.1.1.1.1,9.4,,,,1
1999-07,Quebec,2021A000224,Unemployment rate,Total - Gender,15 years and over,Estimate,Seasonally adjusted,Percent,239,units,0,v2063760,6.7.1.1.1.1,9.3,,,,1
1999-08,Quebec,2021A000224,Unemployment rate,Total - Gender,15 years and over,Estimate,Seasonally adjusted,Percent,239,units,0,v2063760,6.7.1.1.1.1,9.6,,,,1
1999-09,Quebec,2021A000224,Unemployment rate,Total - Gender,15 years and over,Estimate,Seasonally adjusted,Percent,239,units,0,v2063760,6.7.1.1.1.1,9.2,,,,1
1999-10,Quebec,2021A000224,Unemployment rate,Total - Gender,15 years and over,Estimate,Seasonally adjusted,Percent,239,units,0,v2063760,6.7.1.1.1.1,9.2,,,,1
1999-11,Quebec,2021A000224,Unemployment rate,Total - Gender,15 years and over,Estimate,Seasonally adjusted,Percent,239,units,0,v2063760,6.7.1.1.1.1,8.4,,,,1
1999-12,Quebec,2021A000224,Unemployment rate,Total - Gender,15 years and over,Estimate,Seasonally adjusted,Percent,239,units,0,v2063760,6.7.1.1.1.1,8.1,,,,1
2000-01,Quebec,2021A000224,Unemployment rate,Total - Gender,15 years and over,Estimate,Seasonally adjusted,Percent,239,units,0,v2063760,6.7.1.1.1.1,8.2,,,,1
2000-02,Quebec,2021A000224,Unemployment rate,Total - Gender,15 years and over,Estimate,Seasonally adjusted,Percent,239,units,0,v2063760,6.7.1.1.1.1,8.5,,,,1
2000-03,Quebec,2021A000224,Unemployment rate,Total - Gender,15 years and over,Estimate,Seasonally adjusted,Percent,239,units,0,v2063760,6.7.1.1.1.1,8.5,,,,1
2000-04,Quebec,2021A000224,Unemployment rate,Total - Gender,15 years and over,Estimate,Seasonally adjusted,Percent,239,units,0,v2063760,6.7.1.1.1.1,8.6,,,,1
2000-05,Quebec,2021A000224,Unemployment rate,Total - Gender,15 years and over,Estimate,Seasonally adjusted,Percent,239,units,0,v2063760,6.7.1.1.1.1,8.3,,,,1
2000-06,Quebec,2021A000224,Unemployment rate,Total - Gender,15 years and over,Estimate,Seasonally adjusted,Percent,239,units,0,v2063760,6.7.1.1.1.1,8.5,,,,1
2000-07,Quebec,2021A000224,Unemployment rate,Total - Gender,15 years and over,Estimate,Seasonally adjusted,Percent,239,units,0,v2063760,6.7.1.1.1.1,8.8,,,,1
2000-08,Quebec,2021A000224,Unemployment rate,Total - Gender,15 years and over,Estimate,Seasonally adjusted,Percent,239,units,0,v2063760,6.7.1.1.1.1,8.5,,,,1
2000-09,Quebec,2021A000224,Unemployment rate,Total - Gender,15 years and over,Estimate,Seasonally adjusted,Percent,239,units,0,v2063760,6.7.1.1.1.1,8.5,,,,1
2000-10,Quebec,2021A000224,Unemployment rate,Total - Gender,15 years and over,Estimate,Seasonally adjusted,Percent,239,units,0,v2063760,6.7.1.1.1.1,8.8,,,,1
2000-11,Quebec,2021A000224,Unemployment rate,Total - Gender,15 years and over,Estimate,Seasonally adjusted,Percent,239,units,0,v2063760,6.7.1.1.1.1,8.4,,,,1
2000-12,Quebec,2021A000224,Unemployment rate,Total - Gender,15 years and over,Estimate,Seasonally adjusted,Percent,239,units,0,v2063760,6.7.1.1.1.1,7.8,,,,1
2001-01,Quebec,2021A000224,Unemployment rate,Total - Gender,15 years and over,Estimate,Seasonally adjusted,Percent,239,units,0,v2063760,6.7.1.1.1.1,8.5,,,,1
2001-02,Quebec,2021A000224,Unemployment rate,Total - Gender,15 years and over,Estimate,Seasonally adjusted,Percent,239,units,0,v2063760,6.7.1.1.1.1,8.4,,,,1
2001-03,Quebec,2021A000224,Unemployment rate,Total - Gender,15 years and over,Estimate,Seasonally adjusted,Percent,239,units,0,v2063760,6.7.1.1.1.1,8.7,,,,1
2001-04,Quebec,2021A000224,Unemployment rate,Total - Gender,15 years and over,Estimate,Seasonally adjusted,Percent,239,units,0,v2063760,6.7.1.1.1.1,8.7,,,,1
2001-05,Quebec,2021A000224,Unemployment rate,Total - Gender,15 years and over,Estimate,Seasonally adjusted,Percent,239,units,0,v2063760,6.7.1.1.1.1,9,,,,1
2001-06,Quebec,2021A000224,Unemployment rate,Total - Gender,15 years and over,Estimate,Seasonally adjusted,Percent,239,units,0,v2063760,6.7.1.1.1.1,9,,,,1
2001-07,Quebec,2021A000224,Unemployment rate,Total - Gender,15 years and over,Estimate,Seasonally adjusted,Percent,239,units,0,v2063760,6.7.1.1.1.1,8.3,,,,1
2001-08,Quebec,2021A000224,Unemployment rate,Total - Gender,15 years and over,Estimate,Seasonally adjusted,Percent,239,units,0,v2063760,6.7.1.1.1.1,8.4,,,,1
2001-09,Quebec,2021A000224,Unemployment rate,Total - Gender,15 years and over,Estimate,Seasonally adjusted,Percent,239,units,0,v2063760,6.7.1.1.1.1,8.5,,,,1
2001-10,Quebec,2021A000224,Unemployment rate,Total - Gender,15 years and over,Estimate,Seasonally adjusted,Percent,239,units,0,v2063760,6.7.1.1.1.1,8.5,,,,1
2001-11,Quebec,2021A000224,Unemployment rate,Total - Gender,15 years and over,Estimate,Seasonally adjusted,Percent,239,units,0,v2063760,6.7.1.1.1.1,8.6,,,,1
2001-12,Quebec,2021A000224,Unemployment rate,Total - Gender,15 years and over,Estimate,Seasonally adjusted,Percent,239,units,0,v2063760,6.7.1.1.1.1,9.5,,,,1
2002-01,Quebec,2021A000224,Unemployment rate,Total - Gender,15 years and over,Estimate,Seasonally adjusted,Percent,239,units,0,v2063760,6.7.1.1.1.1,9.3,,,,1
2002-02,Quebec,2021A000224,Unemployment rate,Total - Gender,15 years and over,Estimate,Seasonally adjusted,Percent,239,units,0,v2063760,6.7.1.1.1.1,9.3,,,,1
2002-03,Quebec,2021A000224,Unemployment rate,Total - Gender,15 years and over,Estimate,Seasonally adjusted,Percent,239,units,0,v2063760,6.7.1.1.1.1,9,,,,1
2002-04,Quebec,2021A000224,Unemployment rate,Total - Gender,15 years and over,Estimate,Seasonally adjusted,Percent,239,units,0,v2063760,6.7.1.1.1.1,8.9,,,,1
2002-05,Quebec,2021A000224,Unemployment rate,Total - Gender,15 years and over,Estimate,Seasonally adjusted,Percent,239,units,0,v2063760,6.7.1.1.1.1,8.5,,,,1
2002-06,Quebec,2021A000224,Unemployment rate,Total - Gender,15 years and over,Estimate,Seasonally adjusted,Percent,239,units,0,v2063760,6.7.1.1.1.1,8.4,,,,1
2002-07,Quebec,2021A000224,Unemployment rate,Total - Gender,15 years and over,Estimate,Seasonally adjusted,Percent,239,units,0,v2063760,6.7.1.1.1.1,8.9,,,,1
2002-08,Quebec,2021A000224,Unemployment rate,Total - Gender,15 years and over,Estimate,Seasonally adjusted,Percent,239,units,0,v2063760,6.7.1.1.1.1,8.5,,,,1
2002-09,Quebec,2021A000224,Unemployment rate,Total - Gender,15 years and over,Estimate,Seasonally adjusted,Percent,239,units,0,v2063760,6.7.1.1.1.1,8.5,,,,1
2002-10,Quebec,2021A000224,Unemployment rate,Total - Gender,15 years and over,Estimate,Seasonally adjusted,Percent,239,units,0,v2063760,6.7.1.1.1.1,8.3,,,,1
2002-11,Quebec,2021A000224,Unemployment rate,Total - Gender,15 years and over,Estimate,Seasonally adjusted,Percent,239,units,0,v2063760,6.7.1.1.1.1,8.7,,,,1
2002-12,Quebec,2021A000224,Unemployment rate,Total - Gender,15 years and over,Estimate,Seasonally adjusted,Percent,239,units,0,v2063760,6.7.1.1.1.1,8.5,,,,1
2003-01,Quebec,2021A000224,Unemployment rate,Total - Gender,15 years and over,Estimate,Seasonally adjusted,Percent,239,units,0,v2063760,6.7.1.1.1.1,8.5,,,,1
2003-02,Quebec,2021A000224,Unemployment rate,Total - Gender,15 years and over,Estimate,Seasonally adjusted,Percent,239,units,0,v2063760,6.7.1.1.1.1,8.6,,,,1
2003-03,Quebec,2021A000224,Unemployment rate,Total - Gender,15 years and over,Estimate,Seasonally adjusted,Percent,239,units,0,v2063760,6.7.1.1.1.1,9,,,,1
2003-04,Quebec,2021A000224,Unemployment rate,Total - Gender,15 years and over,Estimate,Seasonally adjusted,Percent,239,units,0,v2063760,6.7.1.1.1.1,9.3,,,,1
2003-05,Quebec,2021A000224,Unemployment rate,Total - Gender,15 years and over,Estimate,Seasonally adjusted,Percent,239,units,0,v2063760,6.7.1.1.1.1,9.5,,,,1
2003-06,Quebec,2021A000224,Unemployment rate,Total - Gender,15 years and over,Estimate,Seasonally adjusted,Percent,239,units,0,v2063760,6.7.1.1.1.1,9.2,,,,1
2003-07,Quebec,2021A000224,Unemployment rate,Total - Gender,15 years and over,Estimate,Seasonally adjusted,Percent,239,units,0,v2063760,6.7.1.1.1.1,9.2,,,,1
2003-08,Quebec,2021A000224,Unemployment rate,Total - Gender,15 years and over,Estimate,Seasonally adjusted,Percent,239,units,0,v2063760,6.7.1.1.1.1,9.8,,,,1
2003-09,Quebec,2021A000224,Unemployment rate,Total - Gender,15 years and over,Estimate,Seasonally adjusted,Percent,239,units,0,v2063760,6.7.1.1.1.1,9.3,,,,1
2003-10,Quebec,2021A000224,Unemployment rate,Total - Gender,15 years and over,Estimate,Seasonally adjusted,Percent,239,units,0,v2063760,6.7.1.1.1.1,9.3,,,,1
2003-11,Quebec,2021A000224,Unemployment rate,Total - Gender,15 years and over,Estimate,Seasonally adjusted,Percent,239,units,0,v2063760,6.7.1.1.1.1,9,,,,1
2003-12,Quebec,2021A000224,Unemployment rate,Total - Gender,15 years and over,Estimate,Seasonally adjusted,Percent,239,units,0,v2063760,6.7.1.1.1.1,9.2,,,,1
2004-01,Quebec,2021A000224,Unemployment rate,Total - Gender,15 years and over,Estimate,Seasonally adjusted,Percent,239,units,0,v2063760,6.7.1.1.1.1,9,,,,1
2004-02,Quebec,2021A000224,Unemployment rate,Total - Gender,15 years and over,Estimate,Seasonally adjusted,Percent,239,units,0,v2063760,6.7.1.1.1.1,9,,,,1
2004-03,Quebec,2021A000224,Unemployment rate,Total - Gender,15 years and over,Estimate,Seasonally adjusted,Percent,239,units,0,v2063760,6.7.1.1.1.1,8.5,,,,1
2004-04,Quebec,2021A000224,Unemployment rate,Total - Gender,15 years and over,Estimate,Seasonally adjusted,Percent,239,units,0,v2063760,6.7.1.1.1.1,8.4,,,,1
2004-05,Quebec,2021A000224,Unemployment rate,Total - Gender,15 years and over,Estimate,Seasonally adjusted,Percent,239,units,0,v2063760,6.7.1.1.1.1,8,,,,1
2004-06,Quebec,2021A000224,Unemployment rate,Total - Gender,15 years and over,Estimate,Seasonally adjusted,Percent,239,units,0,v2063760,6.7.1.1.1.1,8.5,,,,1
2004-07,Quebec,2021A000224,Unemployment rate,Total - Gender,15 years and over,Estimate,Seasonally adjusted,Percent,239,units,0,v2063760,6.7.1.1.1.1,8.4,,,,1
2004-08,Quebec,2021A000224,Unemployment rate,Total - Gender,15 years and over,Estimate,Seasonally adjusted,Percent,239,units,0,v2063760,6.7.1.1.1.1,8,,,,1
2004-09,Quebec,2021A000224,Unemployment rate,Total - Gender,15 years and over,Estimate,Seasonally adjusted,Percent,239,units,0,v2063760,6.7.1.1.1.1,8.3,,,,1
2004-10,Quebec,2021A000224,Unemployment rate,Total - Gender,15 years and over,Estimate,Seasonally adjusted,Percent,239,units,0,v2063760,6.7.1.1.1.1,8.5,,,,1
2004-11,Quebec,2021A000224,Unemployment rate,Total - Gender,15 years and over,Estimate,Seasonally adjusted,Percent,239,units,0,v2063760,6.7.1.1.1.1,8.8,,,,1
2004-12,Quebec,2021A000224,Unemployment rate,Total - Gender,15 years and over,Estimate,Seasonally adjusted,Percent,239,units,0,v2063760,6.7.1.1.1.1,8.7,,,,1
2005-01,Quebec,2021A000224,Unemployment rate,Total - Gender,15 years and over,Estimate,Seasonally adjusted,Percent,239,units,0,v2063760,6.7.1.1.1.1,8.2,,,,1
2005-02,Quebec,2021A000224,Unemployment rate,Total - Gender,15 years and over,Estimate,Seasonally adjusted,Percent,239,units,0,v2063760,6.7.1.1.1.1,8.1,,,,1
2005-03,Quebec,2021A000224,Unemployment rate,Total - Gender,15 years and over,Estimate,Seasonally adjusted,Percent,239,units,0,v2063760,6.7.1.1.1.1,8.1,,,,1
2005-04,Quebec,2021A000224,Unemployment rate,Total - Gender,15 years and over,Estimate,Seasonally adjusted,Percent,239,units,0,v2063760,6.7.1.1.1.1,7.8,,,,1
2005-05,Quebec,2021A000224,Unemployment rate,Total - Gender,15 years and over,Estimate,Seasonally adjusted,Percent,239,units,0,v2063760,6.7.1.1.1.1,8.6,,,,1
2005-06,Quebec,2021A000224,Unemployment rate,Total - Gender,15 years and over,Estimate,Seasonally adjusted,Percent,239,units,0,v2063760,6.7.1.1.1.1,8.1,,,,1
2005-07,Quebec,2021A000224,Unemployment rate,Total - Gender,15 years and over,Estimate,Seasonally adjusted,Percent,239,units,0,v2063760,6.7.1.1.1.1,8.2,,,,1
2005-08,Quebec,2021A000224,Unemployment rate,Total - Gender,15 years and over,Estimate,Seasonally adjusted,Percent,239,units,0,v2063760,6.7.1.1.1.1,8.3,,,,1
2005-09,Quebec,2021A000224,Unemployment rate,Total - Gender,15 years and over,Estimate,Seasonally adjusted,Percent,239,units,0,v2063760,6.7.1.1.1.1,8.3,,,,1
2005-10,Quebec,2021A000224,Unemployment rate,Total - Gender,15 years and over,Estimate,Seasonally adjusted,Percent,239,units,0,v2063760,6.7.1.1.1.1,8.4,,,,1
2005-11,Quebec,2021A000224,Unemployment rate,Total - Gender,15 years and over,Estimate,Seasonally adjusted,Percent,239,units,0,v2063760,6.7.1.1.1.1,7.9,,,,1
2005-12,Quebec,2021A000224,Unemployment rate,Total - Gender,15 years and over,Estimate,Seasonally adjusted,Percent,239,units,0,v2063760,6.7.1.1.1.1,8.3,,,,1
2006-01,Quebec,2021A000224,Unemployment rate,Total - Gender,15 years and over,Estimate,Seasonally adjusted,Percent,239,units,0,v2063760,6.7.1.1.1.1,8.9,,,,1
2006-02,Quebec,2021A000224,Unemployment rate,Total - Gender,15 years and over,Estimate,Seasonally adjusted,Percent,239,units,0,v2063760,6.7.1.1.1.1,8.5,,,,1
2006-03,Quebec,2021A000224,Unemployment rate,Total - Gender,15 years and over,Estimate,Seasonally adjusted,Percent,239,units,0,v2063760,6.7.1.1.1.1,8.6,,,,1
2006-04,Quebec,2021A000224,Unemployment rate,Total - Gender,15 years and over,Estimate,Seasonally adjusted,Percent,239,units,0,v2063760,6.7.1.1.1.1,8.3,,,,1
2006-05,Quebec,2021A000224,Unemployment rate,Total - Gender,15 years and over,Estimate,Seasonally adjusted,Percent,239,units,0,v2063760,6.7.1.1.1.1,7.9,,,,1
2006-06,Quebec,2021A000224,Unemployment rate,Total - Gender,15 years and over,Estimate,Seasonally adjusted,Percent,239,units,0,v2063760,6.7.1.1.1.1,8.2,,,,1
2006-07,Quebec,2021A000224,Unemployment rate,Total - Gender,15 years and over,Estimate,Seasonally adjusted,Percent,239,units,0,v2063760,6.7.1.1.1.1,8,,,,1
2006-08,Quebec,2021A000224,Unemployment rate,Total - Gender,15 years and over,Estimate,Seasonally adjusted,Percent,239,units,0,v2063760,6.7.1.1.1.1,7.9,,,,1
2006-09,Quebec,2021A000224,Unemployment rate,Total - Gender,15 years and over,Estimate,Seasonally adjusted,Percent,239,units,0,v2063760,6.7.1.1.1.1,8.1,,,,1
2006-10,Quebec,2021A000224,Unemployment rate,Total - Gender,15 years and over,Estimate,Seasonally adjusted,Percent,239,units,0,v2063760,6.7.1.1.1.1,7.9,,,,1
2006-11,Quebec,2021A000224,Unemployment rate,Total - Gender,15 years and over,Estimate,Seasonally adjusted,Percent,239,units,0,v2063760,6.7.1.1.1.1,8.4,,,,1
2006-12,Quebec,2021A000224,Unemployment rate,Total - Gender,15 years and over,Estimate,Seasonally adjusted,Percent,239,units,0,v2063760,6.7.1.1.1.1,8,,,,1
2007-01,Quebec,2021A000224,Unemployment rate,Total - Gender,15 years and over,Estimate,Seasonally adjusted,Percent,239,units,0,v2063760,6.7.1.1.1.1,7.8,,,,1
2007-02,Quebec,2021A000224,Unemployment rate,Total - Gender,15 years and over,Estimate,Seasonally adjusted,Percent,239,units,0,v2063760,6.7.1.1.1.1,7.9,,,,1
2007-03,Quebec,2021A000224,Unemployment rate,Total - Gender,15 years and over,Estimate,Seasonally adjusted,Percent,239,units,0,v2063760,6.7.1.1.1.1,7.7,,,,1
2007-04,Quebec,2021A000224,Unemployment rate,Total - Gender,15 years and over,Estimate,Seasonally adjusted,Percent,239,units,0,v2063760,6.7.1.1.1.1,7.5,,,,1
2007-05,Quebec,2021A000224,Unemployment rate,Total - Gender,15 years and over,Estimate,Seasonally adjusted,Percent,239,units,0,v2063760,6.7.1.1.1.1,7.4,,,,1
2007-06,Quebec,2021A000224,Unemployment rate,Total - Gender,15 years and over,Estimate,Seasonally adjusted,Percent,239,units,0,v2063760,6.7.1.1.1.1,7.2,,,,1
2007-07,Quebec,2021A000224,Unemployment rate,Total - Gender,15 years and over,Estimate,Seasonally adjusted,Percent,239,units,0,v2063760,6.7.1.1.1.1,7.1,,,,1
2007-08,Quebec,2021A000224,Unemployment rate,Total - Gender,15 years and over,Estimate,Seasonally adjusted,Percent,239,units,0,v2063760,6.7.1.1.1.1,7.2,,,,1
2007-09,Quebec,2021A000224,Unemployment rate,Total - Gender,15 years and over,Estimate,Seasonally adjusted,Percent,239,units,0,v2063760,6.7.1.1.1.1,7.2,,,,1
2007-10,Quebec,2021A000224,Unemployment rate,Total - Gender,15 years and over,Estimate,Seasonally adjusted,Percent,239,units,0,v2063760,6.7.1.1.1.1,7.4,,,,1
2007-11,Quebec,2021A000224,Unemployment rate,Total - Gender,15 years and over,Estimate,Seasonally adjusted,Percent,239,units,0,v2063760,6.7.1.1.1.1,7.3,,,,1
2007-12,Quebec,2021A000224,Unemployment rate,Total - Gender,15 years and over,Estimate,Seasonally adjusted,Percent,239,units,0,v2063760,6.7.1.1.1.1,7.3,,,,1
2008-01,Quebec,2021A000224,Unemployment rate,Total - Gender,15 years and over,Estimate,Seasonally adjusted,Percent,239,units,0,v2063760,6.7.1.1.1.1,7.2,,,,1
2008-02,Quebec,2021A000224,Unemployment rate,Total - Gender,15 years and over,Estimate,Seasonally adjusted,Percent,239,units,0,v2063760,6.7.1.1.1.1,7.1,,,,1
2008-03,Quebec,2021A000224,Unemployment rate,Total - Gender,15 years and over,Estimate,Seasonally adjusted,Percent,239,units,0,v2063760,6.7.1.1.1.1,7.3,,,,1
2008-04,Quebec,2021A000224,Unemployment rate,Total - Gender,15 years and over,Estimate,Seasonally adjusted,Percent,239,units,0,v2063760,6.7.1.1.1.1,7.7,,,,1
2008-05,Quebec,2021A000224,Unemployment rate,Total - Gender,15 years and over,Estimate,Seasonally adjusted,Percent,239,units,0,v2063760,6.7.1.1.1.1,7.6,,,,1
2008-06,Quebec,2021A000224,Unemployment rate,Total - Gender,15 years and over,Estimate,Seasonally adjusted,Percent,239,units,0,v2063760,6.7.1.1.1.1,7.5,,,,1
2008-07,Quebec,2021A000224,Unemployment rate,Total - Gender,15 years and over,Estimate,Seasonally adjusted,Percent,239,units,0,v2063760,6.7.1.1.1.1,7.3,,,,1
2008-08,Quebec,2021A000224,Unemployment rate,Total - Gender,15 years and over,Estimate,Seasonally adjusted,Percent,239,units,0,v2063760,6.7.1.1.1.1,7.4,,,,1
2008-09,Quebec,2021A000224,Unemployment rate,Total - Gender,15 years and over,Estimate,Seasonally adjusted,Percent,239,units,0,v2063760,6.7.1.1.1.1,7.5,,,,1
2008-10,Quebec,2021A000224,Unemployment rate,Total - Gender,15 years and over,Estimate,Seasonally adjusted,Percent,239,units,0,v2063760,6.7.1.1.1.1,7.4,,,,1
2008-11,Quebec,2021A000224,Unemployment rate,Total - Gender,15 years and over,Estimate,Seasonally adjusted,Percent,239,units,0,v2063760,6.7.1.1.1.1,7.8,,,,1
2008-12,Quebec,2021A000224,Unemployment rate,Total - Gender,15 years and over,Estimate,Seasonally adjusted,Percent,239,units,0,v2063760,6.7.1.1.1.1,7.8,,,,1
2009-01,Quebec,2021A000224,Unemployment rate,Total - Gender,15 years and over,Estimate,Seasonally adjusted,Percent,239,units,0,v2063760,6.7.1.1.1.1,8.3,,,,1
2009-02,Quebec,2021A000224,Unemployment rate,Total - Gender,15 years and over,Estimate,Seasonally adjusted,Percent,239,units,0,v2063760,6.7.1.1.1.1,8.7,,,,1
2009-03,Quebec,2021A000224,Unemployment rate,Total - Gender,15 years and over,Estimate,Seasonally adjusted,Percent,239,units,0,v2063760,6.7.1.1.1.1,8.9,,,,1
2009-04,Quebec,2021A000224,Unemployment rate,Total - Gender,15 years and over,Estimate,Seasonally adjusted,Percent,239,units,0,v2063760,6.7.1.1.1.1,8.9,,,,1
2009-05,Quebec,2021A000224,Unemployment rate,Total - Gender,15 years and over,Estimate,Seasonally adjusted,Percent,239,units,0,v2063760,6.7.1.1.1.1,8.7,,,,1
2009-06,Quebec,2021A000224,Unemployment rate,Total - Gender,15 years and over,Estimate,Seasonally adjusted,Percent,239,units,0,v2063760,6.7.1.1.1.1,8.9,,,,1
2009-07,Quebec,2021A000224,Unemployment rate,Total - Gender,15 years and over,Estimate,Seasonally adjusted,Percent,239,units,0,v2063760,6.7.1.1.1.1,9.2,,,,1
2009-08,Quebec,2021A000224,Unemployment rate,Total - Gender,15 years and over,Estimate,Seasonally adjusted,Percent,239,units,0,v2063760,6.7.1.1.1.1,9.1,,,,1
2009-09,Quebec,2021A000224,Unemployment rate,Total - Gender,15 years and over,Estimate,Seasonally adjusted,Percent,239,units,0,v2063760,6.7.1.1.1.1,9.1,,,,1
2009-10,Quebec,2021A000224,Unemployment rate,Total - Gender,15 years and over,Estimate,Seasonally adjusted,Percent,239,units,0,v2063760,6.7.1.1.1.1,8.6,,,,1
2009-11,Quebec,2021A000224,Unemployment rate,Total - Gender,15 years and over,Estimate,Seasonally adjusted,Percent,239,units,0,v2063760,6.7.1.1.1.1,8.5,,,,1
2009-12,Quebec,2021A000224,Unemployment rate,Total - Gender,15 years and over,Estimate,Seasonally adjusted,Percent,239,units,0,v2063760,6.7.1.1.1.1,8.8,,,,1
2010-01,Quebec,2021A000224,Unemployment rate,Total - Gender,15 years and over,Estimate,Seasonally adjusted,Percent,239,units,0,v2063760,6.7.1.1.1.1,8.3,,,,1
2010-02,Quebec,2021A000224,Unemployment rate,Total - Gender,15 years and over,Estimate,Seasonally adjusted,Percent,239,units,0,v2063760,6.7.1.1.1.1,8.4,,,,1
2010-03,Quebec,2021A000224,Unemployment rate,Total - Gender,15 years and over,Estimate,Seasonally adjusted,Percent,239,units,0,v2063760,6.7.1.1.1.1,8.3,,,,1
2010-04,Quebec,2021A000224,Unemployment rate,Total - Gender,15 years and over,Estimate,Seasonally adjusted,Percent,239,units,0,v2063760,6.7.1.1.1.1,8.1,,,,1
2010-05,Quebec,2021A000224,Unemployment rate,Total - Gender,15 years and over,Estimate,Seasonally adjusted,Percent,239,units,0,v2063760,6.7.1.1.1.1,8.3,,,,1
2010-06,Quebec,2021A000224,Unemployment rate,Total - Gender,15 years and over,Estimate,Seasonally adjusted,Percent,239,units,0,v2063760,6.7.1.1.1.1,8.1,,,,1
2010-07,Quebec,2021A000224,Unemployment rate,Total - Gender,15 years and over,Estimate,Seasonally adjusted,Percent,239,units,0,v2063760,6.7.1.1.1.1,8.5,,,,1
2010-08,Quebec,2021A000224,Unemployment rate,Total - Gender,15 years and over,Estimate,Seasonally adjusted,Percent,239,units,0,v2063760,6.7.1.1.1.1,8.4,,,,1
2010-09,Quebec,2021A000224,Unemployment rate,Total - Gender,15 years and over,Estimate,Seasonally adjusted,Percent,239,units,0,v2063760,6.7.1.1.1.1,8.1,,,,1
2010-10,Quebec,2021A000224,Unemployment rate,Total - Gender,15 years and over,Estimate,Seasonally adjusted,Percent,239,units,0,v2063760,6.7.1.1.1.1,8.3,,,,1
2010-11,Quebec,2021A000224,Unemployment rate,Total - Gender,15 years and over,Estimate,Seasonally adjusted,Percent,239,units,0,v2063760,6.7.1.1.1.1,8.1,,,,1
2010-12,Quebec,2021A000224,Unemployment rate,Total - Gender,15 years and over,Estimate,Seasonally adjusted,Percent,239,units,0,v2063760,6.7.1.1.1.1,7.6,,,,1
2011-01,Quebec,2021A000224,Unemployment rate,Total - Gender,15 years and over,Estimate,Seasonally adjusted,Percent,239,units,0,v2063760,6.7.1.1.1.1,7.8,,,,1
2011-02,Quebec,2021A000224,Unemployment rate,Total - Gender,15 years and over,Estimate,Seasonally adjusted,Percent,239,units,0,v2063760,6.7.1.1.1.1,7.8,,,,1
2011-03,Quebec,2021A000224,Unemployment rate,Total - Gender,15 years and over,Estimate,Seasonally adjusted,Percent,239,units,0,v2063760,6.7.1.1.1.1,7.9,,,,1
2011-04,Quebec,2021A000224,Unemployment rate,Total - Gender,15 years and over,Estimate,Seasonally adjusted,Percent,239,units,0,v2063760,6.7.1.1.1.1,7.9,,,,1
2011-05,Quebec,2021A000224,Unemployment rate,Total - Gender,15 years and over,Estimate,Seasonally adjusted,Percent,239,units,0,v2063760,6.7.1.1.1.1,7.8,,,,1
2011-06,Quebec,2021A000224,Unemployment rate,Total - Gender,15 years and over,Estimate,Seasonally adjusted,Percent,239,units,0,v2063760,6.7.1.1.1.1,8.1,,,,1
2011-07,Quebec,2021A000224,Unemployment rate,Total - Gender,15 years and over,Estimate,Seasonally adjusted,Percent,239,units,0,v2063760,6.7.1.1.1.1,7.5,,,,1
2011-08,Quebec,2021A000224,Unemployment rate,Total - Gender,15 years and over,Estimate,Seasonally adjusted,Percent,239,units,0,v2063760,6.7.1.1.1.1,7.9,,,,1
2011-09,Quebec,2021A000224,Unemployment rate,Total - Gender,15 years and over,Estimate,Seasonally adjusted,Percent,239,units,0,v2063760,6.7.1.1.1.1,7.8,,,,1
2011-10,Quebec,2021A000224,Unemployment rate,Total - Gender,15 years and over,Estimate,Seasonally adjusted,Percent,239,units,0,v2063760,6.7.1.1.1.1,8.2,,,,1
2011-11,Quebec,2021A000224,Unemployment rate,Total - Gender,15 years and over,Estimate,Seasonally adjusted,Percent,239,units,0,v2063760,6.7.1.1.1.1,8.4,,,,1
2011-12,Quebec,2021A000224,Unemployment rate,Total - Gender,15 years and over,Estimate,Seasonally adjusted,Percent,239,units,0,v2063760,6.7.1.1.1.1,8.9,,,,1
2012-01,Quebec,2021A000224,Unemployment rate,Total - Gender,15 years and over,Estimate,Seasonally adjusted,Percent,239,units,0,v2063760,6.7.1.1.1.1,8.7,,,,1
2012-02,Quebec,2021A000224,Unemployment rate,Total - Gender,15 years and over,Estimate,Seasonally adjusted,Percent,239,units,0,v2063760,6.7.1.1.1.1,8.6,,,,1
2012-03,Quebec,2021A000224,Unemployment rate,Total - Gender,15 years and over,Estimate,Seasonally adjusted,Percent,239,units,0,v2063760,6.7.1.1.1.1,7.9,,,,1
2012-04,Quebec,2021A000224,Unemployment rate,Total - Gender,15 years and over,Estimate,Seasonally adjusted,Percent,239,units,0,v2063760,6.7.1.1.1.1,8.1,,,,1
2012-05,Quebec,2021A000224,Unemployment rate,Total - Gender,15 years and over,Estimate,Seasonally adjusted,Percent,239,units,0,v2063760,6.7.1.1.1.1,8.1,,,,1
2012-06,Quebec,2021A000224,Unemployment rate,Total - Gender,15 years and over,Estimate,Seasonally adjusted,Percent,239,units,0,v2063760,6.7.1.1.1.1,7.7,,,,1
2012-07,Quebec,2021A000224,Unemployment rate,Total - Gender,15 years and over,Estimate,Seasonally adjusted,Percent,239,units,0,v2063760,6.7.1.1.1.1,7.3,,,,1
2012-08,Quebec,2021A000224,Unemployment rate,Total - Gender,15 years and over,Estimate,Seasonally adjusted,Percent,239,units,0,v2063760,6.7.1.1.1.1,7.6,,,,1
2012-09,Quebec,2021A000224,Unemployment rate,Total - Gender,15 years and over,Estimate,Seasonally adjusted,Percent,239,units,0,v2063760,6.7.1.1.1.1,7.7,,,,1
2012-10,Quebec,2021A000224,Unemployment rate,Total - Gender,15 years and over,Estimate,Seasonally adjusted,Percent,239,units,0,v2063760,6.7.1.1.1.1,7.4,,,,1
2012-11,Quebec,2021A000224,Unemployment rate,Total - Gender,15 years and over,Estimate,Seasonally adjusted,Percent,239,units,0,v2063760,6.7.1.1.1.1,7.8,,,,1
2012-12,Quebec,2021A000224,Unemployment rate,Total - Gender,15 years and over,Estimate,Seasonally adjusted,Percent,239,units,0,v2063760,6.7.1.1.1.1,7.5,,,,1
2013-01,Quebec,2021A000224,Unemployment rate,Total - Gender,15 years and over,Estimate,Seasonally adjusted,Percent,239,units,0,v2063760,6.7.1.1.1.1,7.4,,,,1
2013-02,Quebec,2021A000224,Unemployment rate,Total - Gender,15 years and over,Estimate,Seasonally adjusted,Percent,239,units,0,v2063760,6.7.1.1.1.1,7.4,,,,1
2013-03,Quebec,2021A000224,Unemployment rate,Total - Gender,15 years and over,Estimate,Seasonally adjusted,Percent,239,units,0,v2063760,6.7.1.1.1.1,8,,,,1
2013-04,Quebec,2021A000224,Unemployment rate,Total - Gender,15 years and over,Estimate,Seasonally adjusted,Percent,239,units,0,v2063760,6.7.1.1.1.1,8,,,,1
2013-05,Quebec,2021A000224,Unemployment rate,Total - Gender,15 years and over,Estimate,Seasonally adjusted,Percent,239,units,0,v2063760,6.7.1.1.1.1,7.6,,,,1
2013-06,Quebec,2021A000224,Unemployment rate,Total - Gender,15 years and over,Estimate,Seasonally adjusted,Percent,239,units,0,v2063760,6.7.1.1.1.1,7.8,,,,1
2013-07,Quebec,2021A000224,Unemployment rate,Total - Gender,15 years and over,Estimate,Seasonally adjusted,Percent,239,units,0,v2063760,6.7.1.1.1.1,8.3,,,,1
2013-08,Quebec,2021A000224,Unemployment rate,Total - Gender,15 years and over,Estimate,Seasonally adjusted,Percent,239,units,0,v2063760,6.7.1.1.1.1,8,,,,1
2013-09,Quebec,2021A000224,Unemployment rate,Total - Gender,15 years and over,Estimate,Seasonally adjusted,Percent,239,units,0,v2063760,6.7.1.1.1.1,7.9,,,,1
2013-10,Quebec,2021A000224,Unemployment rate,Total - Gender,15 years and over,Estimate,Seasonally adjusted,Percent,239,units,0,v2063760,6.7.1.1.1.1,7.9,,,,1
2013-11,Quebec,2021A000224,Unemployment rate,Total - Gender,15 years and over,Estimate,Seasonally adjusted,Percent,239,units,0,v2063760,6.7.1.1.1.1,7.7,,,,1
2013-12,Quebec,2021A000224,Unemployment rate,Total - Gender,15 years and over,Estimate,Seasonally adjusted,Percent,239,units,0,v2063760,6.7.1.1.1.1,8.2,,,,1
2014-01,Quebec,2021A000224,Unemployment rate,Total - Gender,15 years and over,Estimate,Seasonally adjusted,Percent,239,units,0,v2063760,6.7.1.1.1.1,8.2,,,,1
2014-02,Quebec,2021A000224,Unemployment rate,Total - Gender,15 years and over,Estimate,Seasonally adjusted,Percent,239,units,0,v2063760,6.7.1.1.1.1,8.1,,,,1
2014-03,Quebec,2021A000224,Unemployment rate,Total - Gender,15 years and over,Estimate,Seasonally adjusted,Percent,239,units,0,v2063760,6.7.1.1.1.1,7.9,,,,1
2014-04,Quebec,2021A000224,Unemployment rate,Total - Gender,15 years and over,Estimate,Seasonally adjusted,Percent,239,units,0,v2063760,6.7.1.1.1.1,7.9,,,,1
2014-05,Quebec,2021A000224,Unemployment rate,Total - Gender,15 years and over,Estimate,Seasonally adjusted,Percent,239,units,0,v2063760,6.7.1.1.1.1,8.1,,,,1
2014-06,Quebec,2021A000224,Unemployment rate,Total - Gender,15 years and over,Estimate,Seasonally adjusted,Percent,239,units,0,v2063760,6.7.1.1.1.1,8.1,,,,1
2014-07,Quebec,2021A000224,Unemployment rate,Total - Gender,15 years and over,Estimate,Seasonally adjusted,Percent,239,units,0,v2063760,6.7.1.1.1.1,8,,,,1
2014-08,Quebec,2021A000224,Unemployment rate,Total - Gender,15 years and over,Estimate,Seasonally adjusted,Percent,239,units,0,v2063760,6.7.1.1.1.1,7.5,,,,1
2014-09,Quebec,2021A000224,Unemployment rate,Total - Gender,15 years and over,Estimate,Seasonally adjusted,Percent,239,units,0,v2063760,6.7.1.1.1.1,8,,,,1
2014-10,Quebec,2021A000224,Unemployment rate,Total - Gender,15 years and over,Estimate,Seasonally adjusted,Percent,239,units,0,v2063760,6.7.1.1.1.1,7.8,,,,1
2014-11,Quebec,2021A000224,Unemployment rate,Total - Gender,15 years and over,Estimate,Seasonally adjusted,Percent,239,units,0,v2063760,6.7.1.1.1.1,7.8,,,,1
2014-12,Quebec,2021A000224,Unemployment rate,Total - Gender,15 years and over,Estimate,Seasonally adjusted,Percent,239,units,0,v2063760,6.7.1.1.1.1,7.5,,,,1
2015-01,Quebec,2021A000224,Unemployment rate,Total - Gender,15 years and over,Estimate,Seasonally adjusted,Percent,239,units,0,v2063760,6.7.1.1.1.1,7.6,,,,1
2015-02,Quebec,2021A000224,Unemployment rate,Total - Gender,15 years and over,Estimate,Seasonally adjusted,Percent,239,units,0,v2063760,6.7.1.1.1.1,7.6,,,,1
2015-03,Quebec,2021A000224,Unemployment rate,Total - Gender,15 years and over,Estimate,Seasonally adjusted,Percent,239,units,0,v2063760,6.7.1.1.1.1,7.8,,,,1
2015-04,Quebec,2021A000224,Unemployment rate,Total - Gender,15 years and over,Estimate,Seasonally adjusted,Percent,239,units,0,v2063760,6.7.1.1.1.1,7.6,,,,1
2015-05,Quebec,2021A000224,Unemployment rate,Total - Gender,15 years and over,Estimate,Seasonally adjusted,Percent,239,units,0,v2063760,6.7.1.1.1.1,7.9,,,,1
2015-06,Quebec,2021A000224,Unemployment rate,Total - Gender,15 years and over,Estimate,Seasonally adjusted,Percent,239,units,0,v2063760,6.7.1.1.1.1,8.1,,,,1
2015-07,Quebec,2021A000224,Unemployment rate,Total - Gender,15 years and over,Estimate,Seasonally adjusted,Percent,239,units,0,v2063760,6.7.1.1.1.1,7.7,,,,1
2015-08,Quebec,2021A000224,Unemployment rate,Total - Gender,15 years and over,Estimate,Seasonally adjusted,Percent,239,units,0,v2063760,6.7.1.1.1.1,7.9,,,,1
2015-09,Quebec,2021A000224,Unemployment rate,Total - Gender,15 years and over,Estimate,Seasonally adjusted,Percent,239,units,0,v2063760,6.7.1.1.1.1,7.6,,,,1
2015-10,Quebec,2021A000224,Unemployment rate,Total - Gender,15 years and over,Estimate,Seasonally adjusted,Percent,239,units,0,v2063760,6.7.1.1.1.1,7.6,,,,1
2015-11,Quebec,2021A000224,Unemployment rate,Total - Gender,15 years and over,Estimate,Seasonally adjusted,Percent,239,units,0,v2063760,6.7.1.1.1.1,7.7,,,,1
2015-12,Quebec,2021A000224,Unemployment rate,Total - Gender,15 years and over,Estimate,Seasonally adjusted,Percent,239,units,0,v2063760,6.7.1.1.1.1,7.8,,,,1
2016-01,Quebec,2021A000224,Unemployment rate,Total - Gender,15 years and over,Estimate,Seasonally adjusted,Percent,239,units,0,v2063760,6.7.1.1.1.1,7.8,,,,1
2016-02,Quebec,2021A000224,Unemployment rate,Total - Gender,15 years and over,Estimate,Seasonally adjusted,Percent,239,units,0,v2063760,6.7.1.1.1.1,7.8,,,,1
2016-03,Quebec,2021A000224,Unemployment rate,Total - Gender,15 years and over,Estimate,Seasonally adjusted,Percent,239,units,0,v2063760,6.7.1.1.1.1,7.9,,,,1
2016-04,Quebec,2021A000224,Unemployment rate,Total - Gender,15 years and over,Estimate,Seasonally adjusted,Percent,239,units,0,v2063760,6.7.1.1.1.1,8,,,,1
2016-05,Quebec,2021A000224,Unemployment rate,Total - Gender,15 years and over,Estimate,Seasonally adjusted,Percent,239,units,0,v2063760,6.7.1.1.1.1,7.4,,,,1
2016-06,Quebec,2021A000224,Unemployment rate,Total - Gender,15 years and over,Estimate,Seasonally adjusted,Percent,239,units,0,v2063760,6.7.1.1.1.1,7.2,,,,1
2016-07,Quebec,2021A000224,Unemployment rate,Total - Gender,15 years and over,Estimate,Seasonally adjusted,Percent,239,units,0,v2063760,6.7.1.1.1.1,7.2,,,,1
2016-08,Quebec,2021A000224,Unemployment rate,Total - Gender,15 years and over,Estimate,Seasonally adjusted,Percent,239,units,0,v2063760,6.7.1.1.1.1,6.9,,,,1
2016-09,Quebec,2021A000224,Unemployment rate,Total - Gender,15 years and over,Estimate,Seasonally adjusted,Percent,239,units,0,v2063760,6.7.1.1.1.1,6.8,,,,1
2016-10,Quebec,2021A000224,Unemployment rate,Total - Gender,15 years and over,Estimate,Seasonally adjusted,Percent,239,units,0,v2063760,6.7.1.1.1.1,6.6,,,,1
2016-11,Quebec,2021A000224,Unemployment rate,Total - Gender,15 years and over,Estimate,Seasonally adjusted,Percent,239,units,0,v2063760,6.7.1.1.1.1,6.2,,,,1
2016-12,Quebec,2021A000224,Unemployment rate,Total - Gender,15 years and over,Estimate,Seasonally adjusted,Percent,239,units,0,v2063760,6.7.1.1.1.1,6.6,,,,1
2017-01,Quebec,2021A000224,Unemployment rate,Total - Gender,15 years and over,Estimate,Seasonally adjusted,Percent,239,units,0,v2063760,6.7.1.1.1.1,6.5,,,,1
2017-02,Quebec,2021A000224,Unemployment rate,Total - Gender,15 years and over,Estimate,Seasonally adjusted,Percent,239,units,0,v2063760,6.7.1.1.1.1,6.4,,,,1
2017-03,Quebec,2021A000224,Unemployment rate,Total - Gender,15 years and over,Estimate,Seasonally adjusted,Percent,239,units,0,v2063760,6.7.1.1.1.1,6,,,,1
2017-04,Quebec,2021A000224,Unemployment rate,Total - Gender,15 years and over,Estimate,Seasonally adjusted,Percent,239,units,0,v2063760,6.7.1.1.1.1,6.3,,,,1
2017-05,Quebec,2021A000224,Unemployment rate,Total - Gender,15 years and over,Estimate,Seasonally adjusted,Percent,239,units,0,v2063760,6.7.1.1.1.1,6.1,,,,1
2017-06,Quebec,2021A000224,Unemployment rate,Total - Gender,15 years and over,Estimate,Seasonally adjusted,Percent,239,units,0,v2063760,6.7.1.1.1.1,6.2,,,,1
2017-07,Quebec,2021A000224,Unemployment rate,Total - Gender,15 years and over,Estimate,Seasonally adjusted,Percent,239,units,0,v2063760,6.7.1.1.1.1,5.9,,,,1
2017-08,Quebec,2021A000224,Unemployment rate,Total - Gender,15 years and over,Estimate,Seasonally adjusted,Percent,239,units,0,v2063760,6.7.1.1.1.1,6.2,,,,1
2017-09,Quebec,2021A000224,Unemployment rate,Total - Gender,15 years and over,Estimate,Seasonally adjusted,Percent,239,units,0,v2063760,6.7.1.1.1.1,5.9,,,,1
2017-10,Quebec,2021A000224,Unemployment rate,Total - Gender,15 years and over,Estimate,Seasonally adjusted,Percent,239,units,0,v2063760,6.7.1.1.1.1,6.1,,,,1
2017-11,Quebec,2021A000224,Unemployment rate,Total - Gender,15 years and over,Estimate,Seasonally adjusted,Percent,239,units,0,v2063760,6.7.1.1.1.1,5.5,,,,1
2017-12,Quebec,2021A000224,Unemployment rate,Total - Gender,15 years and over,Estimate,Seasonally adjusted,Percent,239,units,0,v2063760,6.7.1.1.1.1,5.3,,,,1
2018-01,Quebec,2021A000224,Unemployment rate,Total - Gender,15 years and over,Estimate,Seasonally adjusted,Percent,239,units,0,v2063760,6.7.1.1.1.1,5.3,,,,1
2018-02,Quebec,2021A000224,Unemployment rate,Total - Gender,15 years and over,Estimate,Seasonally adjusted,Percent,239,units,0,v2063760,6.7.1.1.1.1,5.9,,,,1
2018-03,Quebec,2021A000224,Unemployment rate,Total - Gender,15 years and over,Estimate,Seasonally adjusted,Percent,239,units,0,v2063760,6.7.1.1.1.1,5.5,,,,1
2018-04,Quebec,2021A000224,Unemployment rate,Total - Gender,15 years and over,Estimate,Seasonally adjusted,Percent,239,units,0,v2063760,6.7.1.1.1.1,5.4,,,,1
2018-05,Quebec,2021A000224,Unemployment rate,Total - Gender,15 years and over,Estimate,Seasonally adjusted,Percent,239,units,0,v2063760,6.7.1.1.1.1,5.3,,,,1
2018-06,Quebec,2021A000224,Unemployment rate,Total - Gender,15 years and over,Estimate,Seasonally adjusted,Percent,239,units,0,v2063760,6.7.1.1.1.1,5.4,,,,1
2018-07,Quebec,2021A000224,Unemployment rate,Total - Gender,15 years and over,Estimate,Seasonally adjusted,Percent,239,units,0,v2063760,6.7.1.1.1.1,5.6,,,,1
2018-08,Quebec,2021A000224,Unemployment rate,Total - Gender,15 years and over,Estimate,Seasonally adjusted,Percent,239,units,0,v2063760,6.7.1.1.1.1,5.8,,,,1
2018-09,Quebec,2021A000224,Unemployment rate,Total - Gender,15 years and over,Estimate,Seasonally adjusted,Percent,239,units,0,v2063760,6.7.1.1.1.1,5.4,,,,1
2018-10,Quebec,2021A000224,Unemployment rate,Total - Gender,15 years and over,Estimate,Seasonally adjusted,Percent,239,units,0,v2063760,6.7.1.1.1.1,5,,,,1
2018-11,Quebec,2021A000224,Unemployment rate,Total - Gender,15 years and over,Estimate,Seasonally adjusted,Percent,239,units,0,v2063760,6.7.1.1.1.1,5.2,,,,1
2018-12,Quebec,2021A000224,Unemployment rate,Total - Gender,15 years and over,Estimate,Seasonally adjusted,Percent,239,units,0,v2063760,6.7.1.1.1.1,5.2,,,,1
2019-01,Quebec,2021A000224,Unemployment rate,Total - Gender,15 years and over,Estimate,Seasonally adjusted,Percent,239,units,0,v2063760,6.7.1.1.1.1,5.2,,,,1
2019-02,Quebec,2021A000224,Unemployment rate,Total - Gender,15 years and over,Estimate,Seasonally adjusted,Percent,239,units,0,v2063760,6.7.1.1.1.1,5.2,,,,1
2019-03,Quebec,2021A000224,Unemployment rate,Total - Gender,15 years and over,Estimate,Seasonally adjusted,Percent,239,units,0,v2063760,6.7.1.1.1.1,5.3,,,,1
2019-04,Quebec,2021A000224,Unemployment rate,Total - Gender,15 years and over,Estimate,Seasonally adjusted,Percent,239,units,0,v2063760,6.7.1.1.1.1,4.8,,,,1
2019-05,Quebec,2021A000224,Unemployment rate,Total - Gender,15 years and over,Estimate,Seasonally adjusted,Percent,239,units,0,v2063760,6.7.1.1.1.1,5,,,,1
2019-06,Quebec,2021A000224,Unemployment rate,Total - Gender,15 years and over,Estimate,Seasonally adjusted,Percent,239,units,0,v2063760,6.7.1.1.1.1,4.9,,,,1
2019-07,Quebec,2021A000224,Unemployment rate,Total - Gender,15 years and over,Estimate,Seasonally adjusted,Percent,239,units,0,v2063760,6.7.1.1.1.1,4.8,,,,1
2019-08,Quebec,2021A000224,Unemployment rate,Total - Gender,15 years and over,Estimate,Seasonally adjusted,Percent,239,units,0,v2063760,6.7.1.1.1.1,4.6,,,,1
2019-09,Quebec,2021A000224,Unemployment rate,Total - Gender,15 years and over,Estimate,Seasonally adjusted,Percent,239,units,0,v2063760,6.7.1.1.1.1,5.1,,,,1
2019-10,Quebec,2021A000224,Unemployment rate,Total - Gender,15 years and over,Estimate,Seasonally adjusted,Percent,239,units,0,v2063760,6.7.1.1.1.1,5.1,,,,1
2019-11,Quebec,2021A000224,Unemployment rate,Total - Gender,15 years and over,Estimate,Seasonally adjusted,Percent,239,units,0,v2063760,6.7.1.1.1.1,5.5,,,,1
2019-12,Quebec,2021A000224,Unemployment rate,Total - Gender,15 years and over,Estimate,Seasonally adjusted,Percent,239,units,0,v2063760,6.7.1.1.1.1,5,,,,1
2020-01,Quebec,2021A000224,Unemployment rate,Total - Gender,15 years and over,Estimate,Seasonally adjusted,Percent,239,units,0,v2063760,6.7.1.1.1.1,4.8,,,,1
2020-02,Quebec,2021A000224,Unemployment rate,Total - Gender,15 years and over,Estimate,Seasonally adjusted,Percent,239,units,0,v2063760,6.7.1.1.1.1,4.5,,,,1
2020-03,Quebec,2021A000224,Unemployment rate,Total - Gender,15 years and over,Estimate,Seasonally adjusted,Percent,239,units,0,v2063760,6.7.1.1.1.1,8.6,,,,1
2020-04,Quebec,2021A000224,Unemployment rate,Total - Gender,15 years and over,Estimate,Seasonally adjusted,Percent,239,units,0,v2063760,6.7.1.1.1.1,18.2,,,,1
2020-05,Quebec,2021A000224,Unemployment rate,Total - Gender,15 years and over,Estimate,Seasonally adjusted,Percent,239,units,0,v2063760,6.7.1.1.1.1,14.2,,,,1
2020-06,Quebec,2021A000224,Unemployment rate,Total - Gender,15 years and over,Estimate,Seasonally adjusted,Percent,239,units,0,v2063760,6.7.1.1.1.1,11,,,,1
2020-07,Quebec,2021A000224,Unemployment rate,Total - Gender,15 years and over,Estimate,Seasonally adjusted,Percent,239,units,0,v2063760,6.7.1.1.1.1,9.4,,,,1
2020-08,Quebec,2021A000224,Unemployment rate,Total - Gender,15 years and over,Estimate,Seasonally adjusted,Percent,239,units,0,v2063760,6.7.1.1.1.1,8.4,,,,1
2020-09,Quebec,2021A000224,Unemployment rate,Total - Gender,15 years and over,Estimate,Seasonally adjusted,Percent,239,units,0,v2063760,6.7.1.1.1.1,7.2,,,,1
2020-10,Quebec,2021A000224,Unemployment rate,Total - Gender,15 years and over,Estimate,Seasonally adjusted,Percent,239,units,0,v2063760,6.7.1.1.1.1,7.6,,,,1
2020-11,Quebec,2021A000224,Unemployment rate,Total - Gender,15 years and over,Estimate,Seasonally adjusted,Percent,239,units,0,v2063760,6.7.1.1.1.1,7.2,,,,1
2020-12,Quebec,2021A000224,Unemployment rate,Total - Gender,15 years and over,Estimate,Seasonally adjusted,Percent,239,units,0,v2063760,6.7.1.1.1.1,6.8,,,,1
2021-01,Quebec,2021A000224,Unemployment rate,Total - Gender,15 years and over,Estimate,Seasonally adjusted,Percent,239,units,0,v2063760,6.7.1.1.1.1,8.2,,,,1
2021-02,Quebec,2021A000224,Unemployment rate,Total - Gender,15 years and over,Estimate,Seasonally adjusted,Percent,239,units,0,v2063760,6.7.1.1.1.1,6.6,,,,1
2021-03,Quebec,2021A000224,Unemployment rate,Total - Gender,15 years and over,Estimate,Seasonally adjusted,Percent,239,units,0,v2063760,6.7.1.1.1.1,6.7,,,,1
2021-04,Quebec,2021A000224,Unemployment rate,Total - Gender,15 years and over,Estimate,Seasonally adjusted,Percent,239,units,0,v2063760,6.7.1.1.1.1,6.7,,,,1
2021-05,Quebec,2021A000224,Unemployment rate,Total - Gender,15 years and over,Estimate,Seasonally adjusted,Percent,239,units,0,v2063760,6.7.1.1.1.1,6.6,,,,1
2021-06,Quebec,2021A000224,Unemployment rate,Total - Gender,15 years and over,Estimate,Seasonally adjusted,Percent,239,units,0,v2063760,6.7.1.1.1.1,6.2,,,,1
2021-07,Quebec,2021A000224,Unemployment rate,Total - Gender,15 years and over,Estimate,Seasonally adjusted,Percent,239,units,0,v2063760,6.7.1.1.1.1,6.2,,,,1
2021-08,Quebec,2021A000224,Unemployment rate,Total - Gender,15 years and over,Estimate,Seasonally adjusted,Percent,239,units,0,v2063760,6.7.1.1.1.1,5.7,,,,1
2021-09,Quebec,2021A000224,Unemployment rate,Total - Gender,15 years and over,Estimate,Seasonally adjusted,Percent,239,units,0,v2063760,6.7.1.1.1.1,5.9,,,,1
2021-10,Quebec,2021A000224,Unemployment rate,Total - Gender,15 years and over,Estimate,Seasonally adjusted,Percent,239,units,0,v2063760,6.7.1.1.1.1,5.3,,,,1
2021-11,Quebec,2021A000224,Unemployment rate,Total - Gender,15 years and over,Estimate,Seasonally adjusted,Percent,239,units,0,v2063760,6.7.1.1.1.1,4.5,,,,1
2021-12,Quebec,2021A000224,Unemployment rate,Total - Gender,15 years and over,Estimate,Seasonally adjusted,Percent,239,units,0,v2063760,6.7.1.1.1.1,4.6,,,,1
2022-01,Quebec,2021A000224,Unemployment rate,Total - Gender,15 years and over,Estimate,Seasonally adjusted,Percent,239,units,0,v2063760,6.7.1.1.1.1,5,,,,1
2022-02,Quebec,2021A000224,Unemployment rate,Total - Gender,15 years and over,Estimate,Seasonally adjusted,Percent,239,units,0,v2063760,6.7.1.1.1.1,4.4,,,,1
2022-03,Quebec,2021A000224,Unemployment rate,Total - Gender,15 years and over,Estimate,Seasonally adjusted,Percent,239,units,0,v2063760,6.7.1.1.1.1,4.2,,,,1
2022-04,Quebec,2021A000224,Unemployment rate,Total - Gender,15 years and over,Estimate,Seasonally adjusted,Percent,239,units,0,v2063760,6.7.1.1.1.1,4.4,,,,1
2022-05,Quebec,2021A000224,Unemployment rate,Total - Gender,15 years and over,Estimate,Seasonally adjusted,Percent,239,units,0,v2063760,6.7.1.1.1.1,4.4,,,,1
2022-06,Quebec,2021A000224,Unemployment rate,Total - Gender,15 years and over,Estimate,Seasonally adjusted,Percent,239,units,0,v2063760,6.7.1.1.1.1,4.3,,,,1
2022-07,Quebec,2021A000224,Unemployment rate,Total - Gender,15 years and over,Estimate,Seasonally adjusted,Percent,239,units,0,v2063760,6.7.1.1.1.1,4.1,,,,1
2022-08,Quebec,2021A000224,Unemployment rate,Total - Gender,15 years and over,Estimate,Seasonally adjusted,Percent,239,units,0,v2063760,6.7.1.1.1.1,4.3,,,,1
2022-09,Quebec,2021A000224,Unemployment rate,Total - Gender,15 years and over,Estimate,Seasonally adjusted,Percent,239,units,0,v2063760,6.7.1.1.1.1,4.4,,,,1
2022-10,Quebec,2021A000224,Unemployment rate,Total - Gender,15 years and over,Estimate,Seasonally adjusted,Percent,239,units,0,v2063760,6.7.1.1.1.1,4,,,,1
2022-11,Quebec,2021A000224,Unemployment rate,Total - Gender,15 years and over,Estimate,Seasonally adjusted,Percent,239,units,0,v2063760,6.7.1.1.1.1,3.8,,,,1
2022-12,Quebec,2021A000224,Unemployment rate,Total - Gender,15 years and over,Estimate,Seasonally adjusted,Percent,239,units,0,v2063760,6.7.1.1.1.1,4.1,,,,1
2023-01,Quebec,2021A000224,Unemployment rate,Total - Gender,15 years and over,Estimate,Seasonally adjusted,Percent,239,units,0,v2063760,6.7.1.1.1.1,4.2,,,,1
2023-02,Quebec,2021A000224,Unemployment rate,Total - Gender,15 years and over,Estimate,Seasonally adjusted,Percent,239,units,0,v2063760,6.7.1.1.1.1,4.2,,,,1
2023-03,Quebec,2021A000224,Unemployment rate,Total - Gender,15 years and over,Estimate,Seasonally adjusted,Percent,239,units,0,v2063760,6.7.1.1.1.1,4.2,,,,1
2023-04,Quebec,2021A000224,Unemployment rate,Total - Gender,15 years and over,Estimate,Seasonally adjusted,Percent,239,units,0,v2063760,6.7.1.1.1.1,4.2,,,,1
2023-05,Quebec,2021A000224,Unemployment rate,Total - Gender,15 years and over,Estimate,Seasonally adjusted,Percent,239,units,0,v2063760,6.7.1.1.1.1,4.1,,,,1
2023-06,Quebec,2021A000224,Unemployment rate,Total - Gender,15 years and over,Estimate,Seasonally adjusted,Percent,239,units,0,v2063760,6.7.1.1.1.1,4.3,,,,1
2023-07,Quebec,2021A000224,Unemployment rate,Total - Gender,15 years and over,Estimate,Seasonally adjusted,Percent,239,units,0,v2063760,6.7.1.1.1.1,4.5,,,,1
2023-08,Quebec,2021A000224,Unemployment rate,Total - Gender,15 years and over,Estimate,Seasonally adjusted,Percent,239,units,0,v2063760,6.7.1.1.1.1,4.4,,,,1
2023-09,Quebec,2021A000224,Unemployment rate,Total - Gender,15 years and over,Estimate,Seasonally adjusted,Percent,239,units,0,v2063760,6.7.1.1.1.1,4.5,,,,1
2023-10,Quebec,2021A000224,Unemployment rate,Total - Gender,15 years and over,Estimate,Seasonally adjusted,Percent,239,units,0,v2063760,6.7.1.1.1.1,4.9,,,,1
2023-11,Quebec,2021A000224,Unemployment rate,Total - Gender,15 years and over,Estimate,Seasonally adjusted,Percent,239,units,0,v2063760,6.7.1.1.1.1,5.1,,,,1
2023-12,Quebec,2021A000224,Unemployment rate,Total - Gender,15 years and over,Estimate,Seasonally adjusted,Percent,239,units,0,v2063760,6.7.1.1.1.1,4.7,,,,1
1998-01,Ontario,2021A000235,Unemployment rate,Total - Gender,15 years and over,Estimate,Seasonally adjusted,Percent,239,units,0,v2063949,7.7.1.1.1.1,7.9,,,,1
1998-02,Ontario,2021A000235,Unemployment rate,Total - Gender,15 years and over,Estimate,Seasonally adjusted,Percent,239,units,0,v2063949,7.7.1.1.1.1,7.5,,,,1
1998-03,Ontario,2021A000235,Unemployment rate,Total - Gender,15 years and over,Estimate,Seasonally adjusted,Percent,239,units,0,v2063949,7.7.1.1.1.1,7.4,,,,1
1998-04,Ontario,2021A000235,Unemployment rate,Total - Gender,15 years and over,Estimate,Seasonally adjusted,Percent,239,units,0,v2063949,7.7.1.1.1.1,7.3,,,,1
1998-05,Ontario,2021A000235,Unemployment rate,Total - Gender,15 years and over,Estimate,Seasonally adjusted,Percent,239,units,0,v2063949,7.7.1.1.1.1,7,,,,1
1998-06,Ontario,2021A000235,Unemployment rate,Total - Gender,15 years and over,Estimate,Seasonally adjusted,Percent,239,units,0,v2063949,7.7.1.1.1.1,7.2,,,,1
1998-07,Ontario,2021A000235,Unemployment rate,Total - Gender,15 years and over,Estimate,Seasonally adjusted,Percent,239,units,0,v2063949,7.7.1.1.1.1,7.2,,,,1
1998-08,Ontario,2021A000235,Unemployment rate,Total - Gender,15 years and over,Estimate,Seasonally adjusted,Percent,239,units,0,v2063949,7.7.1.1.1.1,6.9,,,,1
1998-09,Ontario,2021A000235,Unemployment rate,Total - Gender,15 years and over,Estimate,Seasonally adjusted,Percent,239,units,0,v2063949,7.7.1.1.1.1,7,,,,1
1998-10,Ontario,2021A000235,Unemployment rate,Total - Gender,15 years and over,Estimate,Seasonally adjusted,Percent,239,units,0,v2063949,7.7.1.1.1.1,6.9,,,,1
1998-11,Ontario,2021A000235,Unemployment rate,Total - Gender,15 years and over,Estimate,Seasonally adjusted,Percent,239,units,0,v2063949,7.7.1.1.1.1,6.9,,,,1
1998-12,Ontario,2021A000235,Unemployment rate,Total - Gender,15 years and over,Estimate,Seasonally adjusted,Percent,239,units,0,v2063949,7.7.1.1.1.1,7,,,,1
1999-01,Ontario,2021A000235,Unemployment rate,Total - Gender,15 years and over,Estimate,Seasonally adjusted,Percent,239,units,0,v2063949,7.7.1.1.1.1,6.6,,,,1
1999-02,Ontario,2021A000235,Unemployment rate,Total - Gender,15 years and over,Estimate,Seasonally adjusted,Percent,239,units,0,v2063949,7.7.1.1.1.1,6.7,,,,1
1999-03,Ontario,2021A000235,Unemployment rate,Total - Gender,15 years and over,Estimate,Seasonally adjusted,Percent,239,units,0,v2063949,7.7.1.1.1.1,6.6,,,,1
1999-04,Ontario,2021A000235,Unemployment rate,Total - Gender,15 years and over,Estimate,Seasonally adjusted,Percent,239,units,0,v2063949,7.7.1.1.1.1,7.3,,,,1
1999-05,Ontario,2021A000235,Unemployment rate,Total - Gender,15 years and over,Estimate,Seasonally adjusted,Percent,239,units,0,v2063949,7.7.1.1.1.1,6.9,,,,1
1999-06,Ontario,2021A000235,Unemployment rate,Total - Gender,15 years and over,Estimate,Seasonally adjusted,Percent,239,units,0,v2063949,7.7.1.1.1.1,6.3,,,,1
1999-07,Ontario,2021A000235,Unemployment rate,Total - Gender,15 years and over,Estimate,Seasonally adjusted,Percent,239,units,0,v2063949,7.7.1.1.1.1,6.4,,,,1
1999-08,Ontario,2021A000235,Unemployment rate,Total - Gender,15 years and over,Estimate,Seasonally adjusted,Percent,239,units,0,v2063949,7.7.1.1.1.1,5.9,,,,1
1999-09,Ontario,2021A000235,Unemployment rate,Total - Gender,15 years and over,Estimate,Seasonally adjusted,Percent,239,units,0,v2063949,7.7.1.1.1.1,6.3,,,,1
1999-10,Ontario,2021A000235,Unemployment rate,Total - Gender,15 years and over,Estimate,Seasonally adjusted,Percent,239,units,0,v2063949,7.7.1.1.1.1,5.9,,,,1
1999-11,Ontario,2021A000235,Unemployment rate,Total - Gender,15 years and over,Estimate,Seasonally adjusted,Percent,239,units,0,v2063949,7.7.1.1.1.1,5.6,,,,1
1999-12,Ontario,2021A000235,Unemployment rate,Total - Gender,15 years and over,Estimate,Seasonally adjusted,Percent,239,units,0,v2063949,7.7.1.1.1.1,5.5,,,,1
2000-01,Ontario,2021A000235,Unemployment rate,Total - Gender,15 years and over,Estimate,Seasonally adjusted,Percent,239,units,0,v2063949,7.7.1.1.1.1,5.8,,,,1
2000-02,Ontario,2021A000235,Unemployment rate,Total - Gender,15 years and over,Estimate,Seasonally adjusted,Percent,239,units,0,v2063949,7.7.1.1.1.1,5.8,,,,1
2000-03,Ontario,2021A000235,Unemployment rate,Total - Gender,15 years and over,Estimate,Seasonally adjusted,Percent,239,units,0,v2063949,7.7.1.1.1.1,5.7,,,,1
2000-04,Ontario,2021A000235,Unemployment rate,Total - Gender,15 years and over,Estimate,Seasonally adjusted,Percent,239,units,0,v2063949,7.7.1.1.1.1,5.6,,,,1
2000-05,Ontario,2021A000235,Unemployment rate,Total - Gender,15 years and over,Estimate,Seasonally adjusted,Percent,239,units,0,v2063949,7.7.1.1.1.1,5.6,,,,1
2000-06,Ontario,2021A000235,Unemployment rate,Total - Gender,15 years and over,Estimate,Seasonally adjusted,Percent,239,units,0,v2063949,7.7.1.1.1.1,5.6,,,,1
2000-07,Ontario,2021A000235,Unemployment rate,Total - Gender,15 years and over,Estimate,Seasonally adjusted,Percent,239,units,0,v2063949,7.7.1.1.1.1,5.4,,,,1
2000-08,Ontario,2021A000235,Unemployment rate,Total - Gender,15 years and over,Estimate,Seasonally adjusted,Percent,239,units,0,v2063949,7.7.1.1.1.1,5.9,,,,1
2000-09,Ontario,2021A000235,Unemployment rate,Total - Gender,15 years and over,Estimate,Seasonally adjusted,Percent,239,units,0,v2063949,7.7.1.1.1.1,5.9,,,,1
2000-10,Ontario,2021A000235,Unemployment rate,Total - Gender,15 years and over,Estimate,Seasonally adjusted,Percent,239,units,0,v2063949,7.7.1.1.1.1,6,,,,1
2000-11,Ontario,2021A000235,Unemployment rate,Total - Gender,15 years and over,Estimate,Seasonally adjusted,Percent,239,units,0,v2063949,7.7.1.1.1.1,6.1,,,,1
2000-12,Ontario,2021A000235,Unemployment rate,Total - Gender,15 years and over,Estimate,Seasonally adjusted,Percent,239,units,0,v2063949,7.7.1.1.1.1,6,,,,1
2001-01,Ontario,2021A000235,Unemployment rate,Total - Gender,15 years and over,Estimate,Seasonally adjusted,Percent,239,units,0,v2063949,7.7.1.1.1.1,5.7,,,,1
2001-02,Ontario,2021A000235,Unemployment rate,Total - Gender,15 years and over,Estimate,Seasonally adjusted,Percent,239,units,0,v2063949,7.7.1.1.1.1,6.2,,,,1
2001-03,Ontario,2021A000235,Unemployment rate,Total - Gender,15 years and over,Estimate,Seasonally adjusted,Percent,239,units,0,v2063949,7.7.1.1.1.1,6.3,,,,1
2001-04,Ontario,2021A000235,Unemployment rate,Total - Gender,15 years and over,Estimate,Seasonally adjusted,Percent,239,units,0,v2063949,7.7.1.1.1.1,6.1,,,,1
2001-05,Ontario,2021A000235,Unemployment rate,Total - Gender,15 years and over,Estimate,Seasonally adjusted,Percent,239,units,0,v2063949,7.7.1.1.1.1,5.9,,,,1
2001-06,Ontario,2021A000235,Unemployment rate,Total - Gender,15 years and over,Estimate,Seasonally adjusted,Percent,239,units,0,v2063949,7.7.1.1.1.1,6.3,,,,1
2001-07,Ontario,2021A000235,Unemployment rate,Total - Gender,15 years and over,Estimate,Seasonally adjusted,Percent,239,units,0,v2063949,7.7.1.1.1.1,6.2,,,,1
2001-08,Ontario,2021A000235,Unemployment rate,Total - Gender,15 years and over,Estimate,Seasonally adjusted,Percent,239,units,0,v2063949,7.7.1.1.1.1,6.5,,,,1
2001-09,Ontario,2021A000235,Unemployment rate,Total - Gender,15 years and over,Estimate,Seasonally adjusted,Percent,239,units,0,v2063949,7.7.1.1.1.1,6.5,,,,1
2001-10,Ontario,2021A000235,Unemployment rate,Total - Gender,15 years and over,Estimate,Seasonally adjusted,Percent,239,units,0,v2063949,7.7.1.1.1.1,6.6,,,,1
2001-11,Ontario,2021A000235,Unemployment rate,Total - Gender,15 years and over,Estimate,Seasonally adjusted,Percent,239,units,0,v2063949,7.7.1.1.1.1,6.9,,,,1
2001-12,Ontario,2021A000235,Unemployment rate,Total - Gender,15 years and over,Estimate,Seasonally adjusted,Percent,239,units,0,v2063949,7.7.1.1.1.1,7.1,,,,1
2002-01,Ontario,2021A000235,Unemployment rate,Total - Gender,15 years and over,Estimate,Seasonally adjusted,Percent,239,units,0,v2063949,7.7.1.1.1.1,7.5,,,,1
2002-02,Ontario,2021A000235,Unemployment rate,Total - Gender,15 years and over,Estimate,Seasonally adjusted,Percent,239,units,0,v2063949,7.7.1.1.1.1,7.1,,,,1
2002-03,Ontario,2021A000235,Unemployment rate,Total - Gender,15 years and over,Estimate,Seasonally adjusted,Percent,239,units,0,v2063949,7.7.1.1.1.1,7.2,,,,1
2002-04,Ontario,2021A000235,Unemployment rate,Total - Gender,15 years and over,Estimate,Seasonally adjusted,Percent,239,units,0,v2063949,7.7.1.1.1.1,7,,,,1
2002-05,Ontario,2021A000235,Unemployment rate,Total - Gender,15 years and over,Estimate,Seasonally adjusted,Percent,239,units,0,v2063949,7.7.1.1.1.1,7,,,,1
2002-06,Ontario,2021A000235,Unemployment rate,Total - Gender,15 years and over,Estimate,Seasonally adjusted,Percent,239,units,0,v2063949,7.7.1.1.1.1,7.1,,,,1
2002-07,Ontario,2021A000235,Unemployment rate,Total - Gender,15 years and over,Estimate,Seasonally adjusted,Percent,239,units,0,v2063949,7.7.1.1.1.1,7,,,,1
2002-08,Ontario,2021A000235,Unemployment rate,Total - Gender,15 years and over,Estimate,Seasonally adjusted,Percent,239,units,0,v2063949,7.7.1.1.1.1,7.1,,,,1
2002-09,Ontario,2021A000235,Unemployment rate,Total - Gender,15 years and over,Estimate,Seasonally adjusted,Percent,239,units,0,v2063949,7.7.1.1.1.1,7.2,,,,1
2002-10,Ontario,2021A000235,Unemployment rate,Total - Gender,15 years and over,Estimate,Seasonally adjusted,Percent,239,units,0,v2063949,7.7.1.1.1.1,7.2,,,,1
2002-11,Ontario,2021A000235,Unemployment rate,Total - Gender,15 years and over,Estimate,Seasonally adjusted,Percent,239,units,0,v2063949,7.7.1.1.1.1,6.8,,,,1
2002-12,Ontario,2021A000235,Unemployment rate,Total - Gender,15 years and over,Estimate,Seasonally adjusted,Percent,239,units,0,v2063949,7.7.1.1.1.1,6.9,,,,1
2003-01,Ontario,2021A000235,Unemployment rate,Total - Gender,15 years and over,Estimate,Seasonally adjusted,Percent,239,units,0,v2063949,7.7.1.1.1.1,6.9,,,,1
2003-02,Ontario,2021A000235,Unemployment rate,Total - Gender,15 years and over,Estimate,Seasonally adjusted,Percent,239,units,0,v2063949,7.7.1.1.1.1,6.8,,,,1
2003-03,Ontario,2021A000235,Unemployment rate,Total - Gender,15 years and over,Estimate,Seasonally adjusted,Percent,239,units,0,v2063949,7.7.1.1.1.1,6.5,,,,1
2003-04,Ontario,2021A000235,Unemployment rate,Total - Gender,15 years and over,Estimate,Seasonally adjusted,Percent,239,units,0,v2063949,7.7.1.1.1.1,6.9,,,,1
2003-05,Ontario,2021A000235,Unemployment rate,Total - Gender,15 years and over,Estimate,Seasonally adjusted,Percent,239,units,0,v2063949,7.7.1.1.1.1,7.1,,,,1
2003-06,Ontario,2021A000235,Unemployment rate,Total - Gender,15 years and over,Estimate,Seasonally adjusted,Percent,239,units,0,v2063949,7.7.1.1.1.1,7.1,,,,1
2003-07,Ontario,2021A000235,Unemployment rate,Total - Gender,15 years and over,Estimate,Seasonally adjusted,Percent,239,units,0,v2063949,7.7.1.1.1.1,7.1,,,,1
2003-08,Ontario,2021A000235,Unemployment rate,Total - Gender,15 years and over,Estimate,Seasonally adjusted,Percent,239,units,0,v2063949,7.7.1.1.1.1,7,,,,1
2003-09,Ontario,2021A000235,Unemployment rate,Total - Gender,15 years and over,Estimate,Seasonally adjusted,Percent,239,units,0,v2063949,7.7.1.1.1.1,7.4,,,,1
2003-10,Ontario,2021A000235,Unemployment rate,Total - Gender,15 years and over,Estimate,Seasonally adjusted,Percent,239,units,0,v2063949,7.7.1.1.1.1,7,,,,1
2003-11,Ontario,2021A000235,Unemployment rate,Total - Gender,15 years and over,Estimate,Seasonally adjusted,Percent,239,units,0,v2063949,7.7.1.1.1.1,6.8,,,,1
2003-12,Ontario,2021A000235,Unemployment rate,Total - Gender,15 years and over,Estimate,Seasonally adjusted,Percent,239,units,0,v2063949,7.7.1.1.1.1,6.6,,,,1
2004-01,Ontario,2021A000235,Unemployment rate,Total - Gender,15 years and over,Estimate,Seasonally adjusted,Percent,239,units,0,v2063949,7.7.1.1.1.1,6.6,,,,1
2004-02,Ontario,2021A000235,Unemployment rate,Total - Gender,15 years and over,Estimate,Seasonally adjusted,Percent,239,units,0,v2063949,7.7.1.1.1.1,6.6,,,,1
2004-03,Ontario,2021A000235,Unemployment rate,Total - Gender,15 years and over,Estimate,Seasonally adjusted,Percent,239,units,0,v2063949,7.7.1.1.1.1,6.9,,,,1
2004-04,Ontario,2021A000235,Unemployment rate,Total - Gender,15 years and over,Estimate,Seasonally adjusted,Percent,239,units,0,v2063949,7.7.1.1.1.1,6.7,,,,1
2004-05,Ontario,2021A000235,Unemployment rate,Total - Gender,15 years and over,Estimate,Seasonally adjusted,Percent,239,units,0,v2063949,7.7.1.1.1.1,6.9,,,,1
2004-06,Ontario,2021A000235,Unemployment rate,Total - Gender,15 years and over,Estimate,Seasonally adjusted,Percent,239,units,0,v2063949,7.7.1.1.1.1,6.8,,,,1
2004-07,Ontario,2021A000235,Unemployment rate,Total - Gender,15 years and over,Estimate,Seasonally adjusted,Percent,239,units,0,v2063949,7.7.1.1.1.1,6.7,,,,1
2004-08,Ontario,2021A000235,Unemployment rate,Total - Gender,15 years and over,Estimate,Seasonally adjusted,Percent,239,units,0,v2063949,7.7.1.1.1.1,6.8,,,,1
2004-09,Ontario,2021A000235,Unemployment rate,Total - Gender,15 years and over,Estimate,Seasonally adjusted,Percent,239,units,0,v2063949,7.7.1.1.1.1,6.5,,,,1
2004-10,Ontario,2021A000235,Unemployment rate,Total - Gender,15 years and over,Estimate,Seasonally adjusted,Percent,239,units,0,v2063949,7.7.1.1.1.1,6.6,,,,1
2004-11,Ontario,2021A000235,Unemployment rate,Total - Gender,15 years and over,Estimate,Seasonally adjusted,Percent,239,units,0,v2063949,7.7.1.1.1.1,6.9,,,,1
2004-12,Ontario,2021A000235,Unemployment rate,Total - Gender,15 years and over,Estimate,Seasonally adjusted,Percent,239,units,0,v2063949,7.7.1.1.1.1,7,,,,1
2005-01,Ontario,2021A000235,Unemployment rate,Total - Gender,15 years and over,Estimate,Seasonally adjusted,Percent,239,units,0,v2063949,7.7.1.1.1.1,6.7,,,,1
2005-02,Ontario,2021A000235,Unemployment rate,Total - Gender,15 years and over,Estimate,Seasonally adjusted,Percent,239,units,0,v2063949,7.7.1.1.1.1,6.8,,,,1
2005-03,Ontario,2021A000235,Unemployment rate,Total - Gender,15 years and over,Estimate,Seasonally adjusted,Percent,239,units,0,v2063949,7.7.1.1.1.1,6.8,,,,1
2005-04,Ontario,2021A000235,Unemployment rate,Total - Gender,15 years and over,Estimate,Seasonally adjusted,Percent,239,units,0,v2063949,7.7.1.1.1.1,6.7,,,,1
2005-05,Ontario,2021A000235,Unemployment rate,Total - Gender,15 years and over,Estimate,Seasonally adjusted,Percent,239,units,0,v2063949,7.7.1.1.1.1,7.1,,,,1
2005-06,Ontario,2021A000235,Unemployment rate,Total - Gender,15 years and over,Estimate,Seasonally adjusted,Percent,239,units,0,v2063949,7.7.1.1.1.1,6.8,,,,1
2005-07,Ontario,2021A000235,Unemployment rate,Total - Gender,15 years and over,Estimate,Seasonally adjusted,Percent,239,units,0,v2063949,7.7.1.1.1.1,6.7,,,,1
2005-08,Ontario,2021A000235,Unemployment rate,Total - Gender,15 years and over,Estimate,Seasonally adjusted,Percent,239,units,0,v2063949,7.7.1.1.1.1,6.7,,,,1
2005-09,Ontario,2021A000235,Unemployment rate,Total - Gender,15 years and over,Estimate,Seasonally adjusted,Percent,239,units,0,v2063949,7.7.1.1.1.1,6.5,,,,1
2005-10,Ontario,2021A000235,Unemployment rate,Total - Gender,15 years and over,Estimate,Seasonally adjusted,Percent,239,units,0,v2063949,7.7.1.1.1.1,6.5,,,,1
2005-11,Ontario,2021A000235,Unemployment rate,Total - Gender,15 years and over,Estimate,Seasonally adjusted,Percent,239,units,0,v2063949,7.7.1.1.1.1,6.1,,,,1
2005-12,Ontario,2021A000235,Unemployment rate,Total - Gender,15 years and over,Estimate,Seasonally adjusted,Percent,239,units,0,v2063949,7.7.1.1.1.1,6.3,,,,1
2006-01,Ontario,2021A000235,Unemployment rate,Total - Gender,15 years and over,Estimate,Seasonally adjusted,Percent,239,units,0,v2063949,7.7.1.1.1.1,6.6,,,,1
2006-02,Ontario,2021A000235,Unemployment rate,Total - Gender,15 years and over,Estimate,Seasonally adjusted,Percent,239,units,0,v2063949,7.7.1.1.1.1,6.6,,,,1
2006-03,Ontario,2021A000235,Unemployment rate,Total - Gender,15 years and over,Estimate,Seasonally adjusted,Percent,239,units,0,v2063949,7.7.1.1.1.1,6.3,,,,1
2006-04,Ontario,2021A000235,Unemployment rate,Total - Gender,15 years and over,Estimate,Seasonally adjusted,Percent,239,units,0,v2063949,7.7.1.1.1.1,6.4,,,,1
2006-05,Ontario,2021A000235,Unemployment rate,Total - Gender,15 years and over,Estimate,Seasonally adjusted,Percent,239,units,0,v2063949,7.7.1.1.1.1,6.2,,,,1
2006-06,Ontario,2021A000235,Unemployment rate,Total - Gender,15 years and over,Estimate,Seasonally adjusted,Percent,239,units,0,v2063949,7.7.1.1.1.1,6.2,,,,1
2006-07,Ontario,2021A000235,Unemployment rate,Total - Gender,15 years and over,Estimate,Seasonally adjusted,Percent,239,units,0,v2063949,7.7.1.1.1.1,6.6,,,,1
2006-08,Ontario,2021A000235,Unemployment rate,Total - Gender,15 years and over,Estimate,Seasonally adjusted,Percent,239,units,0,v2063949,7.7.1.1.1.1,6.6,,,,1
2006-09,Ontario,2021A000235,Unemployment rate,Total - Gender,15 years and over,Estimate,Seasonally adjusted,Percent,239,units,0,v2063949,7.7.1.1.1.1,6.7,,,,1
2006-10,Ontario,2021A000235,Unemployment rate,Total - Gender,15 years and over,Estimate,Seasonally adjusted,Percent,239,units,0,v2063949,7.7.1.1.1.1,6.6,,,,1
2006-11,Ontario,2021A000235,Unemployment rate,Total - Gender,15 years and over,Estimate,Seasonally adjusted,Percent,239,units,0,v2063949,7.7.1.1.1.1,6.7,,,,1
2006-12,Ontario,2021A000235,Unemployment rate,Total - Gender,15 years and over,Estimate,Seasonally adjusted,Percent,239,units,0,v2063949,7.7.1.1.1.1,6.3,,,,1
2007-01,Ontario,2021A000235,Unemployment rate,Total - Gender,15 years and over,Estimate,Seasonally adjusted,Percent,239,units,0,v2063949,7.7.1.1.1.1,6.5,,,,1
2007-02,Ontario,2021A000235,Unemployment rate,Total - Gender,15 years and over,Estimate,Seasonally adjusted,Percent,239,units,0,v2063949,7.7.1.1.1.1,6.5,,,,1
2007-03,Ontario,2021A000235,Unemployment rate,Total - Gender,15 years and over,Estimate,Seasonally adjusted,Percent,239,units,0,v2063949,7.7.1.1.1.1,6.6,,,,1
2007-04,Ontario,2021A000235,Unemployment rate,Total - Gender,15 years and over,Estimate,Seasonally adjusted,Percent,239,units,0,v2063949,7.7.1.1.1.1,6.7,,,,1
2007-05,Ontario,2021A000235,Unemployment rate,Total - Gender,15 years and over,Estimate,Seasonally adjusted,Percent,239,units,0,v2063949,7.7.1.1.1.1,6.4,,,,1
2007-06,Ontario,2021A000235,Unemployment rate,Total - Gender,15 years and over,Estimate,Seasonally adjusted,Percent,239,units,0,v2063949,7.7.1.1.1.1,6.5,,,,1
2007-07,Ontario,2021A000235,Unemployment rate,Total - Gender,15 years and over,Estimate,Seasonally adjusted,Percent,239,units,0,v2063949,7.7.1.1.1.1,6.4,,,,1
2007-08,Ontario,2021A000235,Unemployment rate,Total - Gender,15 years and over,Estimate,Seasonally adjusted,Percent,239,units,0,v2063949,7.7.1.1.1.1,6.3,,,,1
2007-09,Ontario,2021A000235,Unemployment rate,Total - Gender,15 years and over,Estimate,Seasonally adjusted,Percent,239,units,0,v2063949,7.7.1.1.1.1,6.2,,,,1
2007-10,Ontario,2021A000235,Unemployment rate,Total - Gender,15 years and over,Estimate,Seasonally adjusted,Percent,239,units,0,v2063949,7.7.1.1.1.1,6.2,,,,1
2007-11,Ontario,2021A000235,Unemployment rate,Total - Gender,15 years and over,Estimate,Seasonally adjusted,Percent,239,units,0,v2063949,7.7.1.1.1.1,6.5,,,,1
2007-12,Ontario,2021A000235,Unemployment rate,Total - Gender,15 years and over,Estimate,Seasonally adjusted,Percent,239,units,0,v2063949,7.7.1.1.1.1,6.7,,,,1
2008-01,Ontario,2021A000235,Unemployment rate,Total - Gender,15 years and over,Estimate,Seasonally adjusted,Percent,239,units,0,v2063949,7.7.1.1.1.1,6.6,,,,1
2008-02,Ontario,2021A000235,Unemployment rate,Total - Gender,15 years and over,Estimate,Seasonally adjusted,Percent,239,units,0,v2063949,7.7.1.1.1.1,6.4,,,,1
2008-03,Ontario,2021A000235,Unemployment rate,Total - Gender,15 years and over,Estimate,Seasonally adjusted,Percent,239,units,0,v2063949,7.7.1.1.1.1,6.5,,,,1
2008-04,Ontario,2021A000235,Unemployment rate,Total - Gender,15 years and over,Estimate,Seasonally adjusted,Percent,239,units,0,v2063949,7.7.1.1.1.1,6.3,,,,1
2008-05,Ontario,2021A000235,Unemployment rate,Total - Gender,15 years and over,Estimate,Seasonally adjusted,Percent,239,units,0,v2063949,7.7.1.1.1.1,6.3,,,,1
2008-06,Ontario,2021A000235,Unemployment rate,Total - Gender,15 years and over,Estimate,Seasonally adjusted,Percent,239,units,0,v2063949,7.7.1.1.1.1,6.5,,,,1
2008-07,Ontario,2021A000235,Unemployment rate,Total - Gender,15 years and over,Estimate,Seasonally adjusted,Percent,239,units,0,v2063949,7.7.1.1.1.1,6.5,,,,1
2008-08,Ontario,2021A000235,Unemployment rate,Total - Gender,15 years and over,Estimate,Seasonally adjusted,Percent,239,units,0,v2063949,7.7.1.1.1.1,6.5,,,,1
2008-09,Ontario,2021A000235,Unemployment rate,Total - Gender,15 years and over,Estimate,Seasonally adjusted,Percent,239,units,0,v2063949,7.7.1.1.1.1,6.6,,,,1
2008-10,Ontario,2021A000235,Unemployment rate,Total - Gender,15 years and over,Estimate,Seasonally adjusted,Percent,239,units,0,v2063949,7.7.1.1.1.1,6.8,,,,1
2008-11,Ontario,2021A000235,Unemployment rate,Total - Gender,15 years and over,Estimate,Seasonally adjusted,Percent,239,units,0,v2063949,7.7.1.1.1.1,7.2,,,,1
2008-12,Ontario,2021A000235,Unemployment rate,Total - Gender,15 years and over,Estimate,Seasonally adjusted,Percent,239,units,0,v2063949,7.7.1.1.1.1,7.4,,,,1
2009-01,Ontario,2021A000235,Unemployment rate,Total - Gender,15 years and over,Estimate,Seasonally adjusted,Percent,239,units,0,v2063949,7.7.1.1.1.1,8.2,,,,1
2009-02,Ontario,2021A000235,Unemployment rate,Total - Gender,15 years and over,Estimate,Seasonally adjusted,Percent,239,units,0,v2063949,7.7.1.1.1.1,8.9,,,,1
2009-03,Ontario,2021A000235,Unemployment rate,Total - Gender,15 years and over,Estimate,Seasonally adjusted,Percent,239,units,0,v2063949,7.7.1.1.1.1,9.1,,,,1
2009-04,Ontario,2021A000235,Unemployment rate,Total - Gender,15 years and over,Estimate,Seasonally adjusted,Percent,239,units,0,v2063949,7.7.1.1.1.1,9,,,,1
2009-05,Ontario,2021A000235,Unemployment rate,Total - Gender,15 years and over,Estimate,Seasonally adjusted,Percent,239,units,0,v2063949,7.7.1.1.1.1,9.6,,,,1
2009-06,Ontario,2021A000235,Unemployment rate,Total - Gender,15 years and over,Estimate,Seasonally adjusted,Percent,239,units,0,v2063949,7.7.1.1.1.1,9.7,,,,1
2009-07,Ontario,2021A000235,Unemployment rate,Total - Gender,15 years and over,Estimate,Seasonally adjusted,Percent,239,units,0,v2063949,7.7.1.1.1.1,9.4,,,,1
2009-08,Ontario,2021A000235,Unemployment rate,Total - Gender,15 years and over,Estimate,Seasonally adjusted,Percent,239,units,0,v2063949,7.7.1.1.1.1,9.4,,,,1
2009-09,Ontario,2021A000235,Unemployment rate,Total - Gender,15 years and over,Estimate,Seasonally adjusted,Percent,239,units,0,v2063949,7.7.1.1.1.1,9.2,,,,1
2009-10,Ontario,2021A000235,Unemployment rate,Total - Gender,15 years and over,Estimate,Seasonally adjusted,Percent,239,units,0,v2063949,7.7.1.1.1.1,9.2,,,,1
2009-11,Ontario,2021A000235,Unemployment rate,Total - Gender,15 years and over,Estimate,Seasonally adjusted,Percent,239,units,0,v2063949,7.7.1.1.1.1,9.3,,,,1
2009-12,Ontario,2021A000235,Unemployment rate,Total - Gender,15 years and over,Estimate,Seasonally adjusted,Percent,239,units,0,v2063949,7.7.1.1.1.1,9.2,,,,1
2010-01,Ontario,2021A000235,Unemployment rate,Total - Gender,15 years and over,Estimate,Seasonally adjusted,Percent,239,units,0,v2063949,7.7.1.1.1.1,9.1,,,,1
2010-02,Ontario,2021A000235,Unemployment rate,Total - Gender,15 years and over,Estimate,Seasonally adjusted,Percent,239,units,0,v2063949,7.7.1.1.1.1,9.3,,,,1
2010-03,Ontario,2021A000235,Unemployment rate,Total - Gender,15 years and over,Estimate,Seasonally adjusted,Percent,239,units,0,v2063949,7.7.1.1.1.1,9,,,,1
2010-04,Ontario,2021A000235,Unemployment rate,Total - Gender,15 years and over,Estimate,Seasonally adjusted,Percent,239,units,0,v2063949,7.7.1.1.1.1,9,,,,1
2010-05,Ontario,2021A000235,Unemployment rate,Total - Gender,15 years and over,Estimate,Seasonally adjusted,Percent,239,units,0,v2063949,7.7.1.1.1.1,8.8,,,,1
2010-06,Ontario,2021A000235,Unemployment rate,Total - Gender,15 years and over,Estimate,Seasonally adjusted,Percent,239,units,0,v2063949,7.7.1.1.1.1,8.5,,,,1
2010-07,Ontario,2021A000235,Unemployment rate,Total - Gender,15 years and over,Estimate,Seasonally adjusted,Percent,239,units,0,v2063949,7.7.1.1.1.1,8.6,,,,1
2010-08,Ontario,2021A000235,Unemployment rate,Total - Gender,15 years and over,Estimate,Seasonally adjusted,Percent,239,units,0,v2063949,7.7.1.1.1.1,8.9,,,,1
2010-09,Ontario,2021A000235,Unemployment rate,Total - Gender,15 years and over,Estimate,Seasonally adjusted,Percent,239,units,0,v2063949,7.7.1.1.1.1,8.9,,,,1
2010-10,Ontario,2021A000235,Unemployment rate,Total - Gender,15 years and over,Estimate,Seasonally adjusted,Percent,239,units,0,v2063949,7.7.1.1.1.1,8.4,,,,1
2010-11,Ontario,2021A000235,Unemployment rate,Total - Gender,15 years and over,Estimate,Seasonally adjusted,Percent,239,units,0,v2063949,7.7.1.1.1.1,8.2,,,,1
2010-12,Ontario,2021A000235,Unemployment rate,Total - Gender,15 years and over,Estimate,Seasonally adjusted,Percent,239,units,0,v2063949,7.7.1.1.1.1,8.3,,,,1
2011-01,Ontario,2021A000235,Unemployment rate,Total - Gender,15 years and over,Estimate,Seasonally adjusted,Percent,239,units,0,v2063949,7.7.1.1.1.1,8.3,,,,1
2011-02,Ontario,2021A000235,Unemployment rate,Total - Gender,15 years and over,Estimate,Seasonally adjusted,Percent,239,units,0,v2063949,7.7.1.1.1.1,8.2,,,,1
2011-03,Ontario,2021A000235,Unemployment rate,Total - Gender,15 years and over,Estimate,Seasonally adjusted,Percent,239,units,0,v2063949,7.7.1.1.1.1,8.4,,,,1
2011-04,Ontario,2021A000235,Unemployment rate,Total - Gender,15 years and over,Estimate,Seasonally adjusted,Percent,239,units,0,v2063949,7.7.1.1.1.1,8.2,,,,1
2011-05,Ontario,2021A000235,Unemployment rate,Total - Gender,15 years and over,Estimate,Seasonally adjusted,Percent,239,units,0,v2063949,7.7.1.1.1.1,8.3,,,,1
2011-06,Ontario,2021A000235,Unemployment rate,Total - Gender,15 years and over,Estimate,Seasonally adjusted,Percent,239,units,0,v2063949,7.7.1.1.1.1,8.1,,,,1
2011-07,Ontario,2021A000235,Unemployment rate,Total - Gender,15 years and over,Estimate,Seasonally adjusted,Percent,239,units,0,v2063949,7.7.1.1.1.1,7.7,,,,1
2011-08,Ontario,2021A000235,Unemployment rate,Total - Gender,15 years and over,Estimate,Seasonally adjusted,Percent,239,units,0,v2063949,7.7.1.1.1.1,7.6,,,,1
2011-09,Ontario,2021A000235,Unemployment rate,Total - Gender,15 years and over,Estimate,Seasonally adjusted,Percent,239,units,0,v2063949,7.7.1.1.1.1,7.9,,,,1
2011-10,Ontario,2021A000235,Unemployment rate,Total - Gender,15 years and over,Estimate,Seasonally adjusted,Percent,239,units,0,v2063949,7.7.1.1.1.1,8,,,,1
2011-11,Ontario,2021A000235,Unemployment rate,Total - Gender,15 years and over,Estimate,Seasonally adjusted,Percent,239,units,0,v2063949,7.7.1.1.1.1,8.1,,,,1
2011-12,Ontario,2021A000235,Unemployment rate,Total - Gender,15 years and over,Estimate,Seasonally adjusted,Percent,239,units,0,v2063949,7.7.1.1.1.1,7.7,,,,1
2012-01,Ontario,2021A000235,Unemployment rate,Total - Gender,15 years and over,Estimate,Seasonally adjusted,Percent,239,units,0,v2063949,7.7.1.1.1.1,8.1,,,,1
2012-02,Ontario,2021A000235,Unemployment rate,Total - Gender,15 years and over,Estimate,Seasonally adjusted,Percent,239,units,0,v2063949,7.7.1.1.1.1,8,,,,1
2012-03,Ontario,2021A000235,Unemployment rate,Total - Gender,15 years and over,Estimate,Seasonally adjusted,Percent,239,units,0,v2063949,7.7.1.1.1.1,7.7,,,,1
2012-04,Ontario,2021A000235,Unemployment rate,Total - Gender,15 years and over,Estimate,Seasonally adjusted,Percent,239,units,0,v2063949,7.7.1.1.1.1,8,,,,1
2012-05,Ontario,2021A000235,Unemployment rate,Total - Gender,15 years and over,Estimate,Seasonally adjusted,Percent,239,units,0,v2063949,7.7.1.1.1.1,8.2,,,,1
2012-06,Ontario,2021A000235,Unemployment rate,Total - Gender,15 years and over,Estimate,Seasonally adjusted,Percent,239,units,0,v2063949,7.7.1.1.1.1,8,,,,1
2012-07,Ontario,2021A000235,Unemployment rate,Total - Gender,15 years and over,Estimate,Seasonally adjusted,Percent,239,units,0,v2063949,7.7.1.1.1.1,8,,,,1
2012-08,Ontario,2021A000235,Unemployment rate,Total - Gender,15 years and over,Estimate,Seasonally adjusted,Percent,239,units,0,v2063949,7.7.1.1.1.1,8.2,,,,1
2012-09,Ontario,2021A000235,Unemployment rate,Total - Gender,15 years and over,Estimate,Seasonally adjusted,Percent,239,units,0,v2063949,7.7.1.1.1.1,7.9,,,,1
2012-10,Ontario,2021A000235,Unemployment rate,Total - Gender,15 years and over,Estimate,Seasonally adjusted,Percent,239,units,0,v2063949,7.7.1.1.1.1,8.2,,,,1
2012-11,Ontario,2021A000235,Unemployment rate,Total - Gender,15 years and over,Estimate,Seasonally adjusted,Percent,239,units,0,v2063949,7.7.1.1.1.1,8.1,,,,1
2012-12,Ontario,2021A000235,Unemployment rate,Total - Gender,15 years and over,Estimate,Seasonally adjusted,Percent,239,units,0,v2063949,7.7.1.1.1.1,7.9,,,,1
2013-01,Ontario,2021A000235,Unemployment rate,Total - Gender,15 years and over,Estimate,Seasonally adjusted,Percent,239,units,0,v2063949,7.7.1.1.1.1,7.8,,,,1
2013-02,Ontario,2021A000235,Unemployment rate,Total - Gender,15 years and over,Estimate,Seasonally adjusted,Percent,239,units,0,v2063949,7.7.1.1.1.1,7.6,,,,1
2013-03,Ontario,2021A000235,Unemployment rate,Total - Gender,15 years and over,Estimate,Seasonally adjusted,Percent,239,units,0,v2063949,7.7.1.1.1.1,7.6,,,,1
2013-04,Ontario,2021A000235,Unemployment rate,Total - Gender,15 years and over,Estimate,Seasonally adjusted,Percent,239,units,0,v2063949,7.7.1.1.1.1,7.6,,,,1
2013-05,Ontario,2021A000235,Unemployment rate,Total - Gender,15 years and over,Estimate,Seasonally adjusted,Percent,239,units,0,v2063949,7.7.1.1.1.1,7.5,,,,1
2013-06,Ontario,2021A000235,Unemployment rate,Total - Gender,15 years and over,Estimate,Seasonally adjusted,Percent,239,units,0,v2063949,7.7.1.1.1.1,7.6,,,,1
2013-07,Ontario,2021A000235,Unemployment rate,Total - Gender,15 years and over,Estimate,Seasonally adjusted,Percent,239,units,0,v2063949,7.7.1.1.1.1,7.8,,,,1
2013-08,Ontario,2021A000235,Unemployment rate,Total - Gender,15 years and over,Estimate,Seasonally adjusted,Percent,239,units,0,v2063949,7.7.1.1.1.1,7.7,,,,1
2013-09,Ontario,2021A000235,Unemployment rate,Total - Gender,15 years and over,Estimate,Seasonally adjusted,Percent,239,units,0,v2063949,7.7.1.1.1.1,7.7,,,,1
2013-10,Ontario,2021A000235,Unemployment rate,Total - Gender,15 years and over,Estimate,Seasonally adjusted,Percent,239,units,0,v2063949,7.7.1.1.1.1,7.8,,,,1
2013-11,Ontario,2021A000235,Unemployment rate,Total - Gender,15 years and over,Estimate,Seasonally adjusted,Percent,239,units,0,v2063949,7.7.1.1.1.1,7.5,,,,1
2013-12,Ontario,2021A000235,Unemployment rate,Total - Gender,15 years and over,Estimate,Seasonally adjusted,Percent,239,units,0,v2063949,7.7.1.1.1.1,7.7,,,,1
2014-01,Ontario,2021A000235,Unemployment rate,Total - Gender,15 years and over,Estimate,Seasonally adjusted,Percent,239,units,0,v2063949,7.7.1.1.1.1,7.5,,,,1
2014-02,Ontario,2021A000235,Unemployment rate,Total - Gender,15 years and over,Estimate,Seasonally adjusted,Percent,239,units,0,v2063949,7.7.1.1.1.1,7.7,,,,1
2014-03,Ontario,2021A000235,Unemployment rate,Total - Gender,15 years and over,Estimate,Seasonally adjusted,Percent,239,units,0,v2063949,7.7.1.1.1.1,7.5,,,,1
2014-04,Ontario,2021A000235,Unemployment rate,Total - Gender,15 years and over,Estimate,Seasonally adjusted,Percent,239,units,0,v2063949,7.7.1.1.1.1,7.5,,,,1
2014-05,Ontario,2021A000235,Unemployment rate,Total - Gender,15 years and over,Estimate,Seasonally adjusted,Percent,239,units,0,v2063949,7.7.1.1.1.1,7.7,,,,1
2014-06,Ontario,2021A000235,Unemployment rate,Total - Gender,15 years and over,Estimate,Seasonally adjusted,Percent,239,units,0,v2063949,7.7.1.1.1.1,7.6,,,,1
2014-07,Ontario,2021A000235,Unemployment rate,Total - Gender,15 years and over,Estimate,Seasonally adjusted,Percent,239,units,0,v2063949,7.7.1.1.1.1,7.6,,,,1
2014-08,Ontario,2021A000235,Unemployment rate,Total - Gender,15 years and over,Estimate,Seasonally adjusted,Percent,239,units,0,v2063949,7.7.1.1.1.1,7.4,,,,1
2014-09,Ontario,2021A000235,Unemployment rate,Total - Gender,15 years and over,Estimate,Seasonally adjusted,Percent,239,units,0,v2063949,7.7.1.1.1.1,7.3,,,,1
2014-10,Ontario,2021A000235,Unemployment rate,Total - Gender,15 years and over,Estimate,Seasonally adjusted,Percent,239,units,0,v2063949,7.7.1.1.1.1,6.9,,,,1
2014-11,Ontario,2021A000235,Unemployment rate,Total - Gender,15 years and over,Estimate,Seasonally adjusted,Percent,239,units,0,v2063949,7.7.1.1.1.1,7.1,,,,1
2014-12,Ontario,2021A000235,Unemployment rate,Total - Gender,15 years and over,Estimate,Seasonally adjusted,Percent,239,units,0,v2063949,7.7.1.1.1.1,7,,,,1
2015-01,Ontario,2021A000235,Unemployment rate,Total - Gender,15 years and over,Estimate,Seasonally adjusted,Percent,239,units,0,v2063949,7.7.1.1.1.1,7,,,,1
2015-02,Ontario,2021A000235,Unemployment rate,Total - Gender,15 years and over,Estimate,Seasonally adjusted,Percent,239,units,0,v2063949,7.7.1.1.1.1,7,,,,1
2015-03,Ontario,2021A000235,Unemployment rate,Total - Gender,15 years and over,Estimate,Seasonally adjusted,Percent,239,units,0,v2063949,7.7.1.1.1.1,6.9,,,,1
2015-04,Ontario,2021A000235,Unemployment rate,Total - Gender,15 years and over,Estimate,Seasonally adjusted,Percent,239,units,0,v2063949,7.7.1.1.1.1,6.9,,,,1
2015-05,Ontario,2021A000235,Unemployment rate,Total - Gender,15 years and over,Estimate,Seasonally adjusted,Percent,239,units,0,v2063949,7.7.1.1.1.1,6.5,,,,1
2015-06,Ontario,2021A000235,Unemployment rate,Total - Gender,15 years and over,Estimate,Seasonally adjusted,Percent,239,units,0,v2063949,7.7.1.1.1.1,6.6,,,,1
2015-07,Ontario,2021A000235,Unemployment rate,Total - Gender,15 years and over,Estimate,Seasonally adjusted,Percent,239,units,0,v2063949,7.7.1.1.1.1,6.8,,,,1
2015-08,Ontario,2021A000235,Unemployment rate,Total - Gender,15 years and over,Estimate,Seasonally adjusted,Percent,239,units,0,v2063949,7.7.1.1.1.1,6.9,,,,1
2015-09,Ontario,2021A000235,Unemployment rate,Total - Gender,15 years and over,Estimate,Seasonally adjusted,Percent,239,units,0,v2063949,7.7.1.1.1.1,6.9,,,,1
2015-10,Ontario,2021A000235,Unemployment rate,Total - Gender,15 years and over,Estimate,Seasonally adjusted,Percent,239,units,0,v2063949,7.7.1.1.1.1,7,,,,1
2015-11,Ontario,2021A000235,Unemployment rate,Total - Gender,15 years and over,Estimate,Seasonally adjusted,Percent,239,units,0,v2063949,7.7.1.1.1.1,6.9,,,,1
2015-12,Ontario,2021A000235,Unemployment rate,Total - Gender,15 years and over,Estimate,Seasonally adjusted,Percent,239,units,0,v2063949,7.7.1.1.1.1,6.8,,,,1
2016-01,Ontario,2021A000235,Unemployment rate,Total - Gender,15 years and over,Estimate,Seasonally adjusted,Percent,239,units,0,v2063949,7.7.1.1.1.1,6.7,,,,1
2016-02,Ontario,2021A000235,Unemployment rate,Total - Gender,15 years and over,Estimate,Seasonally adjusted,Percent,239,units,0,v2063949,7.7.1.1.1.1,6.8,,,,1
2016-03,Ontario,2021A000235,Unemployment rate,Total - Gender,15 years and over,Estimate,Seasonally adjusted,Percent,239,units,0,v2063949,7.7.1.1.1.1,6.9,,,,1
2016-04,Ontario,2021A000235,Unemployment rate,Total - Gender,15 years and over,Estimate,Seasonally adjusted,Percent,239,units,0,v2063949,7.7.1.1.1.1,7.2,,,,1
2016-05,Ontario,2021A000235,Unemployment rate,Total - Gender,15 years and over,Estimate,Seasonally adjusted,Percent,239,units,0,v2063949,7.7.1.1.1.1,6.5,,,,1
2016-06,Ontario,2021A000235,Unemployment rate,Total - Gender,15 years and over,Estimate,Seasonally adjusted,Percent,239,units,0,v2063949,7.7.1.1.1.1,6.5,,,,1
2016-07,Ontario,2021A000235,Unemployment rate,Total - Gender,15 years and over,Estimate,Seasonally adjusted,Percent,239,units,0,v2063949,7.7.1.1.1.1,6.3,,,,1
2016-08,Ontario,2021A000235,Unemployment rate,Total - Gender,15 years and over,Estimate,Seasonally adjusted,Percent,239,units,0,v2063949,7.7.1.1.1.1,6.5,,,,1
2016-09,Ontario,2021A000235,Unemployment rate,Total - Gender,15 years and over,Estimate,Seasonally adjusted,Percent,239,units,0,v2063949,7.7.1.1.1.1,6.5,,,,1
2016-10,Ontario,2021A000235,Unemployment rate,Total - Gender,15 years and over,Estimate,Seasonally adjusted,Percent,239,units,0,v2063949,7.7.1.1.1.1,6.4,,,,1
2016-11,Ontario,2021A000235,Unemployment rate,Total - Gender,15 years and over,Estimate,Seasonally adjusted,Percent,239,units,0,v2063949,7.7.1.1.1.1,6.3,,,,1
2016-12,Ontario,2021A000235,Unemployment rate,Total - Gender,15 years and over,Estimate,Seasonally adjusted,Percent,239,units,0,v2063949,7.7.1.1.1.1,6.5,,,,1
2017-01,Ontario,2021A000235,Unemployment rate,Total - Gender,15 years and over,Estimate,Seasonally adjusted,Percent,239,units,0,v2063949,7.7.1.1.1.1,6.6,,,,1
2017-02,Ontario,2021A000235,Unemployment rate,Total - Gender,15 years and over,Estimate,Seasonally adjusted,Percent,239,units,0,v2063949,7.7.1.1.1.1,6.3,,,,1
2017-03,Ontario,2021A000235,Unemployment rate,Total - Gender,15 years and over,Estimate,Seasonally adjusted,Percent,239,units,0,v2063949,7.7.1.1.1.1,6.3,,,,1
2017-04,Ontario,2021A000235,Unemployment rate,Total - Gender,15 years and over,Estimate,Seasonally adjusted,Percent,239,units,0,v2063949,7.7.1.1.1.1,6,,,,1
2017-05,Ontario,2021A000235,Unemployment rate,Total - Gender,15 years and over,Estimate,Seasonally adjusted,Percent,239,units,0,v2063949,7.7.1.1.1.1,6.4,,,,1
2017-06,Ontario,2021A000235,Unemployment rate,Total - Gender,15 years and over,Estimate,Seasonally adjusted,Percent,239,units,0,v2063949,7.7.1.1.1.1,6.2,,,,1
2017-07,Ontario,2021A000235,Unemployment rate,Total - Gender,15 years and over,Estimate,Seasonally adjusted,Percent,239,units,0,v2063949,7.7.1.1.1.1,6,,,,1
2017-08,Ontario,2021A000235,Unemployment rate,Total - Gender,15 years and over,Estimate,Seasonally adjusted,Percent,239,units,0,v2063949,7.7.1.1.1.1,5.5,,,,1
2017-09,Ontario,2021A000235,Unemployment rate,Total - Gender,15 years and over,Estimate,Seasonally adjusted,Percent,239,units,0,v2063949,7.7.1.1.1.1,5.8,,,,1
2017-10,Ontario,2021A000235,Unemployment rate,Total - Gender,15 years and over,Estimate,Seasonally adjusted,Percent,239,units,0,v2063949,7.7.1.1.1.1,5.8,,,,1
2017-11,Ontario,2021A000235,Unemployment rate,Total - Gender,15 years and over,Estimate,Seasonally adjusted,Percent,239,units,0,v2063949,7.7.1.1.1.1,5.9,,,,1
2017-12,Ontario,2021A000235,Unemployment rate,Total - Gender,15 years and over,Estimate,Seasonally adjusted,Percent,239,units,0,v2063949,7.7.1.1.1.1,5.9,,,,1
2018-01,Ontario,2021A000235,Unemployment rate,Total - Gender,15 years and over,Estimate,Seasonally adjusted,Percent,239,units,0,v2063949,7.7.1.1.1.1,5.7,,,,1
2018-02,Ontario,2021A000235,Unemployment rate,Total - Gender,15 years and over,Estimate,Seasonally adjusted,Percent,239,units,0,v2063949,7.7.1.1.1.1,5.6,,,,1
2018-03,Ontario,2021A000235,Unemployment rate,Total - Gender,15 years and over,Estimate,Seasonally adjusted,Percent,239,units,0,v2063949,7.7.1.1.1.1,5.6,,,,1
2018-04,Ontario,2021A000235,Unemployment rate,Total - Gender,15 years and over,Estimate,Seasonally adjusted,Percent,239,units,0,v2063949,7.7.1.1.1.1,5.3,,,,1
2018-05,Ontario,2021A000235,Unemployment rate,Total - Gender,15 years and over,Estimate,Seasonally adjusted,Percent,239,units,0,v2063949,7.7.1.1.1.1,5.8,,,,1
2018-06,Ontario,2021A000235,Unemployment rate,Total - Gender,15 years and over,Estimate,Seasonally adjusted,Percent,239,units,0,v2063949,7.7.1.1.1.1,5.9,,,,1
2018-07,Ontario,2021A000235,Unemployment rate,Total - Gender,15 years and over,Estimate,Seasonally adjusted,Percent,239,units,0,v2063949,7.7.1.1.1.1,5.5,,,,1
2018-08,Ontario,2021A000235,Unemployment rate,Total - Gender,15 years and over,Estimate,Seasonally adjusted,Percent,239,units,0,v2063949,7.7.1.1.1.1,5.8,,,,1
2018-09,Ontario,2021A000235,Unemployment rate,Total - Gender,15 years and over,Estimate,Seasonally adjusted,Percent,239,units,0,v2063949,7.7.1.1.1.1,5.7,,,,1
2018-10,Ontario,2021A000235,Unemployment rate,Total - Gender,15 years and over,Estimate,Seasonally adjusted,Percent,239,units,0,v2063949,7.7.1.1.1.1,5.5,,,,1
2018-11,Ontario,2021A000235,Unemployment rate,Total - Gender,15 years and over,Estimate,Seasonally adjusted,Percent,239,units,0,v2063949,7.7.1.1.1.1,5.7,,,,1
2018-12,Ontario,2021A000235,Unemployment rate,Total - Gender,15 years and over,Estimate,Seasonally adjusted,Percent,239,units,0,v2063949,7.7.1.1.1.1,5.5,,,,1
2019-01,Ontario,2021A000235,Unemployment rate,Total - Gender,15 years and over,Estimate,Seasonally adjusted,Percent,239,units,0,v2063949,7.7.1.1.1.1,5.6,,,,1
2019-02,Ontario,2021A000235,Unemployment rate,Total - Gender,15 years and over,Estimate,Seasonally adjusted,Percent,239,units,0,v2063949,7.7.1.1.1.1,5.6,,,,1
2019-03,Ontario,2021A000235,Unemployment rate,Total - Gender,15 years and over,Estimate,Seasonally adjusted,Percent,239,units,0,v2063949,7.7.1.1.1.1,5.9,,,,1
2019-04,Ontario,2021A000235,Unemployment rate,Total - Gender,15 years and over,Estimate,Seasonally adjusted,Percent,239,units,0,v2063949,7.7.1.1.1.1,5.9,,,,1
2019-05,Ontario,2021A000235,Unemployment rate,Total - Gender,15 years and over,Estimate,Seasonally adjusted,Percent,239,units,0,v2063949,7.7.1.1.1.1,5.2,,,,1
2019-06,Ontario,2021A000235,Unemployment rate,Total - Gender,15 years and over,Estimate,Seasonally adjusted,Percent,239,units,0,v2063949,7.7.1.1.1.1,5.3,,,,1
2019-07,Ontario,2021A000235,Unemployment rate,Total - Gender,15 years and over,Estimate,Seasonally adjusted,Percent,239,units,0,v2063949,7.7.1.1.1.1,5.7,,,,1
2019-08,Ontario,2021A000235,Unemployment rate,Total - Gender,15 years and over,Estimate,Seasonally adjusted,Percent,239,units,0,v2063949,7.7.1.1.1.1,5.6,,,,1
2019-09,Ontario,2021A000235,Unemployment rate,Total - Gender,15 years and over,Estimate,Seasonally adjusted,Percent,239,units,0,v2063949,7.7.1.1.1.1,5.5,,,,1
2019-10,Ontario,2021A000235,Unemployment rate,Total - Gender,15 years and over,Estimate,Seasonally adjusted,Percent,239,units,0,v2063949,7.7.1.1.1.1,5.5,,,,1
2019-11,Ontario,2021A000235,Unemployment rate,Total - Gender,15 years and over,Estimate,Seasonally adjusted,Percent,239,units,0,v2063949,7.7.1.1.1.1,5.5,,,,1
2019-12,Ontario,2021A000235,Unemployment rate,Total - Gender,15 years and over,Estimate,Seasonally adjusted,Percent,239,units,0,v2063949,7.7.1.1.1.1,5.2,,,,1
2020-01,Ontario,2021A000235,Unemployment rate,Total - Gender,15 years and over,Estimate,Seasonally adjusted,Percent,239,units,0,v2063949,7.7.1.1.1.1,5.2,,,,1
2020-02,Ontario,2021A000235,Unemployment rate,Total - Gender,15 years and over,Estimate,Seasonally adjusted,Percent,239,units,0,v2063949,7.7.1.1.1.1,5.6,,,,1
2020-03,Ontario,2021A000235,Unemployment rate,Total - Gender,15 years and over,Estimate,Seasonally adjusted,Percent,239,units,0,v2063949,7.7.1.1.1.1,8.5,,,,1
2020-04,Ontario,2021A000235,Unemployment rate,Total - Gender,15 years and over,Estimate,Seasonally adjusted,Percent,239,units,0,v2063949,7.7.1.1.1.1,12.1,,,,1
2020-05,Ontario,2021A000235,Unemployment rate,Total - Gender,15 years and over,Estimate,Seasonally adjusted,Percent,239,units,0,v2063949,7.7.1.1.1.1,14.2,,,,1
2020-06,Ontario,2021A000235,Unemployment rate,Total - Gender,15 years and over,Estimate,Seasonally adjusted,Percent,239,units,0,v2063949,7.7.1.1.1.1,12.6,,,,1
2020-07,Ontario,2021A000235,Unemployment rate,Total - Gender,15 years and over,Estimate,Seasonally adjusted,Percent,239,units,0,v2063949,7.7.1.1.1.1,11.4,,,,1
2020-08,Ontario,2021A000235,Unemployment rate,Total - Gender,15 years and over,Estimate,Seasonally adjusted,Percent,239,units,0,v2063949,7.7.1.1.1.1,10.4,,,,1
2020-09,Ontario,2021A000235,Unemployment rate,Total - Gender,15 years and over,Estimate,Seasonally adjusted,Percent,239,units,0,v2063949,7.7.1.1.1.1,9.6,,,,1
2020-10,Ontario,2021A000235,Unemployment rate,Total - Gender,15 years and over,Estimate,Seasonally adjusted,Percent,239,units,0,v2063949,7.7.1.1.1.1,9.4,,,,1
2020-11,Ontario,2021A000235,Unemployment rate,Total - Gender,15 years and over,Estimate,Seasonally adjusted,Percent,239,units,0,v2063949,7.7.1.1.1.1,9,,,,1
2020-12,Ontario,2021A000235,Unemployment rate,Total - Gender,15 years and over,Estimate,Seasonally adjusted,Percent,239,units,0,v2063949,7.7.1.1.1.1,9.9,,,,1
2021-01,Ontario,2021A000235,Unemployment rate,Total - Gender,15 years and over,Estimate,Seasonally adjusted,Percent,239,units,0,v2063949,7.7.1.1.1.1,10.2,,,,1
2021-02,Ontario,2021A000235,Unemployment rate,Total - Gender,15 years and over,Estimate,Seasonally adjusted,Percent,239,units,0,v2063949,7.7.1.1.1.1,9.5,,,,1
2021-03,Ontario,2021A000235,Unemployment rate,Total - Gender,15 years and over,Estimate,Seasonally adjusted,Percent,239,units,0,v2063949,7.7.1.1.1.1,7.8,,,,1
2021-04,Ontario,2021A000235,Unemployment rate,Total - Gender,15 years and over,Estimate,Seasonally adjusted,Percent,239,units,0,v2063949,7.7.1.1.1.1,9.4,,,,1
2021-05,Ontario,2021A000235,Unemployment rate,Total - Gender,15 years and over,Estimate,Seasonally adjusted,Percent,239,units,0,v2063949,7.7.1.1.1.1,9.4,,,,1
2021-06,Ontario,2021A000235,Unemployment rate,Total - Gender,15 years and over,Estimate,Seasonally adjusted,Percent,239,units,0,v2063949,7.7.1.1.1.1,8.8,,,,1
2021-07,Ontario,2021A000235,Unemployment rate,Total - Gender,15 years and over,Estimate,Seasonally adjusted,Percent,239,units,0,v2063949,7.7.1.1.1.1,7.9,,,,1
2021-08,Ontario,2021A000235,Unemployment rate,Total - Gender,15 years and over,Estimate,Seasonally adjusted,Percent,239,units,0,v2063949,7.7.1.1.1.1,7.7,,,,1
2021-09,Ontario,2021A000235,Unemployment rate,Total - Gender,15 years and over,Estimate,Seasonally adjusted,Percent,239,units,0,v2063949,7.7.1.1.1.1,7.4,,,,1
2021-10,Ontario,2021A000235,Unemployment rate,Total - Gender,15 years and over,Estimate,Seasonally adjusted,Percent,239,units,0,v2063949,7.7.1.1.1.1,6.7,,,,1
2021-11,Ontario,2021A000235,Unemployment rate,Total - Gender,15 years and over,Estimate,Seasonally adjusted,Percent,239,units,0,v2063949,7.7.1.1.1.1,6.5,,,,1
2021-12,Ontario,2021A000235,Unemployment rate,Total - Gender,15 years and over,Estimate,Seasonally adjusted,Percent,239,units,0,v2063949,7.7.1.1.1.1,6.3,,,,1
2022-01,Ontario,2021A000235,Unemployment rate,Total - Gender,15 years and over,Estimate,Seasonally adjusted,Percent,239,units,0,v2063949,7.7.1.1.1.1,7.4,,,,1
2022-02,Ontario,2021A000235,Unemployment rate,Total - Gender,15 years and over,Estimate,Seasonally adjusted,Percent,239,units,0,v2063949,7.7.1.1.1.1,5.7,,,,1
2022-03,Ontario,2021A000235,Unemployment rate,Total - Gender,15 years and over,Estimate,Seasonally adjusted,Percent,239,units,0,v2063949,7.7.1.1.1.1,5.4,,,,1
2022-04,Ontario,2021A000235,Unemployment rate,Total - Gender,15 years and over,Estimate,Seasonally adjusted,Percent,239,units,0,v2063949,7.7.1.1.1.1,5.6,,,,1
2022-05,Ontario,2021A000235,Unemployment rate,Total - Gender,15 years and over,Estimate,Seasonally adjusted,Percent,239,units,0,v2063949,7.7.1.1.1.1,5.4,,,,1
2022-06,Ontario,2021A000235,Unemployment rate,Total - Gender,15 years and over,Estimate,Seasonally adjusted,Percent,239,units,0,v2063949,7.7.1.1.1.1,5.1,,,,1
2022-07,Ontario,2021A000235,Unemployment rate,Total - Gender,15 years and over,Estimate,Seasonally adjusted,Percent,239,units,0,v2063949,7.7.1.1.1.1,5.1,,,,1
2022-08,Ontario,2021A000235,Unemployment rate,Total - Gender,15 years and over,Estimate,Seasonally adjusted,Percent,239,units,0,v2063949,7.7.1.1.1.1,5.4,,,,1
2022-09,Ontario,2021A000235,Unemployment rate,Total - Gender,15 years and over,Estimate,Seasonally adjusted,Percent,239,units,0,v2063949,7.7.1.1.1.1,5.5,,,,1
2022-10,Ontario,2021A000235,Unemployment rate,Total - Gender,15 years and over,Estimate,Seasonally adjusted,Percent,239,units,0,v2063949,7.7.1.1.1.1,5.5,,,,1
2022-11,Ontario,2021A000235,Unemployment rate,Total - Gender,15 years and over,Estimate,Seasonally adjusted,Percent,239,units,0,v2063949,7.7.1.1.1.1,5.6,,,,1
2022-12,Ontario,2021A000235,Unemployment rate,Total - Gender,15 years and over,Estimate,Seasonally adjusted,Percent,239,units,0,v2063949,7.7.1.1.1.1,5.3,,,,1
2023-01,Ontario,2021A000235,Unemployment rate,Total - Gender,15 years and over,Estimate,Seasonally adjusted,Percent,239,units,0,v2063949,7.7.1.1.1.1,5.3,,,,1
2023-02,Ontario,2021A000235,Unemployment rate,Total - Gender,15 years and over,Estimate,Seasonally adjusted,Percent,239,units,0,v2063949,7.7.1.1.1.1,5.1,,,,1
2023-03,Ontario,2021A000235,Unemployment rate,Total - Gender,15 years and over,Estimate,Seasonally adjusted,Percent,239,units,0,v2063949,7.7.1.1.1.1,5.2,,,,1
2023-04,Ontario,2021A000235,Unemployment rate,Total - Gender,15 years and over,Estimate,Seasonally adjusted,Percent,239,units,0,v2063949,7.7.1.1.1.1,5,,,,1
2023-05,Ontario,2021A000235,Unemployment rate,Total - Gender,15 years and over,Estimate,Seasonally adjusted,Percent,239,units,0,v2063949,7.7.1.1.1.1,5.5,,,,1
2023-06,Ontario,2021A000235,Unemployment rate,Total - Gender,15 years and over,Estimate,Seasonally adjusted,Percent,239,units,0,v2063949,7.7.1.1.1.1,5.6,,,,1
2023-07,Ontario,2021A000235,Unemployment rate,Total - Gender,15 years and over,Estimate,Seasonally adjusted,Percent,239,units,0,v2063949,7.7.1.1.1.1,5.6,,,,1
2023-08,Ontario,2021A000235,Unemployment rate,Total - Gender,15 years and over,Estimate,Seasonally adjusted,Percent,239,units,0,v2063949,7.7.1.1.1.1,5.8,,,,1
2023-09,Ontario,2021A000235,Unemployment rate,Total - Gender,15 years and over,Estimate,Seasonally adjusted,Percent,239,units,0,v2063949,7.7.1.1.1.1,5.9,,,,1
2023-10,Ontario,2021A000235,Unemployment rate,Total - Gender,15 years and over,Estimate,Seasonally adjusted,Percent,239,units,0,v2063949,7.7.1.1.1.1,6.2,,,,1
2023-11,Ontario,2021A000235,Unemployment rate,Total - Gender,15 years and over,Estimate,Seasonally adjusted,Percent,239,units,0,v2063949,7.7.1.1.1.1,6,,,,1
2023-12,Ontario,2021A000235,Unemployment rate,Total - Gender,15 years and over,Estimate,Seasonally adjusted,Percent,239,units,0,v2063949,7.7.1.1.1.1,6.3,,,,1
1998-01,Manitoba,2021A000246,Unemployment rate,Total - Gender,15 years and over,Estimate,Seasonally adjusted,Percent,239,units,0,v2064138,8.7.1.1.1.1,5.5,,,,1
1998-02,Manitoba,2021A000246,Unemployment rate,Total - Gender,15 years and over,Estimate,Seasonally adjusted,Percent,239,units,0,v2064138,8.7.1.1.1.1,5.8,,,,1
1998-03,Manitoba,2021A000246,Unemployment rate,Total - Gender,15 years and over,Estimate,Seasonally adjusted,Percent,239,units,0,v2064138,8.7.1.1.1.1,5.2,,,,1
1998-04,Manitoba,2021A000246,Unemployment rate,Total - Gender,15 years and over,Estimate,Seasonally adjusted,Percent,239,units,0,v2064138,8.7.1.1.1.1,5.7,,,,1
1998-05,Manitoba,2021A000246,Unemployment rate,Total - Gender,15 years and over,Estimate,Seasonally adjusted,Percent,239,units,0,v2064138,8.7.1.1.1.1,5.5,,,,1
1998-06,Manitoba,2021A000246,Unemployment rate,Total - Gender,15 years and over,Estimate,Seasonally adjusted,Percent,239,units,0,v2064138,8.7.1.1.1.1,5.6,,,,1
1998-07,Manitoba,2021A000246,Unemployment rate,Total - Gender,15 years and over,Estimate,Seasonally adjusted,Percent,239,units,0,v2064138,8.7.1.1.1.1,5.1,,,,1
1998-08,Manitoba,2021A000246,Unemployment rate,Total - Gender,15 years and over,Estimate,Seasonally adjusted,Percent,239,units,0,v2064138,8.7.1.1.1.1,5.3,,,,1
1998-09,Manitoba,2021A000246,Unemployment rate,Total - Gender,15 years and over,Estimate,Seasonally adjusted,Percent,239,units,0,v2064138,8.7.1.1.1.1,5.8,,,,1
1998-10,Manitoba,2021A000246,Unemployment rate,Total - Gender,15 years and over,Estimate,Seasonally adjusted,Percent,239,units,0,v2064138,8.7.1.1.1.1,5.7,,,,1
1998-11,Manitoba,2021A000246,Unemployment rate,Total - Gender,15 years and over,Estimate,Seasonally adjusted,Percent,239,units,0,v2064138,8.7.1.1.1.1,5.6,,,,1
1998-12,Manitoba,2021A000246,Unemployment rate,Total - Gender,15 years and over,Estimate,Seasonally adjusted,Percent,239,units,0,v2064138,8.7.1.1.1.1,5.8,,,,1
1999-01,Manitoba,2021A000246,Unemployment rate,Total - Gender,15 years and over,Estimate,Seasonally adjusted,Percent,239,units,0,v2064138,8.7.1.1.1.1,5.8,,,,1
1999-02,Manitoba,2021A000246,Unemployment rate,Total - Gender,15 years and over,Estimate,Seasonally adjusted,Percent,239,units,0,v2064138,8.7.1.1.1.1,5.5,,,,1
1999-03,Manitoba,2021A000246,Unemployment rate,Total - Gender,15 years and over,Estimate,Seasonally adjusted,Percent,239,units,0,v2064138,8.7.1.1.1.1,5.3,,,,1
1999-04,Manitoba,2021A000246,Unemployment rate,Total - Gender,15 years and over,Estimate,Seasonally adjusted,Percent,239,units,0,v2064138,8.7.1.1.1.1,5.7,,,,1
1999-05,Manitoba,2021A000246,Unemployment rate,Total - Gender,15 years and over,Estimate,Seasonally adjusted,Percent,239,units,0,v2064138,8.7.1.1.1.1,5.5,,,,1
1999-06,Manitoba,2021A000246,Unemployment rate,Total - Gender,15 years and over,Estimate,Seasonally adjusted,Percent,239,units,0,v2064138,8.7.1.1.1.1,5.7,,,,1
1999-07,Manitoba,2021A000246,Unemployment rate,Total - Gender,15 years and over,Estimate,Seasonally adjusted,Percent,239,units,0,v2064138,8.7.1.1.1.1,5.7,,,,1
1999-08,Manitoba,2021A000246,Unemployment rate,Total - Gender,15 years and over,Estimate,Seasonally adjusted,Percent,239,units,0,v2064138,8.7.1.1.1.1,6,,,,1
1999-09,Manitoba,2021A000246,Unemployment rate,Total - Gender,15 years and over,Estimate,Seasonally adjusted,Percent,239,units,0,v2064138,8.7.1.1.1.1,5.9,,,,1
1999-10,Manitoba,2021A000246,Unemployment rate,Total - Gender,15 years and over,Estimate,Seasonally adjusted,Percent,239,units,0,v2064138,8.7.1.1.1.1,5.4,,,,1
1999-11,Manitoba,2021A000246,Unemployment rate,Total - Gender,15 years and over,Estimate,Seasonally adjusted,Percent,239,units,0,v2064138,8.7.1.1.1.1,5.4,,,,1
1999-12,Manitoba,2021A000246,Unemployment rate,Total - Gender,15 years and over,Estimate,Seasonally adjusted,Percent,239,units,0,v2064138,8.7.1.1.1.1,5.4,,,,1
2000-01,Manitoba,2021A000246,Unemployment rate,Total - Gender,15 years and over,Estimate,Seasonally adjusted,Percent,239,units,0,v2064138,8.7.1.1.1.1,5.1,,,,1
2000-02,Manitoba,2021A000246,Unemployment rate,Total - Gender,15 years and over,Estimate,Seasonally adjusted,Percent,239,units,0,v2064138,8.7.1.1.1.1,5.3,,,,1
2000-03,Manitoba,2021A000246,Unemployment rate,Total - Gender,15 years and over,Estimate,Seasonally adjusted,Percent,239,units,0,v2064138,8.7.1.1.1.1,5.6,,,,1
2000-04,Manitoba,2021A000246,Unemployment rate,Total - Gender,15 years and over,Estimate,Seasonally adjusted,Percent,239,units,0,v2064138,8.7.1.1.1.1,4.9,,,,1
2000-05,Manitoba,2021A000246,Unemployment rate,Total - Gender,15 years and over,Estimate,Seasonally adjusted,Percent,239,units,0,v2064138,8.7.1.1.1.1,4.6,,,,1
2000-06,Manitoba,2021A000246,Unemployment rate,Total - Gender,15 years and over,Estimate,Seasonally adjusted,Percent,239,units,0,v2064138,8.7.1.1.1.1,4.5,,,,1
2000-07,Manitoba,2021A000246,Unemployment rate,Total - Gender,15 years and over,Estimate,Seasonally adjusted,Percent,239,units,0,v2064138,8.7.1.1.1.1,5,,,,1
2000-08,Manitoba,2021A000246,Unemployment rate,Total - Gender,15 years and over,Estimate,Seasonally adjusted,Percent,239,units,0,v2064138,8.7.1.1.1.1,5,,,,1
2000-09,Manitoba,2021A000246,Unemployment rate,Total - Gender,15 years and over,Estimate,Seasonally adjusted,Percent,239,units,0,v2064138,8.7.1.1.1.1,4.5,,,,1
2000-10,Manitoba,2021A000246,Unemployment rate,Total - Gender,15 years and over,Estimate,Seasonally adjusted,Percent,239,units,0,v2064138,8.7.1.1.1.1,4.6,,,,1
2000-11,Manitoba,2021A000246,Unemployment rate,Total - Gender,15 years and over,Estimate,Seasonally adjusted,Percent,239,units,0,v2064138,8.7.1.1.1.1,4.9,,,,1
2000-12,Manitoba,2021A000246,Unemployment rate,Total - Gender,15 years and over,Estimate,Seasonally adjusted,Percent,239,units,0,v2064138,8.7.1.1.1.1,5.1,,,,1
2001-01,Manitoba,2021A000246,Unemployment rate,Total - Gender,15 years and over,Estimate,Seasonally adjusted,Percent,239,units,0,v2064138,8.7.1.1.1.1,4.7,,,,1
2001-02,Manitoba,2021A000246,Unemployment rate,Total - Gender,15 years and over,Estimate,Seasonally adjusted,Percent,239,units,0,v2064138,8.7.1.1.1.1,4.4,,,,1
2001-03,Manitoba,2021A000246,Unemployment rate,Total - Gender,15 years and over,Estimate,Seasonally adjusted,Percent,239,units,0,v2064138,8.7.1.1.1.1,5.1,,,,1
2001-04,Manitoba,2021A000246,Unemployment rate,Total - Gender,15 years and over,Estimate,Seasonally adjusted,Percent,239,units,0,v2064138,8.7.1.1.1.1,5.1,,,,1
2001-05,Manitoba,2021A000246,Unemployment rate,Total - Gender,15 years and over,Estimate,Seasonally adjusted,Percent,239,units,0,v2064138,8.7.1.1.1.1,5.2,,,,1
2001-06,Manitoba,2021A000246,Unemployment rate,Total - Gender,15 years and over,Estimate,Seasonally adjusted,Percent,239,units,0,v2064138,8.7.1.1.1.1,5.8,,,,1
2001-07,Manitoba,2021A000246,Unemployment rate,Total - Gender,15 years and over,Estimate,Seasonally adjusted,Percent,239,units,0,v2064138,8.7.1.1.1.1,5.5,,,,1
2001-08,Manitoba,2021A000246,Unemployment rate,Total - Gender,15 years and over,Estimate,Seasonally adjusted,Percent,239,units,0,v2064138,8.7.1.1.1.1,5.2,,,,1
2001-09,Manitoba,2021A000246,Unemployment rate,Total - Gender,15 years and over,Estimate,Seasonally adjusted,Percent,239,units,0,v2064138,8.7.1.1.1.1,5.2,,,,1
2001-10,Manitoba,2021A000246,Unemployment rate,Total - Gender,15 years and over,Estimate,Seasonally adjusted,Percent,239,units,0,v2064138,8.7.1.1.1.1,5.1,,,,1
2001-11,Manitoba,2021A000246,Unemployment rate,Total - Gender,15 years and over,Estimate,Seasonally adjusted,Percent,239,units,0,v2064138,8.7.1.1.1.1,5,,,,1
2001-12,Manitoba,2021A000246,Unemployment rate,Total - Gender,15 years and over,Estimate,Seasonally adjusted,Percent,239,units,0,v2064138,8.7.1.1.1.1,4.8,,,,1
2002-01,Manitoba,2021A000246,Unemployment rate,Total - Gender,15 years and over,Estimate,Seasonally adjusted,Percent,239,units,0,v2064138,8.7.1.1.1.1,5,,,,1
2002-02,Manitoba,2021A000246,Unemployment rate,Total - Gender,15 years and over,Estimate,Seasonally adjusted,Percent,239,units,0,v2064138,8.7.1.1.1.1,5.7,,,,1
2002-03,Manitoba,2021A000246,Unemployment rate,Total - Gender,15 years and over,Estimate,Seasonally adjusted,Percent,239,units,0,v2064138,8.7.1.1.1.1,5.2,,,,1
2002-04,Manitoba,2021A000246,Unemployment rate,Total - Gender,15 years and over,Estimate,Seasonally adjusted,Percent,239,units,0,v2064138,8.7.1.1.1.1,5.3,,,,1
2002-05,Manitoba,2021A000246,Unemployment rate,Total - Gender,15 years and over,Estimate,Seasonally adjusted,Percent,239,units,0,v2064138,8.7.1.1.1.1,5.1,,,,1
2002-06,Manitoba,2021A000246,Unemployment rate,Total - Gender,15 years and over,Estimate,Seasonally adjusted,Percent,239,units,0,v2064138,8.7.1.1.1.1,5,,,,1
2002-07,Manitoba,2021A000246,Unemployment rate,Total - Gender,15 years and over,Estimate,Seasonally adjusted,Percent,239,units,0,v2064138,8.7.1.1.1.1,5,,,,1
2002-08,Manitoba,2021A000246,Unemployment rate,Total - Gender,15 years and over,Estimate,Seasonally adjusted,Percent,239,units,0,v2064138,8.7.1.1.1.1,5,,,,1
2002-09,Manitoba,2021A000246,Unemployment rate,Total - Gender,15 years and over,Estimate,Seasonally adjusted,Percent,239,units,0,v2064138,8.7.1.1.1.1,4.5,,,,1
2002-10,Manitoba,2021A000246,Unemployment rate,Total - Gender,15 years and over,Estimate,Seasonally adjusted,Percent,239,units,0,v2064138,8.7.1.1.1.1,5.1,,,,1
2002-11,Manitoba,2021A000246,Unemployment rate,Total - Gender,15 years and over,Estimate,Seasonally adjusted,Percent,239,units,0,v2064138,8.7.1.1.1.1,5.1,,,,1
2002-12,Manitoba,2021A000246,Unemployment rate,Total - Gender,15 years and over,Estimate,Seasonally adjusted,Percent,239,units,0,v2064138,8.7.1.1.1.1,5,,,,1
2003-01,Manitoba,2021A000246,Unemployment rate,Total - Gender,15 years and over,Estimate,Seasonally adjusted,Percent,239,units,0,v2064138,8.7.1.1.1.1,5,,,,1
2003-02,Manitoba,2021A000246,Unemployment rate,Total - Gender,15 years and over,Estimate,Seasonally adjusted,Percent,239,units,0,v2064138,8.7.1.1.1.1,5.1,,,,1
2003-03,Manitoba,2021A000246,Unemployment rate,Total - Gender,15 years and over,Estimate,Seasonally adjusted,Percent,239,units,0,v2064138,8.7.1.1.1.1,4.8,,,,1
2003-04,Manitoba,2021A000246,Unemployment rate,Total - Gender,15 years and over,Estimate,Seasonally adjusted,Percent,239,units,0,v2064138,8.7.1.1.1.1,4.3,,,,1
2003-05,Manitoba,2021A000246,Unemployment rate,Total - Gender,15 years and over,Estimate,Seasonally adjusted,Percent,239,units,0,v2064138,8.7.1.1.1.1,4.6,,,,1
2003-06,Manitoba,2021A000246,Unemployment rate,Total - Gender,15 years and over,Estimate,Seasonally adjusted,Percent,239,units,0,v2064138,8.7.1.1.1.1,4.6,,,,1
2003-07,Manitoba,2021A000246,Unemployment rate,Total - Gender,15 years and over,Estimate,Seasonally adjusted,Percent,239,units,0,v2064138,8.7.1.1.1.1,4.9,,,,1
2003-08,Manitoba,2021A000246,Unemployment rate,Total - Gender,15 years and over,Estimate,Seasonally adjusted,Percent,239,units,0,v2064138,8.7.1.1.1.1,4.9,,,,1
2003-09,Manitoba,2021A000246,Unemployment rate,Total - Gender,15 years and over,Estimate,Seasonally adjusted,Percent,239,units,0,v2064138,8.7.1.1.1.1,5.3,,,,1
2003-10,Manitoba,2021A000246,Unemployment rate,Total - Gender,15 years and over,Estimate,Seasonally adjusted,Percent,239,units,0,v2064138,8.7.1.1.1.1,5.3,,,,1
2003-11,Manitoba,2021A000246,Unemployment rate,Total - Gender,15 years and over,Estimate,Seasonally adjusted,Percent,239,units,0,v2064138,8.7.1.1.1.1,5.4,,,,1
2003-12,Manitoba,2021A000246,Unemployment rate,Total - Gender,15 years and over,Estimate,Seasonally adjusted,Percent,239,units,0,v2064138,8.7.1.1.1.1,5.2,,,,1
2004-01,Manitoba,2021A000246,Unemployment rate,Total - Gender,15 years and over,Estimate,Seasonally adjusted,Percent,239,units,0,v2064138,8.7.1.1.1.1,5.3,,,,1
2004-02,Manitoba,2021A000246,Unemployment rate,Total - Gender,15 years and over,Estimate,Seasonally adjusted,Percent,239,units,0,v2064138,8.7.1.1.1.1,5,,,,1
2004-03,Manitoba,2021A000246,Unemployment rate,Total - Gender,15 years and over,Estimate,Seasonally adjusted,Percent,239,units,0,v2064138,8.7.1.1.1.1,5,,,,1
2004-04,Manitoba,2021A000246,Unemployment rate,Total - Gender,15 years and over,Estimate,Seasonally adjusted,Percent,239,units,0,v2064138,8.7.1.1.1.1,5.2,,,,1
2004-05,Manitoba,2021A000246,Unemployment rate,Total - Gender,15 years and over,Estimate,Seasonally adjusted,Percent,239,units,0,v2064138,8.7.1.1.1.1,5.2,,,,1
2004-06,Manitoba,2021A000246,Unemployment rate,Total - Gender,15 years and over,Estimate,Seasonally adjusted,Percent,239,units,0,v2064138,8.7.1.1.1.1,5.7,,,,1
2004-07,Manitoba,2021A000246,Unemployment rate,Total - Gender,15 years and over,Estimate,Seasonally adjusted,Percent,239,units,0,v2064138,8.7.1.1.1.1,5.4,,,,1
2004-08,Manitoba,2021A000246,Unemployment rate,Total - Gender,15 years and over,Estimate,Seasonally adjusted,Percent,239,units,0,v2064138,8.7.1.1.1.1,5.4,,,,1
2004-09,Manitoba,2021A000246,Unemployment rate,Total - Gender,15 years and over,Estimate,Seasonally adjusted,Percent,239,units,0,v2064138,8.7.1.1.1.1,5.6,,,,1
2004-10,Manitoba,2021A000246,Unemployment rate,Total - Gender,15 years and over,Estimate,Seasonally adjusted,Percent,239,units,0,v2064138,8.7.1.1.1.1,5.3,,,,1
2004-11,Manitoba,2021A000246,Unemployment rate,Total - Gender,15 years and over,Estimate,Seasonally adjusted,Percent,239,units,0,v2064138,8.7.1.1.1.1,5,,,,1
2004-12,Manitoba,2021A000246,Unemployment rate,Total - Gender,15 years and over,Estimate,Seasonally adjusted,Percent,239,units,0,v2064138,8.7.1.1.1.1,5.1,,,,1
2005-01,Manitoba,2021A000246,Unemployment rate,Total - Gender,15 years and over,Estimate,Seasonally adjusted,Percent,239,units,0,v2064138,8.7.1.1.1.1,5.1,,,,1
2005-02,Manitoba,2021A000246,Unemployment rate,Total - Gender,15 years and over,Estimate,Seasonally adjusted,Percent,239,units,0,v2064138,8.7.1.1.1.1,5,,,,1
2005-03,Manitoba,2021A000246,Unemployment rate,Total - Gender,15 years and over,Estimate,Seasonally adjusted,Percent,239,units,0,v2064138,8.7.1.1.1.1,5.2,,,,1
2005-04,Manitoba,2021A000246,Unemployment rate,Total - Gender,15 years and over,Estimate,Seasonally adjusted,Percent,239,units,0,v2064138,8.7.1.1.1.1,4.7,,,,1
2005-05,Manitoba,2021A000246,Unemployment rate,Total - Gender,15 years and over,Estimate,Seasonally adjusted,Percent,239,units,0,v2064138,8.7.1.1.1.1,5,,,,1
2005-06,Manitoba,2021A000246,Unemployment rate,Total - Gender,15 years and over,Estimate,Seasonally adjusted,Percent,239,units,0,v2064138,8.7.1.1.1.1,4.9,,,,1
2005-07,Manitoba,2021A000246,Unemployment rate,Total - Gender,15 years and over,Estimate,Seasonally adjusted,Percent,239,units,0,v2064138,8.7.1.1.1.1,4.5,,,,1
2005-08,Manitoba,2021A000246,Unemployment rate,Total - Gender,15 years and over,Estimate,Seasonally adjusted,Percent,239,units,0,v2064138,8.7.1.1.1.1,4.4,,,,1
2005-09,Manitoba,2021A000246,Unemployment rate,Total - Gender,15 years and over,Estimate,Seasonally adjusted,Percent,239,units,0,v2064138,8.7.1.1.1.1,4.8,,,,1
2005-10,Manitoba,2021A000246,Unemployment rate,Total - Gender,15 years and over,Estimate,Seasonally adjusted,Percent,239,units,0,v2064138,8.7.1.1.1.1,4.6,,,,1
2005-11,Manitoba,2021A000246,Unemployment rate,Total - Gender,15 years and over,Estimate,Seasonally adjusted,Percent,239,units,0,v2064138,8.7.1.1.1.1,4.2,,,,1
2005-12,Manitoba,2021A000246,Unemployment rate,Total - Gender,15 years and over,Estimate,Seasonally adjusted,Percent,239,units,0,v2064138,8.7.1.1.1.1,4.5,,,,1
2006-01,Manitoba,2021A000246,Unemployment rate,Total - Gender,15 years and over,Estimate,Seasonally adjusted,Percent,239,units,0,v2064138,8.7.1.1.1.1,4.5,,,,1
2006-02,Manitoba,2021A000246,Unemployment rate,Total - Gender,15 years and over,Estimate,Seasonally adjusted,Percent,239,units,0,v2064138,8.7.1.1.1.1,4.5,,,,1
2006-03,Manitoba,2021A000246,Unemployment rate,Total - Gender,15 years and over,Estimate,Seasonally adjusted,Percent,239,units,0,v2064138,8.7.1.1.1.1,4.5,,,,1
2006-04,Manitoba,2021A000246,Unemployment rate,Total - Gender,15 years and over,Estimate,Seasonally adjusted,Percent,239,units,0,v2064138,8.7.1.1.1.1,5,,,,1
2006-05,Manitoba,2021A000246,Unemployment rate,Total - Gender,15 years and over,Estimate,Seasonally adjusted,Percent,239,units,0,v2064138,8.7.1.1.1.1,4.2,,,,1
2006-06,Manitoba,2021A000246,Unemployment rate,Total - Gender,15 years and over,Estimate,Seasonally adjusted,Percent,239,units,0,v2064138,8.7.1.1.1.1,4,,,,1
2006-07,Manitoba,2021A000246,Unemployment rate,Total - Gender,15 years and over,Estimate,Seasonally adjusted,Percent,239,units,0,v2064138,8.7.1.1.1.1,4.9,,,,1
2006-08,Manitoba,2021A000246,Unemployment rate,Total - Gender,15 years and over,Estimate,Seasonally adjusted,Percent,239,units,0,v2064138,8.7.1.1.1.1,4.5,,,,1
2006-09,Manitoba,2021A000246,Unemployment rate,Total - Gender,15 years and over,Estimate,Seasonally adjusted,Percent,239,units,0,v2064138,8.7.1.1.1.1,4.3,,,,1
2006-10,Manitoba,2021A000246,Unemployment rate,Total - Gender,15 years and over,Estimate,Seasonally adjusted,Percent,239,units,0,v2064138,8.7.1.1.1.1,4.4,,,,1
2006-11,Manitoba,2021A000246,Unemployment rate,Total - Gender,15 years and over,Estimate,Seasonally adjusted,Percent,239,units,0,v2064138,8.7.1.1.1.1,5.1,,,,1
2006-12,Manitoba,2021A000246,Unemployment rate,Total - Gender,15 years and over,Estimate,Seasonally adjusted,Percent,239,units,0,v2064138,8.7.1.1.1.1,4.5,,,,1
2007-01,Manitoba,2021A000246,Unemployment rate,Total - Gender,15 years and over,Estimate,Seasonally adjusted,Percent,239,units,0,v2064138,8.7.1.1.1.1,4.9,,,,1
2007-02,Manitoba,2021A000246,Unemployment rate,Total - Gender,15 years and over,Estimate,Seasonally adjusted,Percent,239,units,0,v2064138,8.7.1.1.1.1,4.6,,,,1
2007-03,Manitoba,2021A000246,Unemployment rate,Total - Gender,15 years and over,Estimate,Seasonally adjusted,Percent,239,units,0,v2064138,8.7.1.1.1.1,4.6,,,,1
2007-04,Manitoba,2021A000246,Unemployment rate,Total - Gender,15 years and over,Estimate,Seasonally adjusted,Percent,239,units,0,v2064138,8.7.1.1.1.1,5.2,,,,1
2007-05,Manitoba,2021A000246,Unemployment rate,Total - Gender,15 years and over,Estimate,Seasonally adjusted,Percent,239,units,0,v2064138,8.7.1.1.1.1,5.3,,,,1
2007-06,Manitoba,2021A000246,Unemployment rate,Total - Gender,15 years and over,Estimate,Seasonally adjusted,Percent,239,units,0,v2064138,8.7.1.1.1.1,4.9,,,,1
2007-07,Manitoba,2021A000246,Unemployment rate,Total - Gender,15 years and over,Estimate,Seasonally adjusted,Percent,239,units,0,v2064138,8.7.1.1.1.1,4.3,,,,1
2007-08,Manitoba,2021A000246,Unemployment rate,Total - Gender,15 years and over,Estimate,Seasonally adjusted,Percent,239,units,0,v2064138,8.7.1.1.1.1,4.4,,,,1
2007-09,Manitoba,2021A000246,Unemployment rate,Total - Gender,15 years and over,Estimate,Seasonally adjusted,Percent,239,units,0,v2064138,8.7.1.1.1.1,4.2,,,,1
2007-10,Manitoba,2021A000246,Unemployment rate,Total - Gender,15 years and over,Estimate,Seasonally adjusted,Percent,239,units,0,v2064138,8.7.1.1.1.1,4.3,,,,1
2007-11,Manitoba,2021A000246,Unemployment rate,Total - Gender,15 years and over,Estimate,Seasonally adjusted,Percent,239,units,0,v2064138,8.7.1.1.1.1,4.5,,,,1
2007-12,Manitoba,2021A000246,Unemployment rate,Total - Gender,15 years and over,Estimate,Seasonally adjusted,Percent,239,units,0,v2064138,8.7.1.1.1.1,4.4,,,,1
2008-01,Manitoba,2021A000246,Unemployment rate,Total - Gender,15 years and over,Estimate,Seasonally adjusted,Percent,239,units,0,v2064138,8.7.1.1.1.1,4.1,,,,1
2008-02,Manitoba,2021A000246,Unemployment rate,Total - Gender,15 years and over,Estimate,Seasonally adjusted,Percent,239,units,0,v2064138,8.7.1.1.1.1,4.2,,,,1
2008-03,Manitoba,2021A000246,Unemployment rate,Total - Gender,15 years and over,Estimate,Seasonally adjusted,Percent,239,units,0,v2064138,8.7.1.1.1.1,4.5,,,,1
2008-04,Manitoba,2021A000246,Unemployment rate,Total - Gender,15 years and over,Estimate,Seasonally adjusted,Percent,239,units,0,v2064138,8.7.1.1.1.1,4.2,,,,1
2008-05,Manitoba,2021A000246,Unemployment rate,Total - Gender,15 years and over,Estimate,Seasonally adjusted,Percent,239,units,0,v2064138,8.7.1.1.1.1,4.1,,,,1
2008-06,Manitoba,2021A000246,Unemployment rate,Total - Gender,15 years and over,Estimate,Seasonally adjusted,Percent,239,units,0,v2064138,8.7.1.1.1.1,3.9,,,,1
2008-07,Manitoba,2021A000246,Unemployment rate,Total - Gender,15 years and over,Estimate,Seasonally adjusted,Percent,239,units,0,v2064138,8.7.1.1.1.1,4,,,,1
2008-08,Manitoba,2021A000246,Unemployment rate,Total - Gender,15 years and over,Estimate,Seasonally adjusted,Percent,239,units,0,v2064138,8.7.1.1.1.1,4,,,,1
2008-09,Manitoba,2021A000246,Unemployment rate,Total - Gender,15 years and over,Estimate,Seasonally adjusted,Percent,239,units,0,v2064138,8.7.1.1.1.1,4.4,,,,1
2008-10,Manitoba,2021A000246,Unemployment rate,Total - Gender,15 years and over,Estimate,Seasonally adjusted,Percent,239,units,0,v2064138,8.7.1.1.1.1,4.3,,,,1
2008-11,Manitoba,2021A000246,Unemployment rate,Total - Gender,15 years and over,Estimate,Seasonally adjusted,Percent,239,units,0,v2064138,8.7.1.1.1.1,4.5,,,,1
2008-12,Manitoba,2021A000246,Unemployment rate,Total - Gender,15 years and over,Estimate,Seasonally adjusted,Percent,239,units,0,v2064138,8.7.1.1.1.1,4.7,,,,1
2009-01,Manitoba,2021A000246,Unemployment rate,Total - Gender,15 years and over,Estimate,Seasonally adjusted,Percent,239,units,0,v2064138,8.7.1.1.1.1,4.9,,,,1
2009-02,Manitoba,2021A000246,Unemployment rate,Total - Gender,15 years and over,Estimate,Seasonally adjusted,Percent,239,units,0,v2064138,8.7.1.1.1.1,5.2,,,,1
2009-03,Manitoba,2021A000246,Unemployment rate,Total - Gender,15 years and over,Estimate,Seasonally adjusted,Percent,239,units,0,v2064138,8.7.1.1.1.1,5.4,,,,1
2009-04,Manitoba,2021A000246,Unemployment rate,Total - Gender,15 years and over,Estimate,Seasonally adjusted,Percent,239,units,0,v2064138,8.7.1.1.1.1,5,,,,1
2009-05,Manitoba,2021A000246,Unemployment rate,Total - Gender,15 years and over,Estimate,Seasonally adjusted,Percent,239,units,0,v2064138,8.7.1.1.1.1,4.7,,,,1
2009-06,Manitoba,2021A000246,Unemployment rate,Total - Gender,15 years and over,Estimate,Seasonally adjusted,Percent,239,units,0,v2064138,8.7.1.1.1.1,5.5,,,,1
2009-07,Manitoba,2021A000246,Unemployment rate,Total - Gender,15 years and over,Estimate,Seasonally adjusted,Percent,239,units,0,v2064138,8.7.1.1.1.1,5.2,,,,1
2009-08,Manitoba,2021A000246,Unemployment rate,Total - Gender,15 years and over,Estimate,Seasonally adjusted,Percent,239,units,0,v2064138,8.7.1.1.1.1,5.7,,,,1
2009-09,Manitoba,2021A000246,Unemployment rate,Total - Gender,15 years and over,Estimate,Seasonally adjusted,Percent,239,units,0,v2064138,8.7.1.1.1.1,5.5,,,,1
2009-10,Manitoba,2021A000246,Unemployment rate,Total - Gender,15 years and over,Estimate,Seasonally adjusted,Percent,239,units,0,v2064138,8.7.1.1.1.1,6,,,,1
2009-11,Manitoba,2021A000246,Unemployment rate,Total - Gender,15 years and over,Estimate,Seasonally adjusted,Percent,239,units,0,v2064138,8.7.1.1.1.1,5.4,,,,1
2009-12,Manitoba,2021A000246,Unemployment rate,Total - Gender,15 years and over,Estimate,Seasonally adjusted,Percent,239,units,0,v2064138,8.7.1.1.1.1,5.8,,,,1
2010-01,Manitoba,2021A000246,Unemployment rate,Total - Gender,15 years and over,Estimate,Seasonally adjusted,Percent,239,units,0,v2064138,8.7.1.1.1.1,5.7,,,,1
2010-02,Manitoba,2021A000246,Unemployment rate,Total - Gender,15 years and over,Estimate,Seasonally adjusted,Percent,239,units,0,v2064138,8.7.1.1.1.1,5.6,,,,1
2010-03,Manitoba,2021A000246,Unemployment rate,Total - Gender,15 years and over,Estimate,Seasonally adjusted,Percent,239,units,0,v2064138,8.7.1.1.1.1,5.4,,,,1
2010-04,Manitoba,2021A000246,Unemployment rate,Total - Gender,15 years and over,Estimate,Seasonally adjusted,Percent,239,units,0,v2064138,8.7.1.1.1.1,5.1,,,,1
2010-05,Manitoba,2021A000246,Unemployment rate,Total - Gender,15 years and over,Estimate,Seasonally adjusted,Percent,239,units,0,v2064138,8.7.1.1.1.1,5.7,,,,1
2010-06,Manitoba,2021A000246,Unemployment rate,Total - Gender,15 years and over,Estimate,Seasonally adjusted,Percent,239,units,0,v2064138,8.7.1.1.1.1,5.5,,,,1
2010-07,Manitoba,2021A000246,Unemployment rate,Total - Gender,15 years and over,Estimate,Seasonally adjusted,Percent,239,units,0,v2064138,8.7.1.1.1.1,5.4,,,,1
2010-08,Manitoba,2021A000246,Unemployment rate,Total - Gender,15 years and over,Estimate,Seasonally adjusted,Percent,239,units,0,v2064138,8.7.1.1.1.1,5.5,,,,1
2010-09,Manitoba,2021A000246,Unemployment rate,Total - Gender,15 years and over,Estimate,Seasonally adjusted,Percent,239,units,0,v2064138,8.7.1.1.1.1,5.2,,,,1
2010-10,Manitoba,2021A000246,Unemployment rate,Total - Gender,15 years and over,Estimate,Seasonally adjusted,Percent,239,units,0,v2064138,8.7.1.1.1.1,5.1,,,,1
2010-11,Manitoba,2021A000246,Unemployment rate,Total - Gender,15 years and over,Estimate,Seasonally adjusted,Percent,239,units,0,v2064138,8.7.1.1.1.1,5.1,,,,1
2010-12,Manitoba,2021A000246,Unemployment rate,Total - Gender,15 years and over,Estimate,Seasonally adjusted,Percent,239,units,0,v2064138,8.7.1.1.1.1,5.4,,,,1
2011-01,Manitoba,2021A000246,Unemployment rate,Total - Gender,15 years and over,Estimate,Seasonally adjusted,Percent,239,units,0,v2064138,8.7.1.1.1.1,5,,,,1
2011-02,Manitoba,2021A000246,Unemployment rate,Total - Gender,15 years and over,Estimate,Seasonally adjusted,Percent,239,units,0,v2064138,8.7.1.1.1.1,5.3,,,,1
2011-03,Manitoba,2021A000246,Unemployment rate,Total - Gender,15 years and over,Estimate,Seasonally adjusted,Percent,239,units,0,v2064138,8.7.1.1.1.1,5.8,,,,1
2011-04,Manitoba,2021A000246,Unemployment rate,Total - Gender,15 years and over,Estimate,Seasonally adjusted,Percent,239,units,0,v2064138,8.7.1.1.1.1,5.4,,,,1
2011-05,Manitoba,2021A000246,Unemployment rate,Total - Gender,15 years and over,Estimate,Seasonally adjusted,Percent,239,units,0,v2064138,8.7.1.1.1.1,5.4,,,,1
2011-06,Manitoba,2021A000246,Unemployment rate,Total - Gender,15 years and over,Estimate,Seasonally adjusted,Percent,239,units,0,v2064138,8.7.1.1.1.1,5.5,,,,1
2011-07,Manitoba,2021A000246,Unemployment rate,Total - Gender,15 years and over,Estimate,Seasonally adjusted,Percent,239,units,0,v2064138,8.7.1.1.1.1,5.8,,,,1
2011-08,Manitoba,2021A000246,Unemployment rate,Total - Gender,15 years and over,Estimate,Seasonally adjusted,Percent,239,units,0,v2064138,8.7.1.1.1.1,5.3,,,,1
2011-09,Manitoba,2021A000246,Unemployment rate,Total - Gender,15 years and over,Estimate,Seasonally adjusted,Percent,239,units,0,v2064138,8.7.1.1.1.1,5.7,,,,1
2011-10,Manitoba,2021A000246,Unemployment rate,Total - Gender,15 years and over,Estimate,Seasonally adjusted,Percent,239,units,0,v2064138,8.7.1.1.1.1,5.4,,,,1
2011-11,Manitoba,2021A000246,Unemployment rate,Total - Gender,15 years and over,Estimate,Seasonally adjusted,Percent,239,units,0,v2064138,8.7.1.1.1.1,5.5,,,,1
2011-12,Manitoba,2021A000246,Unemployment rate,Total - Gender,15 years and over,Estimate,Seasonally adjusted,Percent,239,units,0,v2064138,8.7.1.1.1.1,5.5,,,,1
2012-01,Manitoba,2021A000246,Unemployment rate,Total - Gender,15 years and over,Estimate,Seasonally adjusted,Percent,239,units,0,v2064138,8.7.1.1.1.1,5.5,,,,1
2012-02,Manitoba,2021A000246,Unemployment rate,Total - Gender,15 years and over,Estimate,Seasonally adjusted,Percent,239,units,0,v2064138,8.7.1.1.1.1,5.5,,,,1
2012-03,Manitoba,2021A000246,Unemployment rate,Total - Gender,15 years and over,Estimate,Seasonally adjusted,Percent,239,units,0,v2064138,8.7.1.1.1.1,5.4,,,,1
2012-04,Manitoba,2021A000246,Unemployment rate,Total - Gender,15 years and over,Estimate,Seasonally adjusted,Percent,239,units,0,v2064138,8.7.1.1.1.1,5.2,,,,1
2012-05,Manitoba,2021A000246,Unemployment rate,Total - Gender,15 years and over,Estimate,Seasonally adjusted,Percent,239,units,0,v2064138,8.7.1.1.1.1,5.1,,,,1
2012-06,Manitoba,2021A000246,Unemployment rate,Total - Gender,15 years and over,Estimate,Seasonally adjusted,Percent,239,units,0,v2064138,8.7.1.1.1.1,5.5,,,,1
2012-07,Manitoba,2021A000246,Unemployment rate,Total - Gender,15 years and over,Estimate,Seasonally adjusted,Percent,239,units,0,v2064138,8.7.1.1.1.1,5.7,,,,1
2012-08,Manitoba,2021A000246,Unemployment rate,Total - Gender,15 years and over,Estimate,Seasonally adjusted,Percent,239,units,0,v2064138,8.7.1.1.1.1,5.8,,,,1
2012-09,Manitoba,2021A000246,Unemployment rate,Total - Gender,15 years and over,Estimate,Seasonally adjusted,Percent,239,units,0,v2064138,8.7.1.1.1.1,5.4,,,,1
2012-10,Manitoba,2021A000246,Unemployment rate,Total - Gender,15 years and over,Estimate,Seasonally adjusted,Percent,239,units,0,v2064138,8.7.1.1.1.1,5.8,,,,1
2012-11,Manitoba,2021A000246,Unemployment rate,Total - Gender,15 years and over,Estimate,Seasonally adjusted,Percent,239,units,0,v2064138,8.7.1.1.1.1,5.4,,,,1
2012-12,Manitoba,2021A000246,Unemployment rate,Total - Gender,15 years and over,Estimate,Seasonally adjusted,Percent,239,units,0,v2064138,8.7.1.1.1.1,5.1,,,,1
2013-01,Manitoba,2021A000246,Unemployment rate,Total - Gender,15 years and over,Estimate,Seasonally adjusted,Percent,239,units,0,v2064138,8.7.1.1.1.1,4.7,,,,1
2013-02,Manitoba,2021A000246,Unemployment rate,Total - Gender,15 years and over,Estimate,Seasonally adjusted,Percent,239,units,0,v2064138,8.7.1.1.1.1,5.3,,,,1
2013-03,Manitoba,2021A000246,Unemployment rate,Total - Gender,15 years and over,Estimate,Seasonally adjusted,Percent,239,units,0,v2064138,8.7.1.1.1.1,5.3,,,,1
2013-04,Manitoba,2021A000246,Unemployment rate,Total - Gender,15 years and over,Estimate,Seasonally adjusted,Percent,239,units,0,v2064138,8.7.1.1.1.1,5.8,,,,1
2013-05,Manitoba,2021A000246,Unemployment rate,Total - Gender,15 years and over,Estimate,Seasonally adjusted,Percent,239,units,0,v2064138,8.7.1.1.1.1,5.8,,,,1
2013-06,Manitoba,2021A000246,Unemployment rate,Total - Gender,15 years and over,Estimate,Seasonally adjusted,Percent,239,units,0,v2064138,8.7.1.1.1.1,5.5,,,,1
2013-07,Manitoba,2021A000246,Unemployment rate,Total - Gender,15 years and over,Estimate,Seasonally adjusted,Percent,239,units,0,v2064138,8.7.1.1.1.1,5.5,,,,1
2013-08,Manitoba,2021A000246,Unemployment rate,Total - Gender,15 years and over,Estimate,Seasonally adjusted,Percent,239,units,0,v2064138,8.7.1.1.1.1,5.3,,,,1
2013-09,Manitoba,2021A000246,Unemployment rate,Total - Gender,15 years and over,Estimate,Seasonally adjusted,Percent,239,units,0,v2064138,8.7.1.1.1.1,5.6,,,,1
2013-10,Manitoba,2021A000246,Unemployment rate,Total - Gender,15 years and over,Estimate,Seasonally adjusted,Percent,239,units,0,v2064138,8.7.1.1.1.1,5.7,,,,1
2013-11,Manitoba,2021A000246,Unemployment rate,Total - Gender,15 years and over,Estimate,Seasonally adjusted,Percent,239,units,0,v2064138,8.7.1.1.1.1,6.1,,,,1
2013-12,Manitoba,2021A000246,Unemployment rate,Total - Gender,15 years and over,Estimate,Seasonally adjusted,Percent,239,units,0,v2064138,8.7.1.1.1.1,5.6,,,,1
2014-01,Manitoba,2021A000246,Unemployment rate,Total - Gender,15 years and over,Estimate,Seasonally adjusted,Percent,239,units,0,v2064138,8.7.1.1.1.1,5.5,,,,1
2014-02,Manitoba,2021A000246,Unemployment rate,Total - Gender,15 years and over,Estimate,Seasonally adjusted,Percent,239,units,0,v2064138,8.7.1.1.1.1,5.5,,,,1
2014-03,Manitoba,2021A000246,Unemployment rate,Total - Gender,15 years and over,Estimate,Seasonally adjusted,Percent,239,units,0,v2064138,8.7.1.1.1.1,5.6,,,,1
2014-04,Manitoba,2021A000246,Unemployment rate,Total - Gender,15 years and over,Estimate,Seasonally adjusted,Percent,239,units,0,v2064138,8.7.1.1.1.1,5.8,,,,1
2014-05,Manitoba,2021A000246,Unemployment rate,Total - Gender,15 years and over,Estimate,Seasonally adjusted,Percent,239,units,0,v2064138,8.7.1.1.1.1,5.6,,,,1
2014-06,Manitoba,2021A000246,Unemployment rate,Total - Gender,15 years and over,Estimate,Seasonally adjusted,Percent,239,units,0,v2064138,8.7.1.1.1.1,5.4,,,,1
2014-07,Manitoba,2021A000246,Unemployment rate,Total - Gender,15 years and over,Estimate,Seasonally adjusted,Percent,239,units,0,v2064138,8.7.1.1.1.1,5.4,,,,1
2014-08,Manitoba,2021A000246,Unemployment rate,Total - Gender,15 years and over,Estimate,Seasonally adjusted,Percent,239,units,0,v2064138,8.7.1.1.1.1,5.7,,,,1
2014-09,Manitoba,2021A000246,Unemployment rate,Total - Gender,15 years and over,Estimate,Seasonally adjusted,Percent,239,units,0,v2064138,8.7.1.1.1.1,5.6,,,,1
2014-10,Manitoba,2021A000246,Unemployment rate,Total - Gender,15 years and over,Estimate,Seasonally adjusted,Percent,239,units,0,v2064138,8.7.1.1.1.1,5.4,,,,1
2014-11,Manitoba,2021A000246,Unemployment rate,Total - Gender,15 years and over,Estimate,Seasonally adjusted,Percent,239,units,0,v2064138,8.7.1.1.1.1,5.1,,,,1
2014-12,Manitoba,2021A000246,Unemployment rate,Total - Gender,15 years and over,Estimate,Seasonally adjusted,Percent,239,units,0,v2064138,8.7.1.1.1.1,5.6,,,,1
2015-01,Manitoba,2021A000246,Unemployment rate,Total - Gender,15 years and over,Estimate,Seasonally adjusted,Percent,239,units,0,v2064138,8.7.1.1.1.1,6,,,,1
2015-02,Manitoba,2021A000246,Unemployment rate,Total - Gender,15 years and over,Estimate,Seasonally adjusted,Percent,239,units,0,v2064138,8.7.1.1.1.1,5.5,,,,1
2015-03,Manitoba,2021A000246,Unemployment rate,Total - Gender,15 years and over,Estimate,Seasonally adjusted,Percent,239,units,0,v2064138,8.7.1.1.1.1,5.3,,,,1
2015-04,Manitoba,2021A000246,Unemployment rate,Total - Gender,15 years and over,Estimate,Seasonally adjusted,Percent,239,units,0,v2064138,8.7.1.1.1.1,5.4,,,,1
2015-05,Manitoba,2021A000246,Unemployment rate,Total - Gender,15 years and over,Estimate,Seasonally adjusted,Percent,239,units,0,v2064138,8.7.1.1.1.1,5.7,,,,1
2015-06,Manitoba,2021A000246,Unemployment rate,Total - Gender,15 years and over,Estimate,Seasonally adjusted,Percent,239,units,0,v2064138,8.7.1.1.1.1,5.2,,,,1
2015-07,Manitoba,2021A000246,Unemployment rate,Total - Gender,15 years and over,Estimate,Seasonally adjusted,Percent,239,units,0,v2064138,8.7.1.1.1.1,5.8,,,,1
2015-08,Manitoba,2021A000246,Unemployment rate,Total - Gender,15 years and over,Estimate,Seasonally adjusted,Percent,239,units,0,v2064138,8.7.1.1.1.1,6,,,,1
2015-09,Manitoba,2021A000246,Unemployment rate,Total - Gender,15 years and over,Estimate,Seasonally adjusted,Percent,239,units,0,v2064138,8.7.1.1.1.1,5.7,,,,1
2015-10,Manitoba,2021A000246,Unemployment rate,Total - Gender,15 years and over,Estimate,Seasonally adjusted,Percent,239,units,0,v2064138,8.7.1.1.1.1,5.5,,,,1
2015-11,Manitoba,2021A000246,Unemployment rate,Total - Gender,15 years and over,Estimate,Seasonally adjusted,Percent,239,units,0,v2064138,8.7.1.1.1.1,6.1,,,,1
2015-12,Manitoba,2021A000246,Unemployment rate,Total - Gender,15 years and over,Estimate,Seasonally adjusted,Percent,239,units,0,v2064138,8.7.1.1.1.1,5.9,,,,1
2016-01,Manitoba,2021A000246,Unemployment rate,Total - Gender,15 years and over,Estimate,Seasonally adjusted,Percent,239,units,0,v2064138,8.7.1.1.1.1,6.1,,,,1
2016-02,Manitoba,2021A000246,Unemployment rate,Total - Gender,15 years and over,Estimate,Seasonally adjusted,Percent,239,units,0,v2064138,8.7.1.1.1.1,5.9,,,,1
2016-03,Manitoba,2021A000246,Unemployment rate,Total - Gender,15 years and over,Estimate,Seasonally adjusted,Percent,239,units,0,v2064138,8.7.1.1.1.1,5.9,,,,1
2016-04,Manitoba,2021A000246,Unemployment rate,Total - Gender,15 years and over,Estimate,Seasonally adjusted,Percent,239,units,0,v2064138,8.7.1.1.1.1,6,,,,1
2016-05,Manitoba,2021A000246,Unemployment rate,Total - Gender,15 years and over,Estimate,Seasonally adjusted,Percent,239,units,0,v2064138,8.7.1.1.1.1,6,,,,1
2016-06,Manitoba,2021A000246,Unemployment rate,Total - Gender,15 years and over,Estimate,Seasonally adjusted,Percent,239,units,0,v2064138,8.7.1.1.1.1,6.2,,,,1
2016-07,Manitoba,2021A000246,Unemployment rate,Total - Gender,15 years and over,Estimate,Seasonally adjusted,Percent,239,units,0,v2064138,8.7.1.1.1.1,6.3,,,,1
2016-08,Manitoba,2021A000246,Unemployment rate,Total - Gender,15 years and over,Estimate,Seasonally adjusted,Percent,239,units,0,v2064138,8.7.1.1.1.1,6,,,,1
2016-09,Manitoba,2021A000246,Unemployment rate,Total - Gender,15 years and over,Estimate,Seasonally adjusted,Percent,239,units,0,v2064138,8.7.1.1.1.1,6.4,,,,1
2016-10,Manitoba,2021A000246,Unemployment rate,Total - Gender,15 years and over,Estimate,Seasonally adjusted,Percent,239,units,0,v2064138,8.7.1.1.1.1,6.1,,,,1
2016-11,Manitoba,2021A000246,Unemployment rate,Total - Gender,15 years and over,Estimate,Seasonally adjusted,Percent,239,units,0,v2064138,8.7.1.1.1.1,5.8,,,,1
2016-12,Manitoba,2021A000246,Unemployment rate,Total - Gender,15 years and over,Estimate,Seasonally adjusted,Percent,239,units,0,v2064138,8.7.1.1.1.1,5.8,,,,1
2017-01,Manitoba,2021A000246,Unemployment rate,Total - Gender,15 years and over,Estimate,Seasonally adjusted,Percent,239,units,0,v2064138,8.7.1.1.1.1,6,,,,1
2017-02,Manitoba,2021A000246,Unemployment rate,Total - Gender,15 years and over,Estimate,Seasonally adjusted,Percent,239,units,0,v2064138,8.7.1.1.1.1,5.8,,,,1
2017-03,Manitoba,2021A000246,Unemployment rate,Total - Gender,15 years and over,Estimate,Seasonally adjusted,Percent,239,units,0,v2064138,8.7.1.1.1.1,5.7,,,,1
2017-04,Manitoba,2021A000246,Unemployment rate,Total - Gender,15 years and over,Estimate,Seasonally adjusted,Percent,239,units,0,v2064138,8.7.1.1.1.1,5.4,,,,1
2017-05,Manitoba,2021A000246,Unemployment rate,Total - Gender,15 years and over,Estimate,Seasonally adjusted,Percent,239,units,0,v2064138,8.7.1.1.1.1,5.2,,,,1
2017-06,Manitoba,2021A000246,Unemployment rate,Total - Gender,15 years and over,Estimate,Seasonally adjusted,Percent,239,units,0,v2064138,8.7.1.1.1.1,5.1,,,,1
2017-07,Manitoba,2021A000246,Unemployment rate,Total - Gender,15 years and over,Estimate,Seasonally adjusted,Percent,239,units,0,v2064138,8.7.1.1.1.1,4.8,,,,1
2017-08,Manitoba,2021A000246,Unemployment rate,Total - Gender,15 years and over,Estimate,Seasonally adjusted,Percent,239,units,0,v2064138,8.7.1.1.1.1,4.8,,,,1
2017-09,Manitoba,2021A000246,Unemployment rate,Total - Gender,15 years and over,Estimate,Seasonally adjusted,Percent,239,units,0,v2064138,8.7.1.1.1.1,5.3,,,,1
2017-10,Manitoba,2021A000246,Unemployment rate,Total - Gender,15 years and over,Estimate,Seasonally adjusted,Percent,239,units,0,v2064138,8.7.1.1.1.1,5.1,,,,1
2017-11,Manitoba,2021A000246,Unemployment rate,Total - Gender,15 years and over,Estimate,Seasonally adjusted,Percent,239,units,0,v2064138,8.7.1.1.1.1,5.5,,,,1
2017-12,Manitoba,2021A000246,Unemployment rate,Total - Gender,15 years and over,Estimate,Seasonally adjusted,Percent,239,units,0,v2064138,8.7.1.1.1.1,5.5,,,,1
2018-01,Manitoba,2021A000246,Unemployment rate,Total - Gender,15 years and over,Estimate,Seasonally adjusted,Percent,239,units,0,v2064138,8.7.1.1.1.1,5.7,,,,1
2018-02,Manitoba,2021A000246,Unemployment rate,Total - Gender,15 years and over,Estimate,Seasonally adjusted,Percent,239,units,0,v2064138,8.7.1.1.1.1,6.1,,,,1
2018-03,Manitoba,2021A000246,Unemployment rate,Total - Gender,15 years and over,Estimate,Seasonally adjusted,Percent,239,units,0,v2064138,8.7.1.1.1.1,6.4,,,,1
2018-04,Manitoba,2021A000246,Unemployment rate,Total - Gender,15 years and over,Estimate,Seasonally adjusted,Percent,239,units,0,v2064138,8.7.1.1.1.1,6.2,,,,1
2018-05,Manitoba,2021A000246,Unemployment rate,Total - Gender,15 years and over,Estimate,Seasonally adjusted,Percent,239,units,0,v2064138,8.7.1.1.1.1,6.2,,,,1
2018-06,Manitoba,2021A000246,Unemployment rate,Total - Gender,15 years and over,Estimate,Seasonally adjusted,Percent,239,units,0,v2064138,8.7.1.1.1.1,6,,,,1
2018-07,Manitoba,2021A000246,Unemployment rate,Total - Gender,15 years and over,Estimate,Seasonally adjusted,Percent,239,units,0,v2064138,8.7.1.1.1.1,6,,,,1
2018-08,Manitoba,2021A000246,Unemployment rate,Total - Gender,15 years and over,Estimate,Seasonally adjusted,Percent,239,units,0,v2064138,8.7.1.1.1.1,5.6,,,,1
2018-09,Manitoba,2021A000246,Unemployment rate,Total - Gender,15 years and over,Estimate,Seasonally adjusted,Percent,239,units,0,v2064138,8.7.1.1.1.1,5.7,,,,1
2018-10,Manitoba,2021A000246,Unemployment rate,Total - Gender,15 years and over,Estimate,Seasonally adjusted,Percent,239,units,0,v2064138,8.7.1.1.1.1,6.2,,,,1
2018-11,Manitoba,2021A000246,Unemployment rate,Total - Gender,15 years and over,Estimate,Seasonally adjusted,Percent,239,units,0,v2064138,8.7.1.1.1.1,5.8,,,,1
2018-12,Manitoba,2021A000246,Unemployment rate,Total - Gender,15 years and over,Estimate,Seasonally adjusted,Percent,239,units,0,v2064138,8.7.1.1.1.1,5.9,,,,1
2019-01,Manitoba,2021A000246,Unemployment rate,Total - Gender,15 years and over,Estimate,Seasonally adjusted,Percent,239,units,0,v2064138,8.7.1.1.1.1,5.9,,,,1
2019-02,Manitoba,2021A000246,Unemployment rate,Total - Gender,15 years and over,Estimate,Seasonally adjusted,Percent,239,units,0,v2064138,8.7.1.1.1.1,5.6,,,,1
2019-03,Manitoba,2021A000246,Unemployment rate,Total - Gender,15 years and over,Estimate,Seasonally adjusted,Percent,239,units,0,v2064138,8.7.1.1.1.1,5.3,,,,1
2019-04,Manitoba,2021A000246,Unemployment rate,Total - Gender,15 years and over,Estimate,Seasonally adjusted,Percent,239,units,0,v2064138,8.7.1.1.1.1,5.1,,,,1
2019-05,Manitoba,2021A000246,Unemployment rate,Total - Gender,15 years and over,Estimate,Seasonally adjusted,Percent,239,units,0,v2064138,8.7.1.1.1.1,5.1,,,,1
2019-06,Manitoba,2021A000246,Unemployment rate,Total - Gender,15 years and over,Estimate,Seasonally adjusted,Percent,239,units,0,v2064138,8.7.1.1.1.1,5.5,,,,1
2019-07,Manitoba,2021A000246,Unemployment rate,Total - Gender,15 years and over,Estimate,Seasonally adjusted,Percent,239,units,0,v2064138,8.7.1.1.1.1,5.8,,,,1
2019-08,Manitoba,2021A000246,Unemployment rate,Total - Gender,15 years and over,Estimate,Seasonally adjusted,Percent,239,units,0,v2064138,8.7.1.1.1.1,5.2,,,,1
2019-09,Manitoba,2021A000246,Unemployment rate,Total - Gender,15 years and over,Estimate,Seasonally adjusted,Percent,239,units,0,v2064138,8.7.1.1.1.1,5,,,,1
2019-10,Manitoba,2021A000246,Unemployment rate,Total - Gender,15 years and over,Estimate,Seasonally adjusted,Percent,239,units,0,v2064138,8.7.1.1.1.1,5.3,,,,1
2019-11,Manitoba,2021A000246,Unemployment rate,Total - Gender,15 years and over,Estimate,Seasonally adjusted,Percent,239,units,0,v2064138,8.7.1.1.1.1,5.6,,,,1
2019-12,Manitoba,2021A000246,Unemployment rate,Total - Gender,15 years and over,Estimate,Seasonally adjusted,Percent,239,units,0,v2064138,8.7.1.1.1.1,4.9,,,,1
2020-01,Manitoba,2021A000246,Unemployment rate,Total - Gender,15 years and over,Estimate,Seasonally adjusted,Percent,239,units,0,v2064138,8.7.1.1.1.1,5.2,,,,1
2020-02,Manitoba,2021A000246,Unemployment rate,Total - Gender,15 years and over,Estimate,Seasonally adjusted,Percent,239,units,0,v2064138,8.7.1.1.1.1,5.3,,,,1
2020-03,Manitoba,2021A000246,Unemployment rate,Total - Gender,15 years and over,Estimate,Seasonally adjusted,Percent,239,units,0,v2064138,8.7.1.1.1.1,6.6,,,,1
2020-04,Manitoba,2021A000246,Unemployment rate,Total - Gender,15 years and over,Estimate,Seasonally adjusted,Percent,239,units,0,v2064138,8.7.1.1.1.1,11.5,,,,1
2020-05,Manitoba,2021A000246,Unemployment rate,Total - Gender,15 years and over,Estimate,Seasonally adjusted,Percent,239,units,0,v2064138,8.7.1.1.1.1,11.9,,,,1
2020-06,Manitoba,2021A000246,Unemployment rate,Total - Gender,15 years and over,Estimate,Seasonally adjusted,Percent,239,units,0,v2064138,8.7.1.1.1.1,10.5,,,,1
2020-07,Manitoba,2021A000246,Unemployment rate,Total - Gender,15 years and over,Estimate,Seasonally adjusted,Percent,239,units,0,v2064138,8.7.1.1.1.1,8.8,,,,1
2020-08,Manitoba,2021A000246,Unemployment rate,Total - Gender,15 years and over,Estimate,Seasonally adjusted,Percent,239,units,0,v2064138,8.7.1.1.1.1,8,,,,1
2020-09,Manitoba,2021A000246,Unemployment rate,Total - Gender,15 years and over,Estimate,Seasonally adjusted,Percent,239,units,0,v2064138,8.7.1.1.1.1,7.5,,,,1
2020-10,Manitoba,2021A000246,Unemployment rate,Total - Gender,15 years and over,Estimate,Seasonally adjusted,Percent,239,units,0,v2064138,8.7.1.1.1.1,7.1,,,,1
2020-11,Manitoba,2021A000246,Unemployment rate,Total - Gender,15 years and over,Estimate,Seasonally adjusted,Percent,239,units,0,v2064138,8.7.1.1.1.1,7.8,,,,1
2020-12,Manitoba,2021A000246,Unemployment rate,Total - Gender,15 years and over,Estimate,Seasonally adjusted,Percent,239,units,0,v2064138,8.7.1.1.1.1,8.4,,,,1
2021-01,Manitoba,2021A000246,Unemployment rate,Total - Gender,15 years and over,Estimate,Seasonally adjusted,Percent,239,units,0,v2064138,8.7.1.1.1.1,8.2,,,,1
2021-02,Manitoba,2021A000246,Unemployment rate,Total - Gender,15 years and over,Estimate,Seasonally adjusted,Percent,239,units,0,v2064138,8.7.1.1.1.1,7,,,,1
2021-03,Manitoba,2021A000246,Unemployment rate,Total - Gender,15 years and over,Estimate,Seasonally adjusted,Percent,239,units,0,v2064138,8.7.1.1.1.1,6.9,,,,1
2021-04,Manitoba,2021A000246,Unemployment rate,Total - Gender,15 years and over,Estimate,Seasonally adjusted,Percent,239,units,0,v2064138,8.7.1.1.1.1,7.2,,,,1
2021-05,Manitoba,2021A000246,Unemployment rate,Total - Gender,15 years and over,Estimate,Seasonally adjusted,Percent,239,units,0,v2064138,8.7.1.1.1.1,6.9,,,,1
2021-06,Manitoba,2021A000246,Unemployment rate,Total - Gender,15 years and over,Estimate,Seasonally adjusted,Percent,239,units,0,v2064138,8.7.1.1.1.1,7.6,,,,1
2021-07,Manitoba,2021A000246,Unemployment rate,Total - Gender,15 years and over,Estimate,Seasonally adjusted,Percent,239,units,0,v2064138,8.7.1.1.1.1,6.1,,,,1
2021-08,Manitoba,2021A000246,Unemployment rate,Total - Gender,15 years and over,Estimate,Seasonally adjusted,Percent,239,units,0,v2064138,8.7.1.1.1.1,5.7,,,,1
2021-09,Manitoba,2021A000246,Unemployment rate,Total - Gender,15 years and over,Estimate,Seasonally adjusted,Percent,239,units,0,v2064138,8.7.1.1.1.1,5.7,,,,1
2021-10,Manitoba,2021A000246,Unemployment rate,Total - Gender,15 years and over,Estimate,Seasonally adjusted,Percent,239,units,0,v2064138,8.7.1.1.1.1,5,,,,1
2021-11,Manitoba,2021A000246,Unemployment rate,Total - Gender,15 years and over,Estimate,Seasonally adjusted,Percent,239,units,0,v2064138,8.7.1.1.1.1,5.2,,,,1
2021-12,Manitoba,2021A000246,Unemployment rate,Total - Gender,15 years and over,Estimate,Seasonally adjusted,Percent,239,units,0,v2064138,8.7.1.1.1.1,5.2,,,,1
2022-01,Manitoba,2021A000246,Unemployment rate,Total - Gender,15 years and over,Estimate,Seasonally adjusted,Percent,239,units,0,v2064138,8.7.1.1.1.1,5,,,,1
2022-02,Manitoba,2021A000246,Unemployment rate,Total - Gender,15 years and over,Estimate,Seasonally adjusted,Percent,239,units,0,v2064138,8.7.1.1.1.1,4.5,,,,1
2022-03,Manitoba,2021A000246,Unemployment rate,Total - Gender,15 years and over,Estimate,Seasonally adjusted,Percent,239,units,0,v2064138,8.7.1.1.1.1,4.6,,,,1
2022-04,Manitoba,2021A000246,Unemployment rate,Total - Gender,15 years and over,Estimate,Seasonally adjusted,Percent,239,units,0,v2064138,8.7.1.1.1.1,4.8,,,,1
2022-05,Manitoba,2021A000246,Unemployment rate,Total - Gender,15 years and over,Estimate,Seasonally adjusted,Percent,239,units,0,v2064138,8.7.1.1.1.1,4.5,,,,1
2022-06,Manitoba,2021A000246,Unemployment rate,Total - Gender,15 years and over,Estimate,Seasonally adjusted,Percent,239,units,0,v2064138,8.7.1.1.1.1,4,,,,1
2022-07,Manitoba,2021A000246,Unemployment rate,Total - Gender,15 years and over,Estimate,Seasonally adjusted,Percent,239,units,0,v2064138,8.7.1.1.1.1,3.9,,,,1
2022-08,Manitoba,2021A000246,Unemployment rate,Total - Gender,15 years and over,Estimate,Seasonally adjusted,Percent,239,units,0,v2064138,8.7.1.1.1.1,5,,,,1
2022-09,Manitoba,2021A000246,Unemployment rate,Total - Gender,15 years and over,Estimate,Seasonally adjusted,Percent,239,units,0,v2064138,8.7.1.1.1.1,4.6,,,,1
2022-10,Manitoba,2021A000246,Unemployment rate,Total - Gender,15 years and over,Estimate,Seasonally adjusted,Percent,239,units,0,v2064138,8.7.1.1.1.1,4.5,,,,1
2022-11,Manitoba,2021A000246,Unemployment rate,Total - Gender,15 years and over,Estimate,Seasonally adjusted,Percent,239,units,0,v2064138,8.7.1.1.1.1,4.2,,,,1
2022-12,Manitoba,2021A000246,Unemployment rate,Total - Gender,15 years and over,Estimate,Seasonally adjusted,Percent,239,units,0,v2064138,8.7.1.1.1.1,4.5,,,,1
2023-01,Manitoba,2021A000246,Unemployment rate,Total - Gender,15 years and over,Estimate,Seasonally adjusted,Percent,239,units,0,v2064138,8.7.1.1.1.1,4.6,,,,1
2023-02,Manitoba,2021A000246,Unemployment rate,Total - Gender,15 years and over,Estimate,Seasonally adjusted,Percent,239,units,0,v2064138,8.7.1.1.1.1,4.9,,,,1
2023-03,Manitoba,2021A000246,Unemployment rate,Total - Gender,15 years and over,Estimate,Seasonally adjusted,Percent,239,units,0,v2064138,8.7.1.1.1.1,4.7,,,,1
2023-04,Manitoba,2021A000246,Unemployment rate,Total - Gender,15 years and over,Estimate,Seasonally adjusted,Percent,239,units,0,v2064138,8.7.1.1.1.1,4.8,,,,1
2023-05,Manitoba,2021A000246,Unemployment rate,Total - Gender,15 years and over,Estimate,Seasonally adjusted,Percent,239,units,0,v2064138,8.7.1.1.1.1,5,,,,1
2023-06,Manitoba,2021A000246,Unemployment rate,Total - Gender,15 years and over,Estimate,Seasonally adjusted,Percent,239,units,0,v2064138,8.7.1.1.1.1,4.6,,,,1
2023-07,Manitoba,2021A000246,Unemployment rate,Total - Gender,15 years and over,Estimate,Seasonally adjusted,Percent,239,units,0,v2064138,8.7.1.1.1.1,4.9,,,,1
2023-08,Manitoba,2021A000246,Unemployment rate,Total - Gender,15 years and over,Estimate,Seasonally adjusted,Percent,239,units,0,v2064138,8.7.1.1.1.1,5.5,,,,1
2023-09,Manitoba,2021A000246,Unemployment rate,Total - Gender,15 years and over,Estimate,Seasonally adjusted,Percent,239,units,0,v2064138,8.7.1.1.1.1,5.2,,,,1
2023-10,Manitoba,2021A000246,Unemployment rate,Total - Gender,15 years and over,Estimate,Seasonally adjusted,Percent,239,units,0,v2064138,8.7.1.1.1.1,5.1,,,,1
2023-11,Manitoba,2021A000246,Unemployment rate,Total - Gender,15 years and over,Estimate,Seasonally adjusted,Percent,239,units,0,v2064138,8.7.1.1.1.1,4.9,,,,1
2023-12,Manitoba,2021A000246,Unemployment rate,Total - Gender,15 years and over,Estimate,Seasonally adjusted,Percent,239,units,0,v2064138,8.7.1.1.1.1,4.3,,,,1
1998-01,Saskatchewan,2021A000247,Unemployment rate,Total - Gender,15 years and over,Estimate,Seasonally adjusted,Percent,239,units,0,v2064327,9.7.1.1.1.1,5.3,,,,1
1998-02,Saskatchewan,2021A000247,Unemployment rate,Total - Gender,15 years and over,Estimate,Seasonally adjusted,Percent,239,units,0,v2064327,9.7.1.1.1.1,5.3,,,,1
1998-03,Saskatchewan,2021A000247,Unemployment rate,Total - Gender,15 years and over,Estimate,Seasonally adjusted,Percent,239,units,0,v2064327,9.7.1.1.1.1,5.4,,,,1
1998-04,Saskatchewan,2021A000247,Unemployment rate,Total - Gender,15 years and over,Estimate,Seasonally adjusted,Percent,239,units,0,v2064327,9.7.1.1.1.1,5.7,,,,1
1998-05,Saskatchewan,2021A000247,Unemployment rate,Total - Gender,15 years and over,Estimate,Seasonally adjusted,Percent,239,units,0,v2064327,9.7.1.1.1.1,5.3,,,,1
1998-06,Saskatchewan,2021A000247,Unemployment rate,Total - Gender,15 years and over,Estimate,Seasonally adjusted,Percent,239,units,0,v2064327,9.7.1.1.1.1,6,,,,1
1998-07,Saskatchewan,2021A000247,Unemployment rate,Total - Gender,15 years and over,Estimate,Seasonally adjusted,Percent,239,units,0,v2064327,9.7.1.1.1.1,6.1,,,,1
1998-08,Saskatchewan,2021A000247,Unemployment rate,Total - Gender,15 years and over,Estimate,Seasonally adjusted,Percent,239,units,0,v2064327,9.7.1.1.1.1,6.3,,,,1
1998-09,Saskatchewan,2021A000247,Unemployment rate,Total - Gender,15 years and over,Estimate,Seasonally adjusted,Percent,239,units,0,v2064327,9.7.1.1.1.1,5.9,,,,1
1998-10,Saskatchewan,2021A000247,Unemployment rate,Total - Gender,15 years and over,Estimate,Seasonally adjusted,Percent,239,units,0,v2064327,9.7.1.1.1.1,6,,,,1
1998-11,Saskatchewan,2021A000247,Unemployment rate,Total - Gender,15 years and over,Estimate,Seasonally adjusted,Percent,239,units,0,v2064327,9.7.1.1.1.1,6.2,,,,1
1998-12,Saskatchewan,2021A000247,Unemployment rate,Total - Gender,15 years and over,Estimate,Seasonally adjusted,Percent,239,units,0,v2064327,9.7.1.1.1.1,6.3,,,,1
1999-01,Saskatchewan,2021A000247,Unemployment rate,Total - Gender,15 years and over,Estimate,Seasonally adjusted,Percent,239,units,0,v2064327,9.7.1.1.1.1,6.4,,,,1
1999-02,Saskatchewan,2021A000247,Unemployment rate,Total - Gender,15 years and over,Estimate,Seasonally adjusted,Percent,239,units,0,v2064327,9.7.1.1.1.1,6.8,,,,1
1999-03,Saskatchewan,2021A000247,Unemployment rate,Total - Gender,15 years and over,Estimate,Seasonally adjusted,Percent,239,units,0,v2064327,9.7.1.1.1.1,6.6,,,,1
1999-04,Saskatchewan,2021A000247,Unemployment rate,Total - Gender,15 years and over,Estimate,Seasonally adjusted,Percent,239,units,0,v2064327,9.7.1.1.1.1,6.4,,,,1
1999-05,Saskatchewan,2021A000247,Unemployment rate,Total - Gender,15 years and over,Estimate,Seasonally adjusted,Percent,239,units,0,v2064327,9.7.1.1.1.1,7.1,,,,1
1999-06,Saskatchewan,2021A000247,Unemployment rate,Total - Gender,15 years and over,Estimate,Seasonally adjusted,Percent,239,units,0,v2064327,9.7.1.1.1.1,5.6,,,,1
1999-07,Saskatchewan,2021A000247,Unemployment rate,Total - Gender,15 years and over,Estimate,Seasonally adjusted,Percent,239,units,0,v2064327,9.7.1.1.1.1,5.9,,,,1
1999-08,Saskatchewan,2021A000247,Unemployment rate,Total - Gender,15 years and over,Estimate,Seasonally adjusted,Percent,239,units,0,v2064327,9.7.1.1.1.1,5.8,,,,1
1999-09,Saskatchewan,2021A000247,Unemployment rate,Total - Gender,15 years and over,Estimate,Seasonally adjusted,Percent,239,units,0,v2064327,9.7.1.1.1.1,5.3,,,,1
1999-10,Saskatchewan,2021A000247,Unemployment rate,Total - Gender,15 years and over,Estimate,Seasonally adjusted,Percent,239,units,0,v2064327,9.7.1.1.1.1,5.7,,,,1
1999-11,Saskatchewan,2021A000247,Unemployment rate,Total - Gender,15 years and over,Estimate,Seasonally adjusted,Percent,239,units,0,v2064327,9.7.1.1.1.1,5.3,,,,1
1999-12,Saskatchewan,2021A000247,Unemployment rate,Total - Gender,15 years and over,Estimate,Seasonally adjusted,Percent,239,units,0,v2064327,9.7.1.1.1.1,5.1,,,,1
2000-01,Saskatchewan,2021A000247,Unemployment rate,Total - Gender,15 years and over,Estimate,Seasonally adjusted,Percent,239,units,0,v2064327,9.7.1.1.1.1,4.9,,,,1
2000-02,Saskatchewan,2021A000247,Unemployment rate,Total - Gender,15 years and over,Estimate,Seasonally adjusted,Percent,239,units,0,v2064327,9.7.1.1.1.1,4.6,,,,1
2000-03,Saskatchewan,2021A000247,Unemployment rate,Total - Gender,15 years and over,Estimate,Seasonally adjusted,Percent,239,units,0,v2064327,9.7.1.1.1.1,4.8,,,,1
2000-04,Saskatchewan,2021A000247,Unemployment rate,Total - Gender,15 years and over,Estimate,Seasonally adjusted,Percent,239,units,0,v2064327,9.7.1.1.1.1,4.7,,,,1
2000-05,Saskatchewan,2021A000247,Unemployment rate,Total - Gender,15 years and over,Estimate,Seasonally adjusted,Percent,239,units,0,v2064327,9.7.1.1.1.1,5.1,,,,1
2000-06,Saskatchewan,2021A000247,Unemployment rate,Total - Gender,15 years and over,Estimate,Seasonally adjusted,Percent,239,units,0,v2064327,9.7.1.1.1.1,5.5,,,,1
2000-07,Saskatchewan,2021A000247,Unemployment rate,Total - Gender,15 years and over,Estimate,Seasonally adjusted,Percent,239,units,0,v2064327,9.7.1.1.1.1,5.4,,,,1
2000-08,Saskatchewan,2021A000247,Unemployment rate,Total - Gender,15 years and over,Estimate,Seasonally adjusted,Percent,239,units,0,v2064327,9.7.1.1.1.1,5.7,,,,1
2000-09,Saskatchewan,2021A000247,Unemployment rate,Total - Gender,15 years and over,Estimate,Seasonally adjusted,Percent,239,units,0,v2064327,9.7.1.1.1.1,5.5,,,,1
2000-10,Saskatchewan,2021A000247,Unemployment rate,Total - Gender,15 years and over,Estimate,Seasonally adjusted,Percent,239,units,0,v2064327,9.7.1.1.1.1,5.2,,,,1
2000-11,Saskatchewan,2021A000247,Unemployment rate,Total - Gender,15 years and over,Estimate,Seasonally adjusted,Percent,239,units,0,v2064327,9.7.1.1.1.1,4.9,,,,1
2000-12,Saskatchewan,2021A000247,Unemployment rate,Total - Gender,15 years and over,Estimate,Seasonally adjusted,Percent,239,units,0,v2064327,9.7.1.1.1.1,5,,,,1
2001-01,Saskatchewan,2021A000247,Unemployment rate,Total - Gender,15 years and over,Estimate,Seasonally adjusted,Percent,239,units,0,v2064327,9.7.1.1.1.1,5.4,,,,1
2001-02,Saskatchewan,2021A000247,Unemployment rate,Total - Gender,15 years and over,Estimate,Seasonally adjusted,Percent,239,units,0,v2064327,9.7.1.1.1.1,5.8,,,,1
2001-03,Saskatchewan,2021A000247,Unemployment rate,Total - Gender,15 years and over,Estimate,Seasonally adjusted,Percent,239,units,0,v2064327,9.7.1.1.1.1,5.7,,,,1
2001-04,Saskatchewan,2021A000247,Unemployment rate,Total - Gender,15 years and over,Estimate,Seasonally adjusted,Percent,239,units,0,v2064327,9.7.1.1.1.1,6,,,,1
2001-05,Saskatchewan,2021A000247,Unemployment rate,Total - Gender,15 years and over,Estimate,Seasonally adjusted,Percent,239,units,0,v2064327,9.7.1.1.1.1,6,,,,1
2001-06,Saskatchewan,2021A000247,Unemployment rate,Total - Gender,15 years and over,Estimate,Seasonally adjusted,Percent,239,units,0,v2064327,9.7.1.1.1.1,5.7,,,,1
2001-07,Saskatchewan,2021A000247,Unemployment rate,Total - Gender,15 years and over,Estimate,Seasonally adjusted,Percent,239,units,0,v2064327,9.7.1.1.1.1,5.7,,,,1
2001-08,Saskatchewan,2021A000247,Unemployment rate,Total - Gender,15 years and over,Estimate,Seasonally adjusted,Percent,239,units,0,v2064327,9.7.1.1.1.1,5.4,,,,1
2001-09,Saskatchewan,2021A000247,Unemployment rate,Total - Gender,15 years and over,Estimate,Seasonally adjusted,Percent,239,units,0,v2064327,9.7.1.1.1.1,5.9,,,,1
2001-10,Saskatchewan,2021A000247,Unemployment rate,Total - Gender,15 years and over,Estimate,Seasonally adjusted,Percent,239,units,0,v2064327,9.7.1.1.1.1,5.8,,,,1
2001-11,Saskatchewan,2021A000247,Unemployment rate,Total - Gender,15 years and over,Estimate,Seasonally adjusted,Percent,239,units,0,v2064327,9.7.1.1.1.1,6,,,,1
2001-12,Saskatchewan,2021A000247,Unemployment rate,Total - Gender,15 years and over,Estimate,Seasonally adjusted,Percent,239,units,0,v2064327,9.7.1.1.1.1,5.9,,,,1
2002-01,Saskatchewan,2021A000247,Unemployment rate,Total - Gender,15 years and over,Estimate,Seasonally adjusted,Percent,239,units,0,v2064327,9.7.1.1.1.1,5.8,,,,1
2002-02,Saskatchewan,2021A000247,Unemployment rate,Total - Gender,15 years and over,Estimate,Seasonally adjusted,Percent,239,units,0,v2064327,9.7.1.1.1.1,5.6,,,,1
2002-03,Saskatchewan,2021A000247,Unemployment rate,Total - Gender,15 years and over,Estimate,Seasonally adjusted,Percent,239,units,0,v2064327,9.7.1.1.1.1,5.8,,,,1
2002-04,Saskatchewan,2021A000247,Unemployment rate,Total - Gender,15 years and over,Estimate,Seasonally adjusted,Percent,239,units,0,v2064327,9.7.1.1.1.1,5.9,,,,1
2002-05,Saskatchewan,2021A000247,Unemployment rate,Total - Gender,15 years and over,Estimate,Seasonally adjusted,Percent,239,units,0,v2064327,9.7.1.1.1.1,6,,,,1
2002-06,Saskatchewan,2021A000247,Unemployment rate,Total - Gender,15 years and over,Estimate,Seasonally adjusted,Percent,239,units,0,v2064327,9.7.1.1.1.1,5.6,,,,1
2002-07,Saskatchewan,2021A000247,Unemployment rate,Total - Gender,15 years and over,Estimate,Seasonally adjusted,Percent,239,units,0,v2064327,9.7.1.1.1.1,5.3,,,,1
2002-08,Saskatchewan,2021A000247,Unemployment rate,Total - Gender,15 years and over,Estimate,Seasonally adjusted,Percent,239,units,0,v2064327,9.7.1.1.1.1,5.2,,,,1
2002-09,Saskatchewan,2021A000247,Unemployment rate,Total - Gender,15 years and over,Estimate,Seasonally adjusted,Percent,239,units,0,v2064327,9.7.1.1.1.1,5.4,,,,1
2002-10,Saskatchewan,2021A000247,Unemployment rate,Total - Gender,15 years and over,Estimate,Seasonally adjusted,Percent,239,units,0,v2064327,9.7.1.1.1.1,6.1,,,,1
2002-11,Saskatchewan,2021A000247,Unemployment rate,Total - Gender,15 years and over,Estimate,Seasonally adjusted,Percent,239,units,0,v2064327,9.7.1.1.1.1,5.7,,,,1
2002-12,Saskatchewan,2021A000247,Unemployment rate,Total - Gender,15 years and over,Estimate,Seasonally adjusted,Percent,239,units,0,v2064327,9.7.1.1.1.1,6,,,,1
2003-01,Saskatchewan,2021A000247,Unemployment rate,Total - Gender,15 years and over,Estimate,Seasonally adjusted,Percent,239,units,0,v2064327,9.7.1.1.1.1,5.9,,,,1
2003-02,Saskatchewan,2021A000247,Unemployment rate,Total - Gender,15 years and over,Estimate,Seasonally adjusted,Percent,239,units,0,v2064327,9.7.1.1.1.1,6.2,,,,1
2003-03,Saskatchewan,2021A000247,Unemployment rate,Total - Gender,15 years and over,Estimate,Seasonally adjusted,Percent,239,units,0,v2064327,9.7.1.1.1.1,5.7,,,,1
2003-04,Saskatchewan,2021A000247,Unemployment rate,Total - Gender,15 years and over,Estimate,Seasonally adjusted,Percent,239,units,0,v2064327,9.7.1.1.1.1,5.4,,,,1
2003-05,Saskatchewan,2021A000247,Unemployment rate,Total - Gender,15 years and over,Estimate,Seasonally adjusted,Percent,239,units,0,v2064327,9.7.1.1.1.1,5.7,,,,1
2003-06,Saskatchewan,2021A000247,Unemployment rate,Total - Gender,15 years and over,Estimate,Seasonally adjusted,Percent,239,units,0,v2064327,9.7.1.1.1.1,5.4,,,,1
2003-07,Saskatchewan,2021A000247,Unemployment rate,Total - Gender,15 years and over,Estimate,Seasonally adjusted,Percent,239,units,0,v2064327,9.7.1.1.1.1,5.3,,,,1
2003-08,Saskatchewan,2021A000247,Unemployment rate,Total - Gender,15 years and over,Estimate,Seasonally adjusted,Percent,239,units,0,v2064327,9.7.1.1.1.1,5.4,,,,1
2003-09,Saskatchewan,2021A000247,Unemployment rate,Total - Gender,15 years and over,Estimate,Seasonally adjusted,Percent,239,units,0,v2064327,9.7.1.1.1.1,5.5,,,,1
2003-10,Saskatchewan,2021A000247,Unemployment rate,Total - Gender,15 years and over,Estimate,Seasonally adjusted,Percent,239,units,0,v2064327,9.7.1.1.1.1,5.7,,,,1
2003-11,Saskatchewan,2021A000247,Unemployment rate,Total - Gender,15 years and over,Estimate,Seasonally adjusted,Percent,239,units,0,v2064327,9.7.1.1.1.1,5.8,,,,1
2003-12,Saskatchewan,2021A000247,Unemployment rate,Total - Gender,15 years and over,Estimate,Seasonally adjusted,Percent,239,units,0,v2064327,9.7.1.1.1.1,5.8,,,,1
2004-01,Saskatchewan,2021A000247,Unemployment rate,Total - Gender,15 years and over,Estimate,Seasonally adjusted,Percent,239,units,0,v2064327,9.7.1.1.1.1,5.6,,,,1
2004-02,Saskatchewan,2021A000247,Unemployment rate,Total - Gender,15 years and over,Estimate,Seasonally adjusted,Percent,239,units,0,v2064327,9.7.1.1.1.1,5.4,,,,1
2004-03,Saskatchewan,2021A000247,Unemployment rate,Total - Gender,15 years and over,Estimate,Seasonally adjusted,Percent,239,units,0,v2064327,9.7.1.1.1.1,5.8,,,,1
2004-04,Saskatchewan,2021A000247,Unemployment rate,Total - Gender,15 years and over,Estimate,Seasonally adjusted,Percent,239,units,0,v2064327,9.7.1.1.1.1,5.4,,,,1
2004-05,Saskatchewan,2021A000247,Unemployment rate,Total - Gender,15 years and over,Estimate,Seasonally adjusted,Percent,239,units,0,v2064327,9.7.1.1.1.1,4.7,,,,1
2004-06,Saskatchewan,2021A000247,Unemployment rate,Total - Gender,15 years and over,Estimate,Seasonally adjusted,Percent,239,units,0,v2064327,9.7.1.1.1.1,5.1,,,,1
2004-07,Saskatchewan,2021A000247,Unemployment rate,Total - Gender,15 years and over,Estimate,Seasonally adjusted,Percent,239,units,0,v2064327,9.7.1.1.1.1,5.3,,,,1
2004-08,Saskatchewan,2021A000247,Unemployment rate,Total - Gender,15 years and over,Estimate,Seasonally adjusted,Percent,239,units,0,v2064327,9.7.1.1.1.1,5,,,,1
2004-09,Saskatchewan,2021A000247,Unemployment rate,Total - Gender,15 years and over,Estimate,Seasonally adjusted,Percent,239,units,0,v2064327,9.7.1.1.1.1,5.6,,,,1
2004-10,Saskatchewan,2021A000247,Unemployment rate,Total - Gender,15 years and over,Estimate,Seasonally adjusted,Percent,239,units,0,v2064327,9.7.1.1.1.1,4.9,,,,1
2004-11,Saskatchewan,2021A000247,Unemployment rate,Total - Gender,15 years and over,Estimate,Seasonally adjusted,Percent,239,units,0,v2064327,9.7.1.1.1.1,5.2,,,,1
2004-12,Saskatchewan,2021A000247,Unemployment rate,Total - Gender,15 years and over,Estimate,Seasonally adjusted,Percent,239,units,0,v2064327,9.7.1.1.1.1,5.3,,,,1
2005-01,Saskatchewan,2021A000247,Unemployment rate,Total - Gender,15 years and over,Estimate,Seasonally adjusted,Percent,239,units,0,v2064327,9.7.1.1.1.1,4.9,,,,1
2005-02,Saskatchewan,2021A000247,Unemployment rate,Total - Gender,15 years and over,Estimate,Seasonally adjusted,Percent,239,units,0,v2064327,9.7.1.1.1.1,4.9,,,,1
2005-03,Saskatchewan,2021A000247,Unemployment rate,Total - Gender,15 years and over,Estimate,Seasonally adjusted,Percent,239,units,0,v2064327,9.7.1.1.1.1,5,,,,1
2005-04,Saskatchewan,2021A000247,Unemployment rate,Total - Gender,15 years and over,Estimate,Seasonally adjusted,Percent,239,units,0,v2064327,9.7.1.1.1.1,5.1,,,,1
2005-05,Saskatchewan,2021A000247,Unemployment rate,Total - Gender,15 years and over,Estimate,Seasonally adjusted,Percent,239,units,0,v2064327,9.7.1.1.1.1,4.5,,,,1
2005-06,Saskatchewan,2021A000247,Unemployment rate,Total - Gender,15 years and over,Estimate,Seasonally adjusted,Percent,239,units,0,v2064327,9.7.1.1.1.1,4.7,,,,1
2005-07,Saskatchewan,2021A000247,Unemployment rate,Total - Gender,15 years and over,Estimate,Seasonally adjusted,Percent,239,units,0,v2064327,9.7.1.1.1.1,4.6,,,,1
2005-08,Saskatchewan,2021A000247,Unemployment rate,Total - Gender,15 years and over,Estimate,Seasonally adjusted,Percent,239,units,0,v2064327,9.7.1.1.1.1,4.9,,,,1
2005-09,Saskatchewan,2021A000247,Unemployment rate,Total - Gender,15 years and over,Estimate,Seasonally adjusted,Percent,239,units,0,v2064327,9.7.1.1.1.1,6,,,,1
2005-10,Saskatchewan,2021A000247,Unemployment rate,Total - Gender,15 years and over,Estimate,Seasonally adjusted,Percent,239,units,0,v2064327,9.7.1.1.1.1,5.3,,,,1
2005-11,Saskatchewan,2021A000247,Unemployment rate,Total - Gender,15 years and over,Estimate,Seasonally adjusted,Percent,239,units,0,v2064327,9.7.1.1.1.1,5.3,,,,1
2005-12,Saskatchewan,2021A000247,Unemployment rate,Total - Gender,15 years and over,Estimate,Seasonally adjusted,Percent,239,units,0,v2064327,9.7.1.1.1.1,5.2,,,,1
2006-01,Saskatchewan,2021A000247,Unemployment rate,Total - Gender,15 years and over,Estimate,Seasonally adjusted,Percent,239,units,0,v2064327,9.7.1.1.1.1,5.1,,,,1
2006-02,Saskatchewan,2021A000247,Unemployment rate,Total - Gender,15 years and over,Estimate,Seasonally adjusted,Percent,239,units,0,v2064327,9.7.1.1.1.1,5.4,,,,1
2006-03,Saskatchewan,2021A000247,Unemployment rate,Total - Gender,15 years and over,Estimate,Seasonally adjusted,Percent,239,units,0,v2064327,9.7.1.1.1.1,5,,,,1
2006-04,Saskatchewan,2021A000247,Unemployment rate,Total - Gender,15 years and over,Estimate,Seasonally adjusted,Percent,239,units,0,v2064327,9.7.1.1.1.1,4.9,,,,1
2006-05,Saskatchewan,2021A000247,Unemployment rate,Total - Gender,15 years and over,Estimate,Seasonally adjusted,Percent,239,units,0,v2064327,9.7.1.1.1.1,4.8,,,,1
2006-06,Saskatchewan,2021A000247,Unemployment rate,Total - Gender,15 years and over,Estimate,Seasonally adjusted,Percent,239,units,0,v2064327,9.7.1.1.1.1,5,,,,1
2006-07,Saskatchewan,2021A000247,Unemployment rate,Total - Gender,15 years and over,Estimate,Seasonally adjusted,Percent,239,units,0,v2064327,9.7.1.1.1.1,4.7,,,,1
2006-08,Saskatchewan,2021A000247,Unemployment rate,Total - Gender,15 years and over,Estimate,Seasonally adjusted,Percent,239,units,0,v2064327,9.7.1.1.1.1,5.1,,,,1
2006-09,Saskatchewan,2021A000247,Unemployment rate,Total - Gender,15 years and over,Estimate,Seasonally adjusted,Percent,239,units,0,v2064327,9.7.1.1.1.1,4.5,,,,1
2006-10,Saskatchewan,2021A000247,Unemployment rate,Total - Gender,15 years and over,Estimate,Seasonally adjusted,Percent,239,units,0,v2064327,9.7.1.1.1.1,3.9,,,,1
2006-11,Saskatchewan,2021A000247,Unemployment rate,Total - Gender,15 years and over,Estimate,Seasonally adjusted,Percent,239,units,0,v2064327,9.7.1.1.1.1,4.3,,,,1
2006-12,Saskatchewan,2021A000247,Unemployment rate,Total - Gender,15 years and over,Estimate,Seasonally adjusted,Percent,239,units,0,v2064327,9.7.1.1.1.1,4.2,,,,1
2007-01,Saskatchewan,2021A000247,Unemployment rate,Total - Gender,15 years and over,Estimate,Seasonally adjusted,Percent,239,units,0,v2064327,9.7.1.1.1.1,4.5,,,,1
2007-02,Saskatchewan,2021A000247,Unemployment rate,Total - Gender,15 years and over,Estimate,Seasonally adjusted,Percent,239,units,0,v2064327,9.7.1.1.1.1,4.3,,,,1
2007-03,Saskatchewan,2021A000247,Unemployment rate,Total - Gender,15 years and over,Estimate,Seasonally adjusted,Percent,239,units,0,v2064327,9.7.1.1.1.1,4.2,,,,1
2007-04,Saskatchewan,2021A000247,Unemployment rate,Total - Gender,15 years and over,Estimate,Seasonally adjusted,Percent,239,units,0,v2064327,9.7.1.1.1.1,4.2,,,,1
2007-05,Saskatchewan,2021A000247,Unemployment rate,Total - Gender,15 years and over,Estimate,Seasonally adjusted,Percent,239,units,0,v2064327,9.7.1.1.1.1,4.6,,,,1
2007-06,Saskatchewan,2021A000247,Unemployment rate,Total - Gender,15 years and over,Estimate,Seasonally adjusted,Percent,239,units,0,v2064327,9.7.1.1.1.1,4.6,,,,1
2007-07,Saskatchewan,2021A000247,Unemployment rate,Total - Gender,15 years and over,Estimate,Seasonally adjusted,Percent,239,units,0,v2064327,9.7.1.1.1.1,4.5,,,,1
2007-08,Saskatchewan,2021A000247,Unemployment rate,Total - Gender,15 years and over,Estimate,Seasonally adjusted,Percent,239,units,0,v2064327,9.7.1.1.1.1,4.8,,,,1
2007-09,Saskatchewan,2021A000247,Unemployment rate,Total - Gender,15 years and over,Estimate,Seasonally adjusted,Percent,239,units,0,v2064327,9.7.1.1.1.1,3.7,,,,1
2007-10,Saskatchewan,2021A000247,Unemployment rate,Total - Gender,15 years and over,Estimate,Seasonally adjusted,Percent,239,units,0,v2064327,9.7.1.1.1.1,4.3,,,,1
2007-11,Saskatchewan,2021A000247,Unemployment rate,Total - Gender,15 years and over,Estimate,Seasonally adjusted,Percent,239,units,0,v2064327,9.7.1.1.1.1,4.4,,,,1
2007-12,Saskatchewan,2021A000247,Unemployment rate,Total - Gender,15 years and over,Estimate,Seasonally adjusted,Percent,239,units,0,v2064327,9.7.1.1.1.1,4,,,,1
2008-01,Saskatchewan,2021A000247,Unemployment rate,Total - Gender,15 years and over,Estimate,Seasonally adjusted,Percent,239,units,0,v2064327,9.7.1.1.1.1,4.3,,,,1
2008-02,Saskatchewan,2021A000247,Unemployment rate,Total - Gender,15 years and over,Estimate,Seasonally adjusted,Percent,239,units,0,v2064327,9.7.1.1.1.1,4.5,,,,1
2008-03,Saskatchewan,2021A000247,Unemployment rate,Total - Gender,15 years and over,Estimate,Seasonally adjusted,Percent,239,units,0,v2064327,9.7.1.1.1.1,4.4,,,,1
2008-04,Saskatchewan,2021A000247,Unemployment rate,Total - Gender,15 years and over,Estimate,Seasonally adjusted,Percent,239,units,0,v2064327,9.7.1.1.1.1,4.3,,,,1
2008-05,Saskatchewan,2021A000247,Unemployment rate,Total - Gender,15 years and over,Estimate,Seasonally adjusted,Percent,239,units,0,v2064327,9.7.1.1.1.1,4.2,,,,1
2008-06,Saskatchewan,2021A000247,Unemployment rate,Total - Gender,15 years and over,Estimate,Seasonally adjusted,Percent,239,units,0,v2064327,9.7.1.1.1.1,3.9,,,,1
2008-07,Saskatchewan,2021A000247,Unemployment rate,Total - Gender,15 years and over,Estimate,Seasonally adjusted,Percent,239,units,0,v2064327,9.7.1.1.1.1,4.5,,,,1
2008-08,Saskatchewan,2021A000247,Unemployment rate,Total - Gender,15 years and over,Estimate,Seasonally adjusted,Percent,239,units,0,v2064327,9.7.1.1.1.1,4.1,,,,1
2008-09,Saskatchewan,2021A000247,Unemployment rate,Total - Gender,15 years and over,Estimate,Seasonally adjusted,Percent,239,units,0,v2064327,9.7.1.1.1.1,4.1,,,,1
2008-10,Saskatchewan,2021A000247,Unemployment rate,Total - Gender,15 years and over,Estimate,Seasonally adjusted,Percent,239,units,0,v2064327,9.7.1.1.1.1,4,,,,1
2008-11,Saskatchewan,2021A000247,Unemployment rate,Total - Gender,15 years and over,Estimate,Seasonally adjusted,Percent,239,units,0,v2064327,9.7.1.1.1.1,3.9,,,,1
2008-12,Saskatchewan,2021A000247,Unemployment rate,Total - Gender,15 years and over,Estimate,Seasonally adjusted,Percent,239,units,0,v2064327,9.7.1.1.1.1,5,,,,1
2009-01,Saskatchewan,2021A000247,Unemployment rate,Total - Gender,15 years and over,Estimate,Seasonally adjusted,Percent,239,units,0,v2064327,9.7.1.1.1.1,4.4,,,,1
2009-02,Saskatchewan,2021A000247,Unemployment rate,Total - Gender,15 years and over,Estimate,Seasonally adjusted,Percent,239,units,0,v2064327,9.7.1.1.1.1,5,,,,1
2009-03,Saskatchewan,2021A000247,Unemployment rate,Total - Gender,15 years and over,Estimate,Seasonally adjusted,Percent,239,units,0,v2064327,9.7.1.1.1.1,4.8,,,,1
2009-04,Saskatchewan,2021A000247,Unemployment rate,Total - Gender,15 years and over,Estimate,Seasonally adjusted,Percent,239,units,0,v2064327,9.7.1.1.1.1,4.9,,,,1
2009-05,Saskatchewan,2021A000247,Unemployment rate,Total - Gender,15 years and over,Estimate,Seasonally adjusted,Percent,239,units,0,v2064327,9.7.1.1.1.1,5.2,,,,1
2009-06,Saskatchewan,2021A000247,Unemployment rate,Total - Gender,15 years and over,Estimate,Seasonally adjusted,Percent,239,units,0,v2064327,9.7.1.1.1.1,4.7,,,,1
2009-07,Saskatchewan,2021A000247,Unemployment rate,Total - Gender,15 years and over,Estimate,Seasonally adjusted,Percent,239,units,0,v2064327,9.7.1.1.1.1,5.1,,,,1
2009-08,Saskatchewan,2021A000247,Unemployment rate,Total - Gender,15 years and over,Estimate,Seasonally adjusted,Percent,239,units,0,v2064327,9.7.1.1.1.1,4.9,,,,1
2009-09,Saskatchewan,2021A000247,Unemployment rate,Total - Gender,15 years and over,Estimate,Seasonally adjusted,Percent,239,units,0,v2064327,9.7.1.1.1.1,5.1,,,,1
2009-10,Saskatchewan,2021A000247,Unemployment rate,Total - Gender,15 years and over,Estimate,Seasonally adjusted,Percent,239,units,0,v2064327,9.7.1.1.1.1,5.7,,,,1
2009-11,Saskatchewan,2021A000247,Unemployment rate,Total - Gender,15 years and over,Estimate,Seasonally adjusted,Percent,239,units,0,v2064327,9.7.1.1.1.1,5.4,,,,1
2009-12,Saskatchewan,2021A000247,Unemployment rate,Total - Gender,15 years and over,Estimate,Seasonally adjusted,Percent,239,units,0,v2064327,9.7.1.1.1.1,5,,,,1
2010-01,Saskatchewan,2021A000247,Unemployment rate,Total - Gender,15 years and over,Estimate,Seasonally adjusted,Percent,239,units,0,v2064327,9.7.1.1.1.1,4.8,,,,1
2010-02,Saskatchewan,2021A000247,Unemployment rate,Total - Gender,15 years and over,Estimate,Seasonally adjusted,Percent,239,units,0,v2064327,9.7.1.1.1.1,4.5,,,,1
2010-03,Saskatchewan,2021A000247,Unemployment rate,Total - Gender,15 years and over,Estimate,Seasonally adjusted,Percent,239,units,0,v2064327,9.7.1.1.1.1,5.1,,,,1
2010-04,Saskatchewan,2021A000247,Unemployment rate,Total - Gender,15 years and over,Estimate,Seasonally adjusted,Percent,239,units,0,v2064327,9.7.1.1.1.1,5.1,,,,1
2010-05,Saskatchewan,2021A000247,Unemployment rate,Total - Gender,15 years and over,Estimate,Seasonally adjusted,Percent,239,units,0,v2064327,9.7.1.1.1.1,5,,,,1
2010-06,Saskatchewan,2021A000247,Unemployment rate,Total - Gender,15 years and over,Estimate,Seasonally adjusted,Percent,239,units,0,v2064327,9.7.1.1.1.1,5.7,,,,1
2010-07,Saskatchewan,2021A000247,Unemployment rate,Total - Gender,15 years and over,Estimate,Seasonally adjusted,Percent,239,units,0,v2064327,9.7.1.1.1.1,5.4,,,,1
2010-08,Saskatchewan,2021A000247,Unemployment rate,Total - Gender,15 years and over,Estimate,Seasonally adjusted,Percent,239,units,0,v2064327,9.7.1.1.1.1,5,,,,1
2010-09,Saskatchewan,2021A000247,Unemployment rate,Total - Gender,15 years and over,Estimate,Seasonally adjusted,Percent,239,units,0,v2064327,9.7.1.1.1.1,6,,,,1
2010-10,Saskatchewan,2021A000247,Unemployment rate,Total - Gender,15 years and over,Estimate,Seasonally adjusted,Percent,239,units,0,v2064327,9.7.1.1.1.1,6.3,,,,1
2010-11,Saskatchewan,2021A000247,Unemployment rate,Total - Gender,15 years and over,Estimate,Seasonally adjusted,Percent,239,units,0,v2064327,9.7.1.1.1.1,5.6,,,,1
2010-12,Saskatchewan,2021A000247,Unemployment rate,Total - Gender,15 years and over,Estimate,Seasonally adjusted,Percent,239,units,0,v2064327,9.7.1.1.1.1,5.4,,,,1
2011-01,Saskatchewan,2021A000247,Unemployment rate,Total - Gender,15 years and over,Estimate,Seasonally adjusted,Percent,239,units,0,v2064327,9.7.1.1.1.1,5.4,,,,1
2011-02,Saskatchewan,2021A000247,Unemployment rate,Total - Gender,15 years and over,Estimate,Seasonally adjusted,Percent,239,units,0,v2064327,9.7.1.1.1.1,5.4,,,,1
2011-03,Saskatchewan,2021A000247,Unemployment rate,Total - Gender,15 years and over,Estimate,Seasonally adjusted,Percent,239,units,0,v2064327,9.7.1.1.1.1,5,,,,1
2011-04,Saskatchewan,2021A000247,Unemployment rate,Total - Gender,15 years and over,Estimate,Seasonally adjusted,Percent,239,units,0,v2064327,9.7.1.1.1.1,5.1,,,,1
2011-05,Saskatchewan,2021A000247,Unemployment rate,Total - Gender,15 years and over,Estimate,Seasonally adjusted,Percent,239,units,0,v2064327,9.7.1.1.1.1,5.1,,,,1
2011-06,Saskatchewan,2021A000247,Unemployment rate,Total - Gender,15 years and over,Estimate,Seasonally adjusted,Percent,239,units,0,v2064327,9.7.1.1.1.1,4.7,,,,1
2011-07,Saskatchewan,2021A000247,Unemployment rate,Total - Gender,15 years and over,Estimate,Seasonally adjusted,Percent,239,units,0,v2064327,9.7.1.1.1.1,5,,,,1
2011-08,Saskatchewan,2021A000247,Unemployment rate,Total - Gender,15 years and over,Estimate,Seasonally adjusted,Percent,239,units,0,v2064327,9.7.1.1.1.1,4.8,,,,1
2011-09,Saskatchewan,2021A000247,Unemployment rate,Total - Gender,15 years and over,Estimate,Seasonally adjusted,Percent,239,units,0,v2064327,9.7.1.1.1.1,4.5,,,,1
2011-10,Saskatchewan,2021A000247,Unemployment rate,Total - Gender,15 years and over,Estimate,Seasonally adjusted,Percent,239,units,0,v2064327,9.7.1.1.1.1,4.4,,,,1
2011-11,Saskatchewan,2021A000247,Unemployment rate,Total - Gender,15 years and over,Estimate,Seasonally adjusted,Percent,239,units,0,v2064327,9.7.1.1.1.1,5,,,,1
2011-12,Saskatchewan,2021A000247,Unemployment rate,Total - Gender,15 years and over,Estimate,Seasonally adjusted,Percent,239,units,0,v2064327,9.7.1.1.1.1,4.7,,,,1
2012-01,Saskatchewan,2021A000247,Unemployment rate,Total - Gender,15 years and over,Estimate,Seasonally adjusted,Percent,239,units,0,v2064327,9.7.1.1.1.1,4.7,,,,1
2012-02,Saskatchewan,2021A000247,Unemployment rate,Total - Gender,15 years and over,Estimate,Seasonally adjusted,Percent,239,units,0,v2064327,9.7.1.1.1.1,5,,,,1
2012-03,Saskatchewan,2021A000247,Unemployment rate,Total - Gender,15 years and over,Estimate,Seasonally adjusted,Percent,239,units,0,v2064327,9.7.1.1.1.1,5.1,,,,1
2012-04,Saskatchewan,2021A000247,Unemployment rate,Total - Gender,15 years and over,Estimate,Seasonally adjusted,Percent,239,units,0,v2064327,9.7.1.1.1.1,5.1,,,,1
2012-05,Saskatchewan,2021A000247,Unemployment rate,Total - Gender,15 years and over,Estimate,Seasonally adjusted,Percent,239,units,0,v2064327,9.7.1.1.1.1,4.7,,,,1
2012-06,Saskatchewan,2021A000247,Unemployment rate,Total - Gender,15 years and over,Estimate,Seasonally adjusted,Percent,239,units,0,v2064327,9.7.1.1.1.1,5,,,,1
2012-07,Saskatchewan,2021A000247,Unemployment rate,Total - Gender,15 years and over,Estimate,Seasonally adjusted,Percent,239,units,0,v2064327,9.7.1.1.1.1,4.7,,,,1
2012-08,Saskatchewan,2021A000247,Unemployment rate,Total - Gender,15 years and over,Estimate,Seasonally adjusted,Percent,239,units,0,v2064327,9.7.1.1.1.1,4.7,,,,1
2012-09,Saskatchewan,2021A000247,Unemployment rate,Total - Gender,15 years and over,Estimate,Seasonally adjusted,Percent,239,units,0,v2064327,9.7.1.1.1.1,4.9,,,,1
2012-10,Saskatchewan,2021A000247,Unemployment rate,Total - Gender,15 years and over,Estimate,Seasonally adjusted,Percent,239,units,0,v2064327,9.7.1.1.1.1,4.6,,,,1
2012-11,Saskatchewan,2021A000247,Unemployment rate,Total - Gender,15 years and over,Estimate,Seasonally adjusted,Percent,239,units,0,v2064327,9.7.1.1.1.1,4.7,,,,1
2012-12,Saskatchewan,2021A000247,Unemployment rate,Total - Gender,15 years and over,Estimate,Seasonally adjusted,Percent,239,units,0,v2064327,9.7.1.1.1.1,4.8,,,,1
2013-01,Saskatchewan,2021A000247,Unemployment rate,Total - Gender,15 years and over,Estimate,Seasonally adjusted,Percent,239,units,0,v2064327,9.7.1.1.1.1,4,,,,1
2013-02,Saskatchewan,2021A000247,Unemployment rate,Total - Gender,15 years and over,Estimate,Seasonally adjusted,Percent,239,units,0,v2064327,9.7.1.1.1.1,4.2,,,,1
2013-03,Saskatchewan,2021A000247,Unemployment rate,Total - Gender,15 years and over,Estimate,Seasonally adjusted,Percent,239,units,0,v2064327,9.7.1.1.1.1,4,,,,1
2013-04,Saskatchewan,2021A000247,Unemployment rate,Total - Gender,15 years and over,Estimate,Seasonally adjusted,Percent,239,units,0,v2064327,9.7.1.1.1.1,4.3,,,,1
2013-05,Saskatchewan,2021A000247,Unemployment rate,Total - Gender,15 years and over,Estimate,Seasonally adjusted,Percent,239,units,0,v2064327,9.7.1.1.1.1,4.6,,,,1
2013-06,Saskatchewan,2021A000247,Unemployment rate,Total - Gender,15 years and over,Estimate,Seasonally adjusted,Percent,239,units,0,v2064327,9.7.1.1.1.1,4,,,,1
2013-07,Saskatchewan,2021A000247,Unemployment rate,Total - Gender,15 years and over,Estimate,Seasonally adjusted,Percent,239,units,0,v2064327,9.7.1.1.1.1,4.4,,,,1
2013-08,Saskatchewan,2021A000247,Unemployment rate,Total - Gender,15 years and over,Estimate,Seasonally adjusted,Percent,239,units,0,v2064327,9.7.1.1.1.1,4.2,,,,1
2013-09,Saskatchewan,2021A000247,Unemployment rate,Total - Gender,15 years and over,Estimate,Seasonally adjusted,Percent,239,units,0,v2064327,9.7.1.1.1.1,4.3,,,,1
2013-10,Saskatchewan,2021A000247,Unemployment rate,Total - Gender,15 years and over,Estimate,Seasonally adjusted,Percent,239,units,0,v2064327,9.7.1.1.1.1,3.9,,,,1
2013-11,Saskatchewan,2021A000247,Unemployment rate,Total - Gender,15 years and over,Estimate,Seasonally adjusted,Percent,239,units,0,v2064327,9.7.1.1.1.1,4.2,,,,1
2013-12,Saskatchewan,2021A000247,Unemployment rate,Total - Gender,15 years and over,Estimate,Seasonally adjusted,Percent,239,units,0,v2064327,9.7.1.1.1.1,4.4,,,,1
2014-01,Saskatchewan,2021A000247,Unemployment rate,Total - Gender,15 years and over,Estimate,Seasonally adjusted,Percent,239,units,0,v2064327,9.7.1.1.1.1,4.5,,,,1
2014-02,Saskatchewan,2021A000247,Unemployment rate,Total - Gender,15 years and over,Estimate,Seasonally adjusted,Percent,239,units,0,v2064327,9.7.1.1.1.1,3.9,,,,1
2014-03,Saskatchewan,2021A000247,Unemployment rate,Total - Gender,15 years and over,Estimate,Seasonally adjusted,Percent,239,units,0,v2064327,9.7.1.1.1.1,4.4,,,,1
2014-04,Saskatchewan,2021A000247,Unemployment rate,Total - Gender,15 years and over,Estimate,Seasonally adjusted,Percent,239,units,0,v2064327,9.7.1.1.1.1,3.5,,,,1
2014-05,Saskatchewan,2021A000247,Unemployment rate,Total - Gender,15 years and over,Estimate,Seasonally adjusted,Percent,239,units,0,v2064327,9.7.1.1.1.1,3.8,,,,1
2014-06,Saskatchewan,2021A000247,Unemployment rate,Total - Gender,15 years and over,Estimate,Seasonally adjusted,Percent,239,units,0,v2064327,9.7.1.1.1.1,4,,,,1
2014-07,Saskatchewan,2021A000247,Unemployment rate,Total - Gender,15 years and over,Estimate,Seasonally adjusted,Percent,239,units,0,v2064327,9.7.1.1.1.1,3.4,,,,1
2014-08,Saskatchewan,2021A000247,Unemployment rate,Total - Gender,15 years and over,Estimate,Seasonally adjusted,Percent,239,units,0,v2064327,9.7.1.1.1.1,4.4,,,,1
2014-09,Saskatchewan,2021A000247,Unemployment rate,Total - Gender,15 years and over,Estimate,Seasonally adjusted,Percent,239,units,0,v2064327,9.7.1.1.1.1,3.7,,,,1
2014-10,Saskatchewan,2021A000247,Unemployment rate,Total - Gender,15 years and over,Estimate,Seasonally adjusted,Percent,239,units,0,v2064327,9.7.1.1.1.1,3.8,,,,1
2014-11,Saskatchewan,2021A000247,Unemployment rate,Total - Gender,15 years and over,Estimate,Seasonally adjusted,Percent,239,units,0,v2064327,9.7.1.1.1.1,3.7,,,,1
2014-12,Saskatchewan,2021A000247,Unemployment rate,Total - Gender,15 years and over,Estimate,Seasonally adjusted,Percent,239,units,0,v2064327,9.7.1.1.1.1,3.7,,,,1
2015-01,Saskatchewan,2021A000247,Unemployment rate,Total - Gender,15 years and over,Estimate,Seasonally adjusted,Percent,239,units,0,v2064327,9.7.1.1.1.1,4.8,,,,1
2015-02,Saskatchewan,2021A000247,Unemployment rate,Total - Gender,15 years and over,Estimate,Seasonally adjusted,Percent,239,units,0,v2064327,9.7.1.1.1.1,5.1,,,,1
2015-03,Saskatchewan,2021A000247,Unemployment rate,Total - Gender,15 years and over,Estimate,Seasonally adjusted,Percent,239,units,0,v2064327,9.7.1.1.1.1,4.4,,,,1
2015-04,Saskatchewan,2021A000247,Unemployment rate,Total - Gender,15 years and over,Estimate,Seasonally adjusted,Percent,239,units,0,v2064327,9.7.1.1.1.1,4.4,,,,1
2015-05,Saskatchewan,2021A000247,Unemployment rate,Total - Gender,15 years and over,Estimate,Seasonally adjusted,Percent,239,units,0,v2064327,9.7.1.1.1.1,5,,,,1
2015-06,Saskatchewan,2021A000247,Unemployment rate,Total - Gender,15 years and over,Estimate,Seasonally adjusted,Percent,239,units,0,v2064327,9.7.1.1.1.1,4.8,,,,1
2015-07,Saskatchewan,2021A000247,Unemployment rate,Total - Gender,15 years and over,Estimate,Seasonally adjusted,Percent,239,units,0,v2064327,9.7.1.1.1.1,5.5,,,,1
2015-08,Saskatchewan,2021A000247,Unemployment rate,Total - Gender,15 years and over,Estimate,Seasonally adjusted,Percent,239,units,0,v2064327,9.7.1.1.1.1,5.2,,,,1
2015-09,Saskatchewan,2021A000247,Unemployment rate,Total - Gender,15 years and over,Estimate,Seasonally adjusted,Percent,239,units,0,v2064327,9.7.1.1.1.1,5.3,,,,1
2015-10,Saskatchewan,2021A000247,Unemployment rate,Total - Gender,15 years and over,Estimate,Seasonally adjusted,Percent,239,units,0,v2064327,9.7.1.1.1.1,5.9,,,,1
2015-11,Saskatchewan,2021A000247,Unemployment rate,Total - Gender,15 years and over,Estimate,Seasonally adjusted,Percent,239,units,0,v2064327,9.7.1.1.1.1,5.9,,,,1
2015-12,Saskatchewan,2021A000247,Unemployment rate,Total - Gender,15 years and over,Estimate,Seasonally adjusted,Percent,239,units,0,v2064327,9.7.1.1.1.1,6,,,,1
2016-01,Saskatchewan,2021A000247,Unemployment rate,Total - Gender,15 years and over,Estimate,Seasonally adjusted,Percent,239,units,0,v2064327,9.7.1.1.1.1,5.9,,,,1
2016-02,Saskatchewan,2021A000247,Unemployment rate,Total - Gender,15 years and over,Estimate,Seasonally adjusted,Percent,239,units,0,v2064327,9.7.1.1.1.1,6.1,,,,1
2016-03,Saskatchewan,2021A000247,Unemployment rate,Total - Gender,15 years and over,Estimate,Seasonally adjusted,Percent,239,units,0,v2064327,9.7.1.1.1.1,6.3,,,,1
2016-04,Saskatchewan,2021A000247,Unemployment rate,Total - Gender,15 years and over,Estimate,Seasonally adjusted,Percent,239,units,0,v2064327,9.7.1.1.1.1,6.7,,,,1
2016-05,Saskatchewan,2021A000247,Unemployment rate,Total - Gender,15 years and over,Estimate,Seasonally adjusted,Percent,239,units,0,v2064327,9.7.1.1.1.1,6.1,,,,1
2016-06,Saskatchewan,2021A000247,Unemployment rate,Total - Gender,15 years and over,Estimate,Seasonally adjusted,Percent,239,units,0,v2064327,9.7.1.1.1.1,6.4,,,,1
2016-07,Saskatchewan,2021A000247,Unemployment rate,Total - Gender,15 years and over,Estimate,Seasonally adjusted,Percent,239,units,0,v2064327,9.7.1.1.1.1,6.2,,,,1
2016-08,Saskatchewan,2021A000247,Unemployment rate,Total - Gender,15 years and over,Estimate,Seasonally adjusted,Percent,239,units,0,v2064327,9.7.1.1.1.1,6.4,,,,1
2016-09,Saskatchewan,2021A000247,Unemployment rate,Total - Gender,15 years and over,Estimate,Seasonally adjusted,Percent,239,units,0,v2064327,9.7.1.1.1.1,6.8,,,,1
2016-10,Saskatchewan,2021A000247,Unemployment rate,Total - Gender,15 years and over,Estimate,Seasonally adjusted,Percent,239,units,0,v2064327,9.7.1.1.1.1,7,,,,1
2016-11,Saskatchewan,2021A000247,Unemployment rate,Total - Gender,15 years and over,Estimate,Seasonally adjusted,Percent,239,units,0,v2064327,9.7.1.1.1.1,7.1,,,,1
2016-12,Saskatchewan,2021A000247,Unemployment rate,Total - Gender,15 years and over,Estimate,Seasonally adjusted,Percent,239,units,0,v2064327,9.7.1.1.1.1,6.4,,,,1
2017-01,Saskatchewan,2021A000247,Unemployment rate,Total - Gender,15 years and over,Estimate,Seasonally adjusted,Percent,239,units,0,v2064327,9.7.1.1.1.1,6.9,,,,1
2017-02,Saskatchewan,2021A000247,Unemployment rate,Total - Gender,15 years and over,Estimate,Seasonally adjusted,Percent,239,units,0,v2064327,9.7.1.1.1.1,6.2,,,,1
2017-03,Saskatchewan,2021A000247,Unemployment rate,Total - Gender,15 years and over,Estimate,Seasonally adjusted,Percent,239,units,0,v2064327,9.7.1.1.1.1,6.3,,,,1
2017-04,Saskatchewan,2021A000247,Unemployment rate,Total - Gender,15 years and over,Estimate,Seasonally adjusted,Percent,239,units,0,v2064327,9.7.1.1.1.1,6.2,,,,1
2017-05,Saskatchewan,2021A000247,Unemployment rate,Total - Gender,15 years and over,Estimate,Seasonally adjusted,Percent,239,units,0,v2064327,9.7.1.1.1.1,6.6,,,,1
2017-06,Saskatchewan,2021A000247,Unemployment rate,Total - Gender,15 years and over,Estimate,Seasonally adjusted,Percent,239,units,0,v2064327,9.7.1.1.1.1,6.4,,,,1
2017-07,Saskatchewan,2021A000247,Unemployment rate,Total - Gender,15 years and over,Estimate,Seasonally adjusted,Percent,239,units,0,v2064327,9.7.1.1.1.1,6.8,,,,1
2017-08,Saskatchewan,2021A000247,Unemployment rate,Total - Gender,15 years and over,Estimate,Seasonally adjusted,Percent,239,units,0,v2064327,9.7.1.1.1.1,6.2,,,,1
2017-09,Saskatchewan,2021A000247,Unemployment rate,Total - Gender,15 years and over,Estimate,Seasonally adjusted,Percent,239,units,0,v2064327,9.7.1.1.1.1,6.3,,,,1
2017-10,Saskatchewan,2021A000247,Unemployment rate,Total - Gender,15 years and over,Estimate,Seasonally adjusted,Percent,239,units,0,v2064327,9.7.1.1.1.1,6.2,,,,1
2017-11,Saskatchewan,2021A000247,Unemployment rate,Total - Gender,15 years and over,Estimate,Seasonally adjusted,Percent,239,units,0,v2064327,9.7.1.1.1.1,6.4,,,,1
2017-12,Saskatchewan,2021A000247,Unemployment rate,Total - Gender,15 years and over,Estimate,Seasonally adjusted,Percent,239,units,0,v2064327,9.7.1.1.1.1,6.5,,,,1
2018-01,Saskatchewan,2021A000247,Unemployment rate,Total - Gender,15 years and over,Estimate,Seasonally adjusted,Percent,239,units,0,v2064327,9.7.1.1.1.1,5.8,,,,1
2018-02,Saskatchewan,2021A000247,Unemployment rate,Total - Gender,15 years and over,Estimate,Seasonally adjusted,Percent,239,units,0,v2064327,9.7.1.1.1.1,5.8,,,,1
2018-03,Saskatchewan,2021A000247,Unemployment rate,Total - Gender,15 years and over,Estimate,Seasonally adjusted,Percent,239,units,0,v2064327,9.7.1.1.1.1,6.1,,,,1
2018-04,Saskatchewan,2021A000247,Unemployment rate,Total - Gender,15 years and over,Estimate,Seasonally adjusted,Percent,239,units,0,v2064327,9.7.1.1.1.1,6.2,,,,1
2018-05,Saskatchewan,2021A000247,Unemployment rate,Total - Gender,15 years and over,Estimate,Seasonally adjusted,Percent,239,units,0,v2064327,9.7.1.1.1.1,6.6,,,,1
2018-06,Saskatchewan,2021A000247,Unemployment rate,Total - Gender,15 years and over,Estimate,Seasonally adjusted,Percent,239,units,0,v2064327,9.7.1.1.1.1,6.4,,,,1
2018-07,Saskatchewan,2021A000247,Unemployment rate,Total - Gender,15 years and over,Estimate,Seasonally adjusted,Percent,239,units,0,v2064327,9.7.1.1.1.1,6.3,,,,1
2018-08,Saskatchewan,2021A000247,Unemployment rate,Total - Gender,15 years and over,Estimate,Seasonally adjusted,Percent,239,units,0,v2064327,9.7.1.1.1.1,6.5,,,,1
2018-09,Saskatchewan,2021A000247,Unemployment rate,Total - Gender,15 years and over,Estimate,Seasonally adjusted,Percent,239,units,0,v2064327,9.7.1.1.1.1,6.5,,,,1
2018-10,Saskatchewan,2021A000247,Unemployment rate,Total - Gender,15 years and over,Estimate,Seasonally adjusted,Percent,239,units,0,v2064327,9.7.1.1.1.1,6.3,,,,1
2018-11,Saskatchewan,2021A000247,Unemployment rate,Total - Gender,15 years and over,Estimate,Seasonally adjusted,Percent,239,units,0,v2064327,9.7.1.1.1.1,5.4,,,,1
2018-12,Saskatchewan,2021A000247,Unemployment rate,Total - Gender,15 years and over,Estimate,Seasonally adjusted,Percent,239,units,0,v2064327,9.7.1.1.1.1,5.6,,,,1
2019-01,Saskatchewan,2021A000247,Unemployment rate,Total - Gender,15 years and over,Estimate,Seasonally adjusted,Percent,239,units,0,v2064327,9.7.1.1.1.1,5.5,,,,1
2019-02,Saskatchewan,2021A000247,Unemployment rate,Total - Gender,15 years and over,Estimate,Seasonally adjusted,Percent,239,units,0,v2064327,9.7.1.1.1.1,5.9,,,,1
2019-03,Saskatchewan,2021A000247,Unemployment rate,Total - Gender,15 years and over,Estimate,Seasonally adjusted,Percent,239,units,0,v2064327,9.7.1.1.1.1,5.1,,,,1
2019-04,Saskatchewan,2021A000247,Unemployment rate,Total - Gender,15 years and over,Estimate,Seasonally adjusted,Percent,239,units,0,v2064327,9.7.1.1.1.1,5.4,,,,1
2019-05,Saskatchewan,2021A000247,Unemployment rate,Total - Gender,15 years and over,Estimate,Seasonally adjusted,Percent,239,units,0,v2064327,9.7.1.1.1.1,5.3,,,,1
2019-06,Saskatchewan,2021A000247,Unemployment rate,Total - Gender,15 years and over,Estimate,Seasonally adjusted,Percent,239,units,0,v2064327,9.7.1.1.1.1,5.1,,,,1
2019-07,Saskatchewan,2021A000247,Unemployment rate,Total - Gender,15 years and over,Estimate,Seasonally adjusted,Percent,239,units,0,v2064327,9.7.1.1.1.1,5.6,,,,1
2019-08,Saskatchewan,2021A000247,Unemployment rate,Total - Gender,15 years and over,Estimate,Seasonally adjusted,Percent,239,units,0,v2064327,9.7.1.1.1.1,5.3,,,,1
2019-09,Saskatchewan,2021A000247,Unemployment rate,Total - Gender,15 years and over,Estimate,Seasonally adjusted,Percent,239,units,0,v2064327,9.7.1.1.1.1,5.5,,,,1
2019-10,Saskatchewan,2021A000247,Unemployment rate,Total - Gender,15 years and over,Estimate,Seasonally adjusted,Percent,239,units,0,v2064327,9.7.1.1.1.1,5.3,,,,1
2019-11,Saskatchewan,2021A000247,Unemployment rate,Total - Gender,15 years and over,Estimate,Seasonally adjusted,Percent,239,units,0,v2064327,9.7.1.1.1.1,6.4,,,,1
2019-12,Saskatchewan,2021A000247,Unemployment rate,Total - Gender,15 years and over,Estimate,Seasonally adjusted,Percent,239,units,0,v2064327,9.7.1.1.1.1,6.2,,,,1
2020-01,Saskatchewan,2021A000247,Unemployment rate,Total - Gender,15 years and over,Estimate,Seasonally adjusted,Percent,239,units,0,v2064327,9.7.1.1.1.1,5.9,,,,1
2020-02,Saskatchewan,2021A000247,Unemployment rate,Total - Gender,15 years and over,Estimate,Seasonally adjusted,Percent,239,units,0,v2064327,9.7.1.1.1.1,6.6,,,,1
2020-03,Saskatchewan,2021A000247,Unemployment rate,Total - Gender,15 years and over,Estimate,Seasonally adjusted,Percent,239,units,0,v2064327,9.7.1.1.1.1,7.3,,,,1
2020-04,Saskatchewan,2021A000247,Unemployment rate,Total - Gender,15 years and over,Estimate,Seasonally adjusted,Percent,239,units,0,v2064327,9.7.1.1.1.1,11.1,,,,1
2020-05,Saskatchewan,2021A000247,Unemployment rate,Total - Gender,15 years and over,Estimate,Seasonally adjusted,Percent,239,units,0,v2064327,9.7.1.1.1.1,12.2,,,,1
2020-06,Saskatchewan,2021A000247,Unemployment rate,Total - Gender,15 years and over,Estimate,Seasonally adjusted,Percent,239,units,0,v2064327,9.7.1.1.1.1,11.2,,,,1
2020-07,Saskatchewan,2021A000247,Unemployment rate,Total - Gender,15 years and over,Estimate,Seasonally adjusted,Percent,239,units,0,v2064327,9.7.1.1.1.1,9.2,,,,1
2020-08,Saskatchewan,2021A000247,Unemployment rate,Total - Gender,15 years and over,Estimate,Seasonally adjusted,Percent,239,units,0,v2064327,9.7.1.1.1.1,8,,,,1
2020-09,Saskatchewan,2021A000247,Unemployment rate,Total - Gender,15 years and over,Estimate,Seasonally adjusted,Percent,239,units,0,v2064327,9.7.1.1.1.1,6.9,,,,1
2020-10,Saskatchewan,2021A000247,Unemployment rate,Total - Gender,15 years and over,Estimate,Seasonally adjusted,Percent,239,units,0,v2064327,9.7.1.1.1.1,6.7,,,,1
2020-11,Saskatchewan,2021A000247,Unemployment rate,Total - Gender,15 years and over,Estimate,Seasonally adjusted,Percent,239,units,0,v2064327,9.7.1.1.1.1,7.2,,,,1
2020-12,Saskatchewan,2021A000247,Unemployment rate,Total - Gender,15 years and over,Estimate,Seasonally adjusted,Percent,239,units,0,v2064327,9.7.1.1.1.1,7.5,,,,1
2021-01,Saskatchewan,2021A000247,Unemployment rate,Total - Gender,15 years and over,Estimate,Seasonally adjusted,Percent,239,units,0,v2064327,9.7.1.1.1.1,7,,,,1
2021-02,Saskatchewan,2021A000247,Unemployment rate,Total - Gender,15 years and over,Estimate,Seasonally adjusted,Percent,239,units,0,v2064327,9.7.1.1.1.1,7.2,,,,1
2021-03,Saskatchewan,2021A000247,Unemployment rate,Total - Gender,15 years and over,Estimate,Seasonally adjusted,Percent,239,units,0,v2064327,9.7.1.1.1.1,7,,,,1
2021-04,Saskatchewan,2021A000247,Unemployment rate,Total - Gender,15 years and over,Estimate,Seasonally adjusted,Percent,239,units,0,v2064327,9.7.1.1.1.1,6.3,,,,1
2021-05,Saskatchewan,2021A000247,Unemployment rate,Total - Gender,15 years and over,Estimate,Seasonally adjusted,Percent,239,units,0,v2064327,9.7.1.1.1.1,6.5,,,,1
2021-06,Saskatchewan,2021A000247,Unemployment rate,Total - Gender,15 years and over,Estimate,Seasonally adjusted,Percent,239,units,0,v2064327,9.7.1.1.1.1,6.9,,,,1
2021-07,Saskatchewan,2021A000247,Unemployment rate,Total - Gender,15 years and over,Estimate,Seasonally adjusted,Percent,239,units,0,v2064327,9.7.1.1.1.1,6.8,,,,1
2021-08,Saskatchewan,2021A000247,Unemployment rate,Total - Gender,15 years and over,Estimate,Seasonally adjusted,Percent,239,units,0,v2064327,9.7.1.1.1.1,6.7,,,,1
2021-09,Saskatchewan,2021A000247,Unemployment rate,Total - Gender,15 years and over,Estimate,Seasonally adjusted,Percent,239,units,0,v2064327,9.7.1.1.1.1,6.4,,,,1
2021-10,Saskatchewan,2021A000247,Unemployment rate,Total - Gender,15 years and over,Estimate,Seasonally adjusted,Percent,239,units,0,v2064327,9.7.1.1.1.1,5.9,,,,1
2021-11,Saskatchewan,2021A000247,Unemployment rate,Total - Gender,15 years and over,Estimate,Seasonally adjusted,Percent,239,units,0,v2064327,9.7.1.1.1.1,5.5,,,,1
2021-12,Saskatchewan,2021A000247,Unemployment rate,Total - Gender,15 years and over,Estimate,Seasonally adjusted,Percent,239,units,0,v2064327,9.7.1.1.1.1,5.6,,,,1
2022-01,Saskatchewan,2021A000247,Unemployment rate,Total - Gender,15 years and over,Estimate,Seasonally adjusted,Percent,239,units,0,v2064327,9.7.1.1.1.1,5.4,,,,1
2022-02,Saskatchewan,2021A000247,Unemployment rate,Total - Gender,15 years and over,Estimate,Seasonally adjusted,Percent,239,units,0,v2064327,9.7.1.1.1.1,4.6,,,,1
2022-03,Saskatchewan,2021A000247,Unemployment rate,Total - Gender,15 years and over,Estimate,Seasonally adjusted,Percent,239,units,0,v2064327,9.7.1.1.1.1,4.9,,,,1
2022-04,Saskatchewan,2021A000247,Unemployment rate,Total - Gender,15 years and over,Estimate,Seasonally adjusted,Percent,239,units,0,v2064327,9.7.1.1.1.1,5.2,,,,1
2022-05,Saskatchewan,2021A000247,Unemployment rate,Total - Gender,15 years and over,Estimate,Seasonally adjusted,Percent,239,units,0,v2064327,9.7.1.1.1.1,4.6,,,,1
2022-06,Saskatchewan,2021A000247,Unemployment rate,Total - Gender,15 years and over,Estimate,Seasonally adjusted,Percent,239,units,0,v2064327,9.7.1.1.1.1,4,,,,1
2022-07,Saskatchewan,2021A000247,Unemployment rate,Total - Gender,15 years and over,Estimate,Seasonally adjusted,Percent,239,units,0,v2064327,9.7.1.1.1.1,4.1,,,,1
2022-08,Saskatchewan,2021A000247,Unemployment rate,Total - Gender,15 years and over,Estimate,Seasonally adjusted,Percent,239,units,0,v2064327,9.7.1.1.1.1,4.5,,,,1
2022-09,Saskatchewan,2021A000247,Unemployment rate,Total - Gender,15 years and over,Estimate,Seasonally adjusted,Percent,239,units,0,v2064327,9.7.1.1.1.1,4.3,,,,1
2022-10,Saskatchewan,2021A000247,Unemployment rate,Total - Gender,15 years and over,Estimate,Seasonally adjusted,Percent,239,units,0,v2064327,9.7.1.1.1.1,4.9,,,,1
2022-11,Saskatchewan,2021A000247,Unemployment rate,Total - Gender,15 years and over,Estimate,Seasonally adjusted,Percent,239,units,0,v2064327,9.7.1.1.1.1,4.4,,,,1
2022-12,Saskatchewan,2021A000247,Unemployment rate,Total - Gender,15 years and over,Estimate,Seasonally adjusted,Percent,239,units,0,v2064327,9.7.1.1.1.1,4.3,,,,1
2023-01,Saskatchewan,2021A000247,Unemployment rate,Total - Gender,15 years and over,Estimate,Seasonally adjusted,Percent,239,units,0,v2064327,9.7.1.1.1.1,4.3,,,,1
2023-02,Saskatchewan,2021A000247,Unemployment rate,Total - Gender,15 years and over,Estimate,Seasonally adjusted,Percent,239,units,0,v2064327,9.7.1.1.1.1,4.4,,,,1
2023-03,Saskatchewan,2021A000247,Unemployment rate,Total - Gender,15 years and over,Estimate,Seasonally adjusted,Percent,239,units,0,v2064327,9.7.1.1.1.1,4.6,,,,1
2023-04,Saskatchewan,2021A000247,Unemployment rate,Total - Gender,15 years and over,Estimate,Seasonally adjusted,Percent,239,units,0,v2064327,9.7.1.1.1.1,4.5,,,,1
2023-05,Saskatchewan,2021A000247,Unemployment rate,Total - Gender,15 years and over,Estimate,Seasonally adjusted,Percent,239,units,0,v2064327,9.7.1.1.1.1,4.3,,,,1
2023-06,Saskatchewan,2021A000247,Unemployment rate,Total - Gender,15 years and over,Estimate,Seasonally adjusted,Percent,239,units,0,v2064327,9.7.1.1.1.1,4.9,,,,1
2023-07,Saskatchewan,2021A000247,Unemployment rate,Total - Gender,15 years and over,Estimate,Seasonally adjusted,Percent,239,units,0,v2064327,9.7.1.1.1.1,5.2,,,,1
2023-08,Saskatchewan,2021A000247,Unemployment rate,Total - Gender,15 years and over,Estimate,Seasonally adjusted,Percent,239,units,0,v2064327,9.7.1.1.1.1,5.3,,,,1
2023-09,Saskatchewan,2021A000247,Unemployment rate,Total - Gender,15 years and over,Estimate,Seasonally adjusted,Percent,239,units,0,v2064327,9.7.1.1.1.1,4.9,,,,1
2023-10,Saskatchewan,2021A000247,Unemployment rate,Total - Gender,15 years and over,Estimate,Seasonally adjusted,Percent,239,units,0,v2064327,9.7.1.1.1.1,4.3,,,,1
2023-11,Saskatchewan,2021A000247,Unemployment rate,Total - Gender,15 years and over,Estimate,Seasonally adjusted,Percent,239,units,0,v2064327,9.7.1.1.1.1,4.9,,,,1
2023-12,Saskatchewan,2021A000247,Unemployment rate,Total - Gender,15 years and over,Estimate,Seasonally adjusted,Percent,239,units,0,v2064327,9.7.1.1.1.1,5,,,,1
1998-01,Alberta,2021A000248,Unemployment rate,Total - Gender,15 years and over,Estimate,Seasonally adjusted,Percent,239,units,0,v2064516,10.7.1.1.1.1,5.3,,,,1
1998-02,Alberta,2021A000248,Unemployment rate,Total - Gender,15 years and over,Estimate,Seasonally adjusted,Percent,239,units,0,v2064516,10.7.1.1.1.1,5.3,,,,1
1998-03,Alberta,2021A000248,Unemployment rate,Total - Gender,15 years and over,Estimate,Seasonally adjusted,Percent,239,units,0,v2064516,10.7.1.1.1.1,5.4,,,,1
1998-04,Alberta,2021A000248,Unemployment rate,Total - Gender,15 years and over,Estimate,Seasonally adjusted,Percent,239,units,0,v2064516,10.7.1.1.1.1,5.1,,,,1
1998-05,Alberta,2021A000248,Unemployment rate,Total - Gender,15 years and over,Estimate,Seasonally adjusted,Percent,239,units,0,v2064516,10.7.1.1.1.1,5.4,,,,1
1998-06,Alberta,2021A000248,Unemployment rate,Total - Gender,15 years and over,Estimate,Seasonally adjusted,Percent,239,units,0,v2064516,10.7.1.1.1.1,5.5,,,,1
1998-07,Alberta,2021A000248,Unemployment rate,Total - Gender,15 years and over,Estimate,Seasonally adjusted,Percent,239,units,0,v2064516,10.7.1.1.1.1,5.3,,,,1
1998-08,Alberta,2021A000248,Unemployment rate,Total - Gender,15 years and over,Estimate,Seasonally adjusted,Percent,239,units,0,v2064516,10.7.1.1.1.1,5.3,,,,1
1998-09,Alberta,2021A000248,Unemployment rate,Total - Gender,15 years and over,Estimate,Seasonally adjusted,Percent,239,units,0,v2064516,10.7.1.1.1.1,6.2,,,,1
1998-10,Alberta,2021A000248,Unemployment rate,Total - Gender,15 years and over,Estimate,Seasonally adjusted,Percent,239,units,0,v2064516,10.7.1.1.1.1,6.2,,,,1
1998-11,Alberta,2021A000248,Unemployment rate,Total - Gender,15 years and over,Estimate,Seasonally adjusted,Percent,239,units,0,v2064516,10.7.1.1.1.1,6.1,,,,1
1998-12,Alberta,2021A000248,Unemployment rate,Total - Gender,15 years and over,Estimate,Seasonally adjusted,Percent,239,units,0,v2064516,10.7.1.1.1.1,5.9,,,,1
1999-01,Alberta,2021A000248,Unemployment rate,Total - Gender,15 years and over,Estimate,Seasonally adjusted,Percent,239,units,0,v2064516,10.7.1.1.1.1,5.9,,,,1
1999-02,Alberta,2021A000248,Unemployment rate,Total - Gender,15 years and over,Estimate,Seasonally adjusted,Percent,239,units,0,v2064516,10.7.1.1.1.1,5.9,,,,1
1999-03,Alberta,2021A000248,Unemployment rate,Total - Gender,15 years and over,Estimate,Seasonally adjusted,Percent,239,units,0,v2064516,10.7.1.1.1.1,5.7,,,,1
1999-04,Alberta,2021A000248,Unemployment rate,Total - Gender,15 years and over,Estimate,Seasonally adjusted,Percent,239,units,0,v2064516,10.7.1.1.1.1,5.7,,,,1
1999-05,Alberta,2021A000248,Unemployment rate,Total - Gender,15 years and over,Estimate,Seasonally adjusted,Percent,239,units,0,v2064516,10.7.1.1.1.1,6.1,,,,1
1999-06,Alberta,2021A000248,Unemployment rate,Total - Gender,15 years and over,Estimate,Seasonally adjusted,Percent,239,units,0,v2064516,10.7.1.1.1.1,5.4,,,,1
1999-07,Alberta,2021A000248,Unemployment rate,Total - Gender,15 years and over,Estimate,Seasonally adjusted,Percent,239,units,0,v2064516,10.7.1.1.1.1,5.5,,,,1
1999-08,Alberta,2021A000248,Unemployment rate,Total - Gender,15 years and over,Estimate,Seasonally adjusted,Percent,239,units,0,v2064516,10.7.1.1.1.1,5.8,,,,1
1999-09,Alberta,2021A000248,Unemployment rate,Total - Gender,15 years and over,Estimate,Seasonally adjusted,Percent,239,units,0,v2064516,10.7.1.1.1.1,5.9,,,,1
1999-10,Alberta,2021A000248,Unemployment rate,Total - Gender,15 years and over,Estimate,Seasonally adjusted,Percent,239,units,0,v2064516,10.7.1.1.1.1,5.2,,,,1
1999-11,Alberta,2021A000248,Unemployment rate,Total - Gender,15 years and over,Estimate,Seasonally adjusted,Percent,239,units,0,v2064516,10.7.1.1.1.1,5.4,,,,1
1999-12,Alberta,2021A000248,Unemployment rate,Total - Gender,15 years and over,Estimate,Seasonally adjusted,Percent,239,units,0,v2064516,10.7.1.1.1.1,5.5,,,,1
2000-01,Alberta,2021A000248,Unemployment rate,Total - Gender,15 years and over,Estimate,Seasonally adjusted,Percent,239,units,0,v2064516,10.7.1.1.1.1,5,,,,1
2000-02,Alberta,2021A000248,Unemployment rate,Total - Gender,15 years and over,Estimate,Seasonally adjusted,Percent,239,units,0,v2064516,10.7.1.1.1.1,4.9,,,,1
2000-03,Alberta,2021A000248,Unemployment rate,Total - Gender,15 years and over,Estimate,Seasonally adjusted,Percent,239,units,0,v2064516,10.7.1.1.1.1,5.1,,,,1
2000-04,Alberta,2021A000248,Unemployment rate,Total - Gender,15 years and over,Estimate,Seasonally adjusted,Percent,239,units,0,v2064516,10.7.1.1.1.1,4.9,,,,1
2000-05,Alberta,2021A000248,Unemployment rate,Total - Gender,15 years and over,Estimate,Seasonally adjusted,Percent,239,units,0,v2064516,10.7.1.1.1.1,4.8,,,,1
2000-06,Alberta,2021A000248,Unemployment rate,Total - Gender,15 years and over,Estimate,Seasonally adjusted,Percent,239,units,0,v2064516,10.7.1.1.1.1,4.9,,,,1
2000-07,Alberta,2021A000248,Unemployment rate,Total - Gender,15 years and over,Estimate,Seasonally adjusted,Percent,239,units,0,v2064516,10.7.1.1.1.1,5.2,,,,1
2000-08,Alberta,2021A000248,Unemployment rate,Total - Gender,15 years and over,Estimate,Seasonally adjusted,Percent,239,units,0,v2064516,10.7.1.1.1.1,5.3,,,,1
2000-09,Alberta,2021A000248,Unemployment rate,Total - Gender,15 years and over,Estimate,Seasonally adjusted,Percent,239,units,0,v2064516,10.7.1.1.1.1,4.8,,,,1
2000-10,Alberta,2021A000248,Unemployment rate,Total - Gender,15 years and over,Estimate,Seasonally adjusted,Percent,239,units,0,v2064516,10.7.1.1.1.1,4.7,,,,1
2000-11,Alberta,2021A000248,Unemployment rate,Total - Gender,15 years and over,Estimate,Seasonally adjusted,Percent,239,units,0,v2064516,10.7.1.1.1.1,5,,,,1
2000-12,Alberta,2021A000248,Unemployment rate,Total - Gender,15 years and over,Estimate,Seasonally adjusted,Percent,239,units,0,v2064516,10.7.1.1.1.1,5,,,,1
2001-01,Alberta,2021A000248,Unemployment rate,Total - Gender,15 years and over,Estimate,Seasonally adjusted,Percent,239,units,0,v2064516,10.7.1.1.1.1,5.2,,,,1
2001-02,Alberta,2021A000248,Unemployment rate,Total - Gender,15 years and over,Estimate,Seasonally adjusted,Percent,239,units,0,v2064516,10.7.1.1.1.1,4.8,,,,1
2001-03,Alberta,2021A000248,Unemployment rate,Total - Gender,15 years and over,Estimate,Seasonally adjusted,Percent,239,units,0,v2064516,10.7.1.1.1.1,4.9,,,,1
2001-04,Alberta,2021A000248,Unemployment rate,Total - Gender,15 years and over,Estimate,Seasonally adjusted,Percent,239,units,0,v2064516,10.7.1.1.1.1,5,,,,1
2001-05,Alberta,2021A000248,Unemployment rate,Total - Gender,15 years and over,Estimate,Seasonally adjusted,Percent,239,units,0,v2064516,10.7.1.1.1.1,4.6,,,,1
2001-06,Alberta,2021A000248,Unemployment rate,Total - Gender,15 years and over,Estimate,Seasonally adjusted,Percent,239,units,0,v2064516,10.7.1.1.1.1,4.6,,,,1
2001-07,Alberta,2021A000248,Unemployment rate,Total - Gender,15 years and over,Estimate,Seasonally adjusted,Percent,239,units,0,v2064516,10.7.1.1.1.1,4.7,,,,1
2001-08,Alberta,2021A000248,Unemployment rate,Total - Gender,15 years and over,Estimate,Seasonally adjusted,Percent,239,units,0,v2064516,10.7.1.1.1.1,4.4,,,,1
2001-09,Alberta,2021A000248,Unemployment rate,Total - Gender,15 years and over,Estimate,Seasonally adjusted,Percent,239,units,0,v2064516,10.7.1.1.1.1,4.1,,,,1
2001-10,Alberta,2021A000248,Unemployment rate,Total - Gender,15 years and over,Estimate,Seasonally adjusted,Percent,239,units,0,v2064516,10.7.1.1.1.1,4.6,,,,1
2001-11,Alberta,2021A000248,Unemployment rate,Total - Gender,15 years and over,Estimate,Seasonally adjusted,Percent,239,units,0,v2064516,10.7.1.1.1.1,4.5,,,,1
2001-12,Alberta,2021A000248,Unemployment rate,Total - Gender,15 years and over,Estimate,Seasonally adjusted,Percent,239,units,0,v2064516,10.7.1.1.1.1,5.3,,,,1
2002-01,Alberta,2021A000248,Unemployment rate,Total - Gender,15 years and over,Estimate,Seasonally adjusted,Percent,239,units,0,v2064516,10.7.1.1.1.1,4.9,,,,1
2002-02,Alberta,2021A000248,Unemployment rate,Total - Gender,15 years and over,Estimate,Seasonally adjusted,Percent,239,units,0,v2064516,10.7.1.1.1.1,5.4,,,,1
2002-03,Alberta,2021A000248,Unemployment rate,Total - Gender,15 years and over,Estimate,Seasonally adjusted,Percent,239,units,0,v2064516,10.7.1.1.1.1,5.4,,,,1
2002-04,Alberta,2021A000248,Unemployment rate,Total - Gender,15 years and over,Estimate,Seasonally adjusted,Percent,239,units,0,v2064516,10.7.1.1.1.1,5.6,,,,1
2002-05,Alberta,2021A000248,Unemployment rate,Total - Gender,15 years and over,Estimate,Seasonally adjusted,Percent,239,units,0,v2064516,10.7.1.1.1.1,6.1,,,,1
2002-06,Alberta,2021A000248,Unemployment rate,Total - Gender,15 years and over,Estimate,Seasonally adjusted,Percent,239,units,0,v2064516,10.7.1.1.1.1,5.5,,,,1
2002-07,Alberta,2021A000248,Unemployment rate,Total - Gender,15 years and over,Estimate,Seasonally adjusted,Percent,239,units,0,v2064516,10.7.1.1.1.1,5.4,,,,1
2002-08,Alberta,2021A000248,Unemployment rate,Total - Gender,15 years and over,Estimate,Seasonally adjusted,Percent,239,units,0,v2064516,10.7.1.1.1.1,4.9,,,,1
2002-09,Alberta,2021A000248,Unemployment rate,Total - Gender,15 years and over,Estimate,Seasonally adjusted,Percent,239,units,0,v2064516,10.7.1.1.1.1,5.6,,,,1
2002-10,Alberta,2021A000248,Unemployment rate,Total - Gender,15 years and over,Estimate,Seasonally adjusted,Percent,239,units,0,v2064516,10.7.1.1.1.1,5.5,,,,1
2002-11,Alberta,2021A000248,Unemployment rate,Total - Gender,15 years and over,Estimate,Seasonally adjusted,Percent,239,units,0,v2064516,10.7.1.1.1.1,5.1,,,,1
2002-12,Alberta,2021A000248,Unemployment rate,Total - Gender,15 years and over,Estimate,Seasonally adjusted,Percent,239,units,0,v2064516,10.7.1.1.1.1,4.9,,,,1
2003-01,Alberta,2021A000248,Unemployment rate,Total - Gender,15 years and over,Estimate,Seasonally adjusted,Percent,239,units,0,v2064516,10.7.1.1.1.1,5.4,,,,1
2003-02,Alberta,2021A000248,Unemployment rate,Total - Gender,15 years and over,Estimate,Seasonally adjusted,Percent,239,units,0,v2064516,10.7.1.1.1.1,5.2,,,,1
2003-03,Alberta,2021A000248,Unemployment rate,Total - Gender,15 years and over,Estimate,Seasonally adjusted,Percent,239,units,0,v2064516,10.7.1.1.1.1,5.5,,,,1
2003-04,Alberta,2021A000248,Unemployment rate,Total - Gender,15 years and over,Estimate,Seasonally adjusted,Percent,239,units,0,v2064516,10.7.1.1.1.1,5.8,,,,1
2003-05,Alberta,2021A000248,Unemployment rate,Total - Gender,15 years and over,Estimate,Seasonally adjusted,Percent,239,units,0,v2064516,10.7.1.1.1.1,5.5,,,,1
2003-06,Alberta,2021A000248,Unemployment rate,Total - Gender,15 years and over,Estimate,Seasonally adjusted,Percent,239,units,0,v2064516,10.7.1.1.1.1,5.2,,,,1
2003-07,Alberta,2021A000248,Unemployment rate,Total - Gender,15 years and over,Estimate,Seasonally adjusted,Percent,239,units,0,v2064516,10.7.1.1.1.1,4.8,,,,1
2003-08,Alberta,2021A000248,Unemployment rate,Total - Gender,15 years and over,Estimate,Seasonally adjusted,Percent,239,units,0,v2064516,10.7.1.1.1.1,5.1,,,,1
2003-09,Alberta,2021A000248,Unemployment rate,Total - Gender,15 years and over,Estimate,Seasonally adjusted,Percent,239,units,0,v2064516,10.7.1.1.1.1,4.7,,,,1
2003-10,Alberta,2021A000248,Unemployment rate,Total - Gender,15 years and over,Estimate,Seasonally adjusted,Percent,239,units,0,v2064516,10.7.1.1.1.1,4.7,,,,1
2003-11,Alberta,2021A000248,Unemployment rate,Total - Gender,15 years and over,Estimate,Seasonally adjusted,Percent,239,units,0,v2064516,10.7.1.1.1.1,4.7,,,,1
2003-12,Alberta,2021A000248,Unemployment rate,Total - Gender,15 years and over,Estimate,Seasonally adjusted,Percent,239,units,0,v2064516,10.7.1.1.1.1,4.7,,,,1
2004-01,Alberta,2021A000248,Unemployment rate,Total - Gender,15 years and over,Estimate,Seasonally adjusted,Percent,239,units,0,v2064516,10.7.1.1.1.1,4.8,,,,1
2004-02,Alberta,2021A000248,Unemployment rate,Total - Gender,15 years and over,Estimate,Seasonally adjusted,Percent,239,units,0,v2064516,10.7.1.1.1.1,5,,,,1
2004-03,Alberta,2021A000248,Unemployment rate,Total - Gender,15 years and over,Estimate,Seasonally adjusted,Percent,239,units,0,v2064516,10.7.1.1.1.1,5,,,,1
2004-04,Alberta,2021A000248,Unemployment rate,Total - Gender,15 years and over,Estimate,Seasonally adjusted,Percent,239,units,0,v2064516,10.7.1.1.1.1,4.4,,,,1
2004-05,Alberta,2021A000248,Unemployment rate,Total - Gender,15 years and over,Estimate,Seasonally adjusted,Percent,239,units,0,v2064516,10.7.1.1.1.1,4.1,,,,1
2004-06,Alberta,2021A000248,Unemployment rate,Total - Gender,15 years and over,Estimate,Seasonally adjusted,Percent,239,units,0,v2064516,10.7.1.1.1.1,4.6,,,,1
2004-07,Alberta,2021A000248,Unemployment rate,Total - Gender,15 years and over,Estimate,Seasonally adjusted,Percent,239,units,0,v2064516,10.7.1.1.1.1,4.6,,,,1
2004-08,Alberta,2021A000248,Unemployment rate,Total - Gender,15 years and over,Estimate,Seasonally adjusted,Percent,239,units,0,v2064516,10.7.1.1.1.1,4.3,,,,1
2004-09,Alberta,2021A000248,Unemployment rate,Total - Gender,15 years and over,Estimate,Seasonally adjusted,Percent,239,units,0,v2064516,10.7.1.1.1.1,4.6,,,,1
2004-10,Alberta,2021A000248,Unemployment rate,Total - Gender,15 years and over,Estimate,Seasonally adjusted,Percent,239,units,0,v2064516,10.7.1.1.1.1,4.7,,,,1
2004-11,Alberta,2021A000248,Unemployment rate,Total - Gender,15 years and over,Estimate,Seasonally adjusted,Percent,239,units,0,v2064516,10.7.1.1.1.1,4.6,,,,1
2004-12,Alberta,2021A000248,Unemployment rate,Total - Gender,15 years and over,Estimate,Seasonally adjusted,Percent,239,units,0,v2064516,10.7.1.1.1.1,4.4,,,,1
2005-01,Alberta,2021A000248,Unemployment rate,Total - Gender,15 years and over,Estimate,Seasonally adjusted,Percent,239,units,0,v2064516,10.7.1.1.1.1,4.4,,,,1
2005-02,Alberta,2021A000248,Unemployment rate,Total - Gender,15 years and over,Estimate,Seasonally adjusted,Percent,239,units,0,v2064516,10.7.1.1.1.1,4.1,,,,1
2005-03,Alberta,2021A000248,Unemployment rate,Total - Gender,15 years and over,Estimate,Seasonally adjusted,Percent,239,units,0,v2064516,10.7.1.1.1.1,3.6,,,,1
2005-04,Alberta,2021A000248,Unemployment rate,Total - Gender,15 years and over,Estimate,Seasonally adjusted,Percent,239,units,0,v2064516,10.7.1.1.1.1,3.9,,,,1
2005-05,Alberta,2021A000248,Unemployment rate,Total - Gender,15 years and over,Estimate,Seasonally adjusted,Percent,239,units,0,v2064516,10.7.1.1.1.1,3.7,,,,1
2005-06,Alberta,2021A000248,Unemployment rate,Total - Gender,15 years and over,Estimate,Seasonally adjusted,Percent,239,units,0,v2064516,10.7.1.1.1.1,3.9,,,,1
2005-07,Alberta,2021A000248,Unemployment rate,Total - Gender,15 years and over,Estimate,Seasonally adjusted,Percent,239,units,0,v2064516,10.7.1.1.1.1,3.5,,,,1
2005-08,Alberta,2021A000248,Unemployment rate,Total - Gender,15 years and over,Estimate,Seasonally adjusted,Percent,239,units,0,v2064516,10.7.1.1.1.1,3.7,,,,1
2005-09,Alberta,2021A000248,Unemployment rate,Total - Gender,15 years and over,Estimate,Seasonally adjusted,Percent,239,units,0,v2064516,10.7.1.1.1.1,3.9,,,,1
2005-10,Alberta,2021A000248,Unemployment rate,Total - Gender,15 years and over,Estimate,Seasonally adjusted,Percent,239,units,0,v2064516,10.7.1.1.1.1,4.1,,,,1
2005-11,Alberta,2021A000248,Unemployment rate,Total - Gender,15 years and over,Estimate,Seasonally adjusted,Percent,239,units,0,v2064516,10.7.1.1.1.1,4.1,,,,1
2005-12,Alberta,2021A000248,Unemployment rate,Total - Gender,15 years and over,Estimate,Seasonally adjusted,Percent,239,units,0,v2064516,10.7.1.1.1.1,4.3,,,,1
2006-01,Alberta,2021A000248,Unemployment rate,Total - Gender,15 years and over,Estimate,Seasonally adjusted,Percent,239,units,0,v2064516,10.7.1.1.1.1,3.9,,,,1
2006-02,Alberta,2021A000248,Unemployment rate,Total - Gender,15 years and over,Estimate,Seasonally adjusted,Percent,239,units,0,v2064516,10.7.1.1.1.1,3.2,,,,1
2006-03,Alberta,2021A000248,Unemployment rate,Total - Gender,15 years and over,Estimate,Seasonally adjusted,Percent,239,units,0,v2064516,10.7.1.1.1.1,3.3,,,,1
2006-04,Alberta,2021A000248,Unemployment rate,Total - Gender,15 years and over,Estimate,Seasonally adjusted,Percent,239,units,0,v2064516,10.7.1.1.1.1,3.4,,,,1
2006-05,Alberta,2021A000248,Unemployment rate,Total - Gender,15 years and over,Estimate,Seasonally adjusted,Percent,239,units,0,v2064516,10.7.1.1.1.1,3.5,,,,1
2006-06,Alberta,2021A000248,Unemployment rate,Total - Gender,15 years and over,Estimate,Seasonally adjusted,Percent,239,units,0,v2064516,10.7.1.1.1.1,3.6,,,,1
2006-07,Alberta,2021A000248,Unemployment rate,Total - Gender,15 years and over,Estimate,Seasonally adjusted,Percent,239,units,0,v2064516,10.7.1.1.1.1,3.5,,,,1
2006-08,Alberta,2021A000248,Unemployment rate,Total - Gender,15 years and over,Estimate,Seasonally adjusted,Percent,239,units,0,v2064516,10.7.1.1.1.1,4,,,,1
2006-09,Alberta,2021A000248,Unemployment rate,Total - Gender,15 years and over,Estimate,Seasonally adjusted,Percent,239,units,0,v2064516,10.7.1.1.1.1,3.6,,,,1
2006-10,Alberta,2021A000248,Unemployment rate,Total - Gender,15 years and over,Estimate,Seasonally adjusted,Percent,239,units,0,v2064516,10.7.1.1.1.1,3.4,,,,1
2006-11,Alberta,2021A000248,Unemployment rate,Total - Gender,15 years and over,Estimate,Seasonally adjusted,Percent,239,units,0,v2064516,10.7.1.1.1.1,3.2,,,,1
2006-12,Alberta,2021A000248,Unemployment rate,Total - Gender,15 years and over,Estimate,Seasonally adjusted,Percent,239,units,0,v2064516,10.7.1.1.1.1,3.7,,,,1
2007-01,Alberta,2021A000248,Unemployment rate,Total - Gender,15 years and over,Estimate,Seasonally adjusted,Percent,239,units,0,v2064516,10.7.1.1.1.1,3.7,,,,1
2007-02,Alberta,2021A000248,Unemployment rate,Total - Gender,15 years and over,Estimate,Seasonally adjusted,Percent,239,units,0,v2064516,10.7.1.1.1.1,3.8,,,,1
2007-03,Alberta,2021A000248,Unemployment rate,Total - Gender,15 years and over,Estimate,Seasonally adjusted,Percent,239,units,0,v2064516,10.7.1.1.1.1,3.7,,,,1
2007-04,Alberta,2021A000248,Unemployment rate,Total - Gender,15 years and over,Estimate,Seasonally adjusted,Percent,239,units,0,v2064516,10.7.1.1.1.1,3.5,,,,1
2007-05,Alberta,2021A000248,Unemployment rate,Total - Gender,15 years and over,Estimate,Seasonally adjusted,Percent,239,units,0,v2064516,10.7.1.1.1.1,4,,,,1
2007-06,Alberta,2021A000248,Unemployment rate,Total - Gender,15 years and over,Estimate,Seasonally adjusted,Percent,239,units,0,v2064516,10.7.1.1.1.1,3.8,,,,1
2007-07,Alberta,2021A000248,Unemployment rate,Total - Gender,15 years and over,Estimate,Seasonally adjusted,Percent,239,units,0,v2064516,10.7.1.1.1.1,3.5,,,,1
2007-08,Alberta,2021A000248,Unemployment rate,Total - Gender,15 years and over,Estimate,Seasonally adjusted,Percent,239,units,0,v2064516,10.7.1.1.1.1,3.4,,,,1
2007-09,Alberta,2021A000248,Unemployment rate,Total - Gender,15 years and over,Estimate,Seasonally adjusted,Percent,239,units,0,v2064516,10.7.1.1.1.1,3.7,,,,1
2007-10,Alberta,2021A000248,Unemployment rate,Total - Gender,15 years and over,Estimate,Seasonally adjusted,Percent,239,units,0,v2064516,10.7.1.1.1.1,3.6,,,,1
2007-11,Alberta,2021A000248,Unemployment rate,Total - Gender,15 years and over,Estimate,Seasonally adjusted,Percent,239,units,0,v2064516,10.7.1.1.1.1,3.9,,,,1
2007-12,Alberta,2021A000248,Unemployment rate,Total - Gender,15 years and over,Estimate,Seasonally adjusted,Percent,239,units,0,v2064516,10.7.1.1.1.1,3.5,,,,1
2008-01,Alberta,2021A000248,Unemployment rate,Total - Gender,15 years and over,Estimate,Seasonally adjusted,Percent,239,units,0,v2064516,10.7.1.1.1.1,3.8,,,,1
2008-02,Alberta,2021A000248,Unemployment rate,Total - Gender,15 years and over,Estimate,Seasonally adjusted,Percent,239,units,0,v2064516,10.7.1.1.1.1,3.9,,,,1
2008-03,Alberta,2021A000248,Unemployment rate,Total - Gender,15 years and over,Estimate,Seasonally adjusted,Percent,239,units,0,v2064516,10.7.1.1.1.1,3.7,,,,1
2008-04,Alberta,2021A000248,Unemployment rate,Total - Gender,15 years and over,Estimate,Seasonally adjusted,Percent,239,units,0,v2064516,10.7.1.1.1.1,3.6,,,,1
2008-05,Alberta,2021A000248,Unemployment rate,Total - Gender,15 years and over,Estimate,Seasonally adjusted,Percent,239,units,0,v2064516,10.7.1.1.1.1,3.7,,,,1
2008-06,Alberta,2021A000248,Unemployment rate,Total - Gender,15 years and over,Estimate,Seasonally adjusted,Percent,239,units,0,v2064516,10.7.1.1.1.1,3.3,,,,1
2008-07,Alberta,2021A000248,Unemployment rate,Total - Gender,15 years and over,Estimate,Seasonally adjusted,Percent,239,units,0,v2064516,10.7.1.1.1.1,3.8,,,,1
2008-08,Alberta,2021A000248,Unemployment rate,Total - Gender,15 years and over,Estimate,Seasonally adjusted,Percent,239,units,0,v2064516,10.7.1.1.1.1,3.8,,,,1
2008-09,Alberta,2021A000248,Unemployment rate,Total - Gender,15 years and over,Estimate,Seasonally adjusted,Percent,239,units,0,v2064516,10.7.1.1.1.1,4.2,,,,1
2008-10,Alberta,2021A000248,Unemployment rate,Total - Gender,15 years and over,Estimate,Seasonally adjusted,Percent,239,units,0,v2064516,10.7.1.1.1.1,3.9,,,,1
2008-11,Alberta,2021A000248,Unemployment rate,Total - Gender,15 years and over,Estimate,Seasonally adjusted,Percent,239,units,0,v2064516,10.7.1.1.1.1,3.9,,,,1
2008-12,Alberta,2021A000248,Unemployment rate,Total - Gender,15 years and over,Estimate,Seasonally adjusted,Percent,239,units,0,v2064516,10.7.1.1.1.1,4.8,,,,1
2009-01,Alberta,2021A000248,Unemployment rate,Total - Gender,15 years and over,Estimate,Seasonally adjusted,Percent,239,units,0,v2064516,10.7.1.1.1.1,5,,,,1
2009-02,Alberta,2021A000248,Unemployment rate,Total - Gender,15 years and over,Estimate,Seasonally adjusted,Percent,239,units,0,v2064516,10.7.1.1.1.1,5.7,,,,1
2009-03,Alberta,2021A000248,Unemployment rate,Total - Gender,15 years and over,Estimate,Seasonally adjusted,Percent,239,units,0,v2064516,10.7.1.1.1.1,6.1,,,,1
2009-04,Alberta,2021A000248,Unemployment rate,Total - Gender,15 years and over,Estimate,Seasonally adjusted,Percent,239,units,0,v2064516,10.7.1.1.1.1,6.6,,,,1
2009-05,Alberta,2021A000248,Unemployment rate,Total - Gender,15 years and over,Estimate,Seasonally adjusted,Percent,239,units,0,v2064516,10.7.1.1.1.1,6.9,,,,1
2009-06,Alberta,2021A000248,Unemployment rate,Total - Gender,15 years and over,Estimate,Seasonally adjusted,Percent,239,units,0,v2064516,10.7.1.1.1.1,7,,,,1
2009-07,Alberta,2021A000248,Unemployment rate,Total - Gender,15 years and over,Estimate,Seasonally adjusted,Percent,239,units,0,v2064516,10.7.1.1.1.1,7.3,,,,1
2009-08,Alberta,2021A000248,Unemployment rate,Total - Gender,15 years and over,Estimate,Seasonally adjusted,Percent,239,units,0,v2064516,10.7.1.1.1.1,7.2,,,,1
2009-09,Alberta,2021A000248,Unemployment rate,Total - Gender,15 years and over,Estimate,Seasonally adjusted,Percent,239,units,0,v2064516,10.7.1.1.1.1,7.1,,,,1
2009-10,Alberta,2021A000248,Unemployment rate,Total - Gender,15 years and over,Estimate,Seasonally adjusted,Percent,239,units,0,v2064516,10.7.1.1.1.1,7.6,,,,1
2009-11,Alberta,2021A000248,Unemployment rate,Total - Gender,15 years and over,Estimate,Seasonally adjusted,Percent,239,units,0,v2064516,10.7.1.1.1.1,7.7,,,,1
2009-12,Alberta,2021A000248,Unemployment rate,Total - Gender,15 years and over,Estimate,Seasonally adjusted,Percent,239,units,0,v2064516,10.7.1.1.1.1,7,,,,1
2010-01,Alberta,2021A000248,Unemployment rate,Total - Gender,15 years and over,Estimate,Seasonally adjusted,Percent,239,units,0,v2064516,10.7.1.1.1.1,6.9,,,,1
2010-02,Alberta,2021A000248,Unemployment rate,Total - Gender,15 years and over,Estimate,Seasonally adjusted,Percent,239,units,0,v2064516,10.7.1.1.1.1,6.9,,,,1
2010-03,Alberta,2021A000248,Unemployment rate,Total - Gender,15 years and over,Estimate,Seasonally adjusted,Percent,239,units,0,v2064516,10.7.1.1.1.1,7,,,,1
2010-04,Alberta,2021A000248,Unemployment rate,Total - Gender,15 years and over,Estimate,Seasonally adjusted,Percent,239,units,0,v2064516,10.7.1.1.1.1,7.1,,,,1
2010-05,Alberta,2021A000248,Unemployment rate,Total - Gender,15 years and over,Estimate,Seasonally adjusted,Percent,239,units,0,v2064516,10.7.1.1.1.1,6.6,,,,1
2010-06,Alberta,2021A000248,Unemployment rate,Total - Gender,15 years and over,Estimate,Seasonally adjusted,Percent,239,units,0,v2064516,10.7.1.1.1.1,6.4,,,,1
2010-07,Alberta,2021A000248,Unemployment rate,Total - Gender,15 years and over,Estimate,Seasonally adjusted,Percent,239,units,0,v2064516,10.7.1.1.1.1,6.4,,,,1
2010-08,Alberta,2021A000248,Unemployment rate,Total - Gender,15 years and over,Estimate,Seasonally adjusted,Percent,239,units,0,v2064516,10.7.1.1.1.1,6.3,,,,1
2010-09,Alberta,2021A000248,Unemployment rate,Total - Gender,15 years and over,Estimate,Seasonally adjusted,Percent,239,units,0,v2064516,10.7.1.1.1.1,6.2,,,,1
2010-10,Alberta,2021A000248,Unemployment rate,Total - Gender,15 years and over,Estimate,Seasonally adjusted,Percent,239,units,0,v2064516,10.7.1.1.1.1,6.2,,,,1
2010-11,Alberta,2021A000248,Unemployment rate,Total - Gender,15 years and over,Estimate,Seasonally adjusted,Percent,239,units,0,v2064516,10.7.1.1.1.1,6.1,,,,1
2010-12,Alberta,2021A000248,Unemployment rate,Total - Gender,15 years and over,Estimate,Seasonally adjusted,Percent,239,units,0,v2064516,10.7.1.1.1.1,5.8,,,,1
2011-01,Alberta,2021A000248,Unemployment rate,Total - Gender,15 years and over,Estimate,Seasonally adjusted,Percent,239,units,0,v2064516,10.7.1.1.1.1,5.9,,,,1
2011-02,Alberta,2021A000248,Unemployment rate,Total - Gender,15 years and over,Estimate,Seasonally adjusted,Percent,239,units,0,v2064516,10.7.1.1.1.1,5.8,,,,1
2011-03,Alberta,2021A000248,Unemployment rate,Total - Gender,15 years and over,Estimate,Seasonally adjusted,Percent,239,units,0,v2064516,10.7.1.1.1.1,5.7,,,,1
2011-04,Alberta,2021A000248,Unemployment rate,Total - Gender,15 years and over,Estimate,Seasonally adjusted,Percent,239,units,0,v2064516,10.7.1.1.1.1,5.8,,,,1
2011-05,Alberta,2021A000248,Unemployment rate,Total - Gender,15 years and over,Estimate,Seasonally adjusted,Percent,239,units,0,v2064516,10.7.1.1.1.1,5.5,,,,1
2011-06,Alberta,2021A000248,Unemployment rate,Total - Gender,15 years and over,Estimate,Seasonally adjusted,Percent,239,units,0,v2064516,10.7.1.1.1.1,5.7,,,,1
2011-07,Alberta,2021A000248,Unemployment rate,Total - Gender,15 years and over,Estimate,Seasonally adjusted,Percent,239,units,0,v2064516,10.7.1.1.1.1,5.6,,,,1
2011-08,Alberta,2021A000248,Unemployment rate,Total - Gender,15 years and over,Estimate,Seasonally adjusted,Percent,239,units,0,v2064516,10.7.1.1.1.1,5.6,,,,1
2011-09,Alberta,2021A000248,Unemployment rate,Total - Gender,15 years and over,Estimate,Seasonally adjusted,Percent,239,units,0,v2064516,10.7.1.1.1.1,5.6,,,,1
2011-10,Alberta,2021A000248,Unemployment rate,Total - Gender,15 years and over,Estimate,Seasonally adjusted,Percent,239,units,0,v2064516,10.7.1.1.1.1,5.1,,,,1
2011-11,Alberta,2021A000248,Unemployment rate,Total - Gender,15 years and over,Estimate,Seasonally adjusted,Percent,239,units,0,v2064516,10.7.1.1.1.1,5.1,,,,1
2011-12,Alberta,2021A000248,Unemployment rate,Total - Gender,15 years and over,Estimate,Seasonally adjusted,Percent,239,units,0,v2064516,10.7.1.1.1.1,4.9,,,,1
2012-01,Alberta,2021A000248,Unemployment rate,Total - Gender,15 years and over,Estimate,Seasonally adjusted,Percent,239,units,0,v2064516,10.7.1.1.1.1,5.2,,,,1
2012-02,Alberta,2021A000248,Unemployment rate,Total - Gender,15 years and over,Estimate,Seasonally adjusted,Percent,239,units,0,v2064516,10.7.1.1.1.1,5,,,,1
2012-03,Alberta,2021A000248,Unemployment rate,Total - Gender,15 years and over,Estimate,Seasonally adjusted,Percent,239,units,0,v2064516,10.7.1.1.1.1,5.1,,,,1
2012-04,Alberta,2021A000248,Unemployment rate,Total - Gender,15 years and over,Estimate,Seasonally adjusted,Percent,239,units,0,v2064516,10.7.1.1.1.1,5.1,,,,1
2012-05,Alberta,2021A000248,Unemployment rate,Total - Gender,15 years and over,Estimate,Seasonally adjusted,Percent,239,units,0,v2064516,10.7.1.1.1.1,4.5,,,,1
2012-06,Alberta,2021A000248,Unemployment rate,Total - Gender,15 years and over,Estimate,Seasonally adjusted,Percent,239,units,0,v2064516,10.7.1.1.1.1,4.6,,,,1
2012-07,Alberta,2021A000248,Unemployment rate,Total - Gender,15 years and over,Estimate,Seasonally adjusted,Percent,239,units,0,v2064516,10.7.1.1.1.1,4.7,,,,1
2012-08,Alberta,2021A000248,Unemployment rate,Total - Gender,15 years and over,Estimate,Seasonally adjusted,Percent,239,units,0,v2064516,10.7.1.1.1.1,4.3,,,,1
2012-09,Alberta,2021A000248,Unemployment rate,Total - Gender,15 years and over,Estimate,Seasonally adjusted,Percent,239,units,0,v2064516,10.7.1.1.1.1,4.6,,,,1
2012-10,Alberta,2021A000248,Unemployment rate,Total - Gender,15 years and over,Estimate,Seasonally adjusted,Percent,239,units,0,v2064516,10.7.1.1.1.1,4.8,,,,1
2012-11,Alberta,2021A000248,Unemployment rate,Total - Gender,15 years and over,Estimate,Seasonally adjusted,Percent,239,units,0,v2064516,10.7.1.1.1.1,4.5,,,,1
2012-12,Alberta,2021A000248,Unemployment rate,Total - Gender,15 years and over,Estimate,Seasonally adjusted,Percent,239,units,0,v2064516,10.7.1.1.1.1,4.9,,,,1
2013-01,Alberta,2021A000248,Unemployment rate,Total - Gender,15 years and over,Estimate,Seasonally adjusted,Percent,239,units,0,v2064516,10.7.1.1.1.1,4.6,,,,1
2013-02,Alberta,2021A000248,Unemployment rate,Total - Gender,15 years and over,Estimate,Seasonally adjusted,Percent,239,units,0,v2064516,10.7.1.1.1.1,4.7,,,,1
2013-03,Alberta,2021A000248,Unemployment rate,Total - Gender,15 years and over,Estimate,Seasonally adjusted,Percent,239,units,0,v2064516,10.7.1.1.1.1,4.8,,,,1
2013-04,Alberta,2021A000248,Unemployment rate,Total - Gender,15 years and over,Estimate,Seasonally adjusted,Percent,239,units,0,v2064516,10.7.1.1.1.1,4.4,,,,1
2013-05,Alberta,2021A000248,Unemployment rate,Total - Gender,15 years and over,Estimate,Seasonally adjusted,Percent,239,units,0,v2064516,10.7.1.1.1.1,4.7,,,,1
2013-06,Alberta,2021A000248,Unemployment rate,Total - Gender,15 years and over,Estimate,Seasonally adjusted,Percent,239,units,0,v2064516,10.7.1.1.1.1,4.8,,,,1
2013-07,Alberta,2021A000248,Unemployment rate,Total - Gender,15 years and over,Estimate,Seasonally adjusted,Percent,239,units,0,v2064516,10.7.1.1.1.1,4.7,,,,1
2013-08,Alberta,2021A000248,Unemployment rate,Total - Gender,15 years and over,Estimate,Seasonally adjusted,Percent,239,units,0,v2064516,10.7.1.1.1.1,4.7,,,,1
2013-09,Alberta,2021A000248,Unemployment rate,Total - Gender,15 years and over,Estimate,Seasonally adjusted,Percent,239,units,0,v2064516,10.7.1.1.1.1,4.4,,,,1
2013-10,Alberta,2021A000248,Unemployment rate,Total - Gender,15 years and over,Estimate,Seasonally adjusted,Percent,239,units,0,v2064516,10.7.1.1.1.1,4.8,,,,1
2013-11,Alberta,2021A000248,Unemployment rate,Total - Gender,15 years and over,Estimate,Seasonally adjusted,Percent,239,units,0,v2064516,10.7.1.1.1.1,4.7,,,,1
2013-12,Alberta,2021A000248,Unemployment rate,Total - Gender,15 years and over,Estimate,Seasonally adjusted,Percent,239,units,0,v2064516,10.7.1.1.1.1,4.9,,,,1
2014-01,Alberta,2021A000248,Unemployment rate,Total - Gender,15 years and over,Estimate,Seasonally adjusted,Percent,239,units,0,v2064516,10.7.1.1.1.1,4.8,,,,1
2014-02,Alberta,2021A000248,Unemployment rate,Total - Gender,15 years and over,Estimate,Seasonally adjusted,Percent,239,units,0,v2064516,10.7.1.1.1.1,4.7,,,,1
2014-03,Alberta,2021A000248,Unemployment rate,Total - Gender,15 years and over,Estimate,Seasonally adjusted,Percent,239,units,0,v2064516,10.7.1.1.1.1,5,,,,1
2014-04,Alberta,2021A000248,Unemployment rate,Total - Gender,15 years and over,Estimate,Seasonally adjusted,Percent,239,units,0,v2064516,10.7.1.1.1.1,5,,,,1
2014-05,Alberta,2021A000248,Unemployment rate,Total - Gender,15 years and over,Estimate,Seasonally adjusted,Percent,239,units,0,v2064516,10.7.1.1.1.1,4.8,,,,1
2014-06,Alberta,2021A000248,Unemployment rate,Total - Gender,15 years and over,Estimate,Seasonally adjusted,Percent,239,units,0,v2064516,10.7.1.1.1.1,5,,,,1
2014-07,Alberta,2021A000248,Unemployment rate,Total - Gender,15 years and over,Estimate,Seasonally adjusted,Percent,239,units,0,v2064516,10.7.1.1.1.1,4.3,,,,1
2014-08,Alberta,2021A000248,Unemployment rate,Total - Gender,15 years and over,Estimate,Seasonally adjusted,Percent,239,units,0,v2064516,10.7.1.1.1.1,5,,,,1
2014-09,Alberta,2021A000248,Unemployment rate,Total - Gender,15 years and over,Estimate,Seasonally adjusted,Percent,239,units,0,v2064516,10.7.1.1.1.1,4.6,,,,1
2014-10,Alberta,2021A000248,Unemployment rate,Total - Gender,15 years and over,Estimate,Seasonally adjusted,Percent,239,units,0,v2064516,10.7.1.1.1.1,5.1,,,,1
2014-11,Alberta,2021A000248,Unemployment rate,Total - Gender,15 years and over,Estimate,Seasonally adjusted,Percent,239,units,0,v2064516,10.7.1.1.1.1,4.7,,,,1
2014-12,Alberta,2021A000248,Unemployment rate,Total - Gender,15 years and over,Estimate,Seasonally adjusted,Percent,239,units,0,v2064516,10.7.1.1.1.1,4.9,,,,1
2015-01,Alberta,2021A000248,Unemployment rate,Total - Gender,15 years and over,Estimate,Seasonally adjusted,Percent,239,units,0,v2064516,10.7.1.1.1.1,4.7,,,,1
2015-02,Alberta,2021A000248,Unemployment rate,Total - Gender,15 years and over,Estimate,Seasonally adjusted,Percent,239,units,0,v2064516,10.7.1.1.1.1,5.4,,,,1
2015-03,Alberta,2021A000248,Unemployment rate,Total - Gender,15 years and over,Estimate,Seasonally adjusted,Percent,239,units,0,v2064516,10.7.1.1.1.1,5.6,,,,1
2015-04,Alberta,2021A000248,Unemployment rate,Total - Gender,15 years and over,Estimate,Seasonally adjusted,Percent,239,units,0,v2064516,10.7.1.1.1.1,5.7,,,,1
2015-05,Alberta,2021A000248,Unemployment rate,Total - Gender,15 years and over,Estimate,Seasonally adjusted,Percent,239,units,0,v2064516,10.7.1.1.1.1,6.3,,,,1
2015-06,Alberta,2021A000248,Unemployment rate,Total - Gender,15 years and over,Estimate,Seasonally adjusted,Percent,239,units,0,v2064516,10.7.1.1.1.1,6.2,,,,1
2015-07,Alberta,2021A000248,Unemployment rate,Total - Gender,15 years and over,Estimate,Seasonally adjusted,Percent,239,units,0,v2064516,10.7.1.1.1.1,5.9,,,,1
2015-08,Alberta,2021A000248,Unemployment rate,Total - Gender,15 years and over,Estimate,Seasonally adjusted,Percent,239,units,0,v2064516,10.7.1.1.1.1,6.1,,,,1
2015-09,Alberta,2021A000248,Unemployment rate,Total - Gender,15 years and over,Estimate,Seasonally adjusted,Percent,239,units,0,v2064516,10.7.1.1.1.1,6.6,,,,1
2015-10,Alberta,2021A000248,Unemployment rate,Total - Gender,15 years and over,Estimate,Seasonally adjusted,Percent,239,units,0,v2064516,10.7.1.1.1.1,6.3,,,,1
2015-11,Alberta,2021A000248,Unemployment rate,Total - Gender,15 years and over,Estimate,Seasonally adjusted,Percent,239,units,0,v2064516,10.7.1.1.1.1,6.9,,,,1
2015-12,Alberta,2021A000248,Unemployment rate,Total - Gender,15 years and over,Estimate,Seasonally adjusted,Percent,239,units,0,v2064516,10.7.1.1.1.1,7.1,,,,1
2016-01,Alberta,2021A000248,Unemployment rate,Total - Gender,15 years and over,Estimate,Seasonally adjusted,Percent,239,units,0,v2064516,10.7.1.1.1.1,7.5,,,,1
2016-02,Alberta,2021A000248,Unemployment rate,Total - Gender,15 years and over,Estimate,Seasonally adjusted,Percent,239,units,0,v2064516,10.7.1.1.1.1,7.8,,,,1
2016-03,Alberta,2021A000248,Unemployment rate,Total - Gender,15 years and over,Estimate,Seasonally adjusted,Percent,239,units,0,v2064516,10.7.1.1.1.1,7.3,,,,1
2016-04,Alberta,2021A000248,Unemployment rate,Total - Gender,15 years and over,Estimate,Seasonally adjusted,Percent,239,units,0,v2064516,10.7.1.1.1.1,7.6,,,,1
2016-05,Alberta,2021A000248,Unemployment rate,Total - Gender,15 years and over,Estimate,Seasonally adjusted,Percent,239,units,0,v2064516,10.7.1.1.1.1,8.3,,,,1
2016-06,Alberta,2021A000248,Unemployment rate,Total - Gender,15 years and over,Estimate,Seasonally adjusted,Percent,239,units,0,v2064516,10.7.1.1.1.1,8.2,,,,1
2016-07,Alberta,2021A000248,Unemployment rate,Total - Gender,15 years and over,Estimate,Seasonally adjusted,Percent,239,units,0,v2064516,10.7.1.1.1.1,8.9,,,,1
2016-08,Alberta,2021A000248,Unemployment rate,Total - Gender,15 years and over,Estimate,Seasonally adjusted,Percent,239,units,0,v2064516,10.7.1.1.1.1,8.4,,,,1
2016-09,Alberta,2021A000248,Unemployment rate,Total - Gender,15 years and over,Estimate,Seasonally adjusted,Percent,239,units,0,v2064516,10.7.1.1.1.1,8.5,,,,1
2016-10,Alberta,2021A000248,Unemployment rate,Total - Gender,15 years and over,Estimate,Seasonally adjusted,Percent,239,units,0,v2064516,10.7.1.1.1.1,8.5,,,,1
2016-11,Alberta,2021A000248,Unemployment rate,Total - Gender,15 years and over,Estimate,Seasonally adjusted,Percent,239,units,0,v2064516,10.7.1.1.1.1,8.8,,,,1
2016-12,Alberta,2021A000248,Unemployment rate,Total - Gender,15 years and over,Estimate,Seasonally adjusted,Percent,239,units,0,v2064516,10.7.1.1.1.1,8.6,,,,1
2017-01,Alberta,2021A000248,Unemployment rate,Total - Gender,15 years and over,Estimate,Seasonally adjusted,Percent,239,units,0,v2064516,10.7.1.1.1.1,8.6,,,,1
2017-02,Alberta,2021A000248,Unemployment rate,Total - Gender,15 years and over,Estimate,Seasonally adjusted,Percent,239,units,0,v2064516,10.7.1.1.1.1,8.1,,,,1
2017-03,Alberta,2021A000248,Unemployment rate,Total - Gender,15 years and over,Estimate,Seasonally adjusted,Percent,239,units,0,v2064516,10.7.1.1.1.1,8.6,,,,1
2017-04,Alberta,2021A000248,Unemployment rate,Total - Gender,15 years and over,Estimate,Seasonally adjusted,Percent,239,units,0,v2064516,10.7.1.1.1.1,8.2,,,,1
2017-05,Alberta,2021A000248,Unemployment rate,Total - Gender,15 years and over,Estimate,Seasonally adjusted,Percent,239,units,0,v2064516,10.7.1.1.1.1,8.4,,,,1
2017-06,Alberta,2021A000248,Unemployment rate,Total - Gender,15 years and over,Estimate,Seasonally adjusted,Percent,239,units,0,v2064516,10.7.1.1.1.1,7.8,,,,1
2017-07,Alberta,2021A000248,Unemployment rate,Total - Gender,15 years and over,Estimate,Seasonally adjusted,Percent,239,units,0,v2064516,10.7.1.1.1.1,8,,,,1
2017-08,Alberta,2021A000248,Unemployment rate,Total - Gender,15 years and over,Estimate,Seasonally adjusted,Percent,239,units,0,v2064516,10.7.1.1.1.1,8.4,,,,1
2017-09,Alberta,2021A000248,Unemployment rate,Total - Gender,15 years and over,Estimate,Seasonally adjusted,Percent,239,units,0,v2064516,10.7.1.1.1.1,7.5,,,,1
2017-10,Alberta,2021A000248,Unemployment rate,Total - Gender,15 years and over,Estimate,Seasonally adjusted,Percent,239,units,0,v2064516,10.7.1.1.1.1,7.7,,,,1
2017-11,Alberta,2021A000248,Unemployment rate,Total - Gender,15 years and over,Estimate,Seasonally adjusted,Percent,239,units,0,v2064516,10.7.1.1.1.1,7.4,,,,1
2017-12,Alberta,2021A000248,Unemployment rate,Total - Gender,15 years and over,Estimate,Seasonally adjusted,Percent,239,units,0,v2064516,10.7.1.1.1.1,7.2,,,,1
2018-01,Alberta,2021A000248,Unemployment rate,Total - Gender,15 years and over,Estimate,Seasonally adjusted,Percent,239,units,0,v2064516,10.7.1.1.1.1,6.7,,,,1
2018-02,Alberta,2021A000248,Unemployment rate,Total - Gender,15 years and over,Estimate,Seasonally adjusted,Percent,239,units,0,v2064516,10.7.1.1.1.1,6.5,,,,1
2018-03,Alberta,2021A000248,Unemployment rate,Total - Gender,15 years and over,Estimate,Seasonally adjusted,Percent,239,units,0,v2064516,10.7.1.1.1.1,6.2,,,,1
2018-04,Alberta,2021A000248,Unemployment rate,Total - Gender,15 years and over,Estimate,Seasonally adjusted,Percent,239,units,0,v2064516,10.7.1.1.1.1,6.8,,,,1
2018-05,Alberta,2021A000248,Unemployment rate,Total - Gender,15 years and over,Estimate,Seasonally adjusted,Percent,239,units,0,v2064516,10.7.1.1.1.1,6.2,,,,1
2018-06,Alberta,2021A000248,Unemployment rate,Total - Gender,15 years and over,Estimate,Seasonally adjusted,Percent,239,units,0,v2064516,10.7.1.1.1.1,6.6,,,,1
2018-07,Alberta,2021A000248,Unemployment rate,Total - Gender,15 years and over,Estimate,Seasonally adjusted,Percent,239,units,0,v2064516,10.7.1.1.1.1,6.9,,,,1
2018-08,Alberta,2021A000248,Unemployment rate,Total - Gender,15 years and over,Estimate,Seasonally adjusted,Percent,239,units,0,v2064516,10.7.1.1.1.1,6.7,,,,1
2018-09,Alberta,2021A000248,Unemployment rate,Total - Gender,15 years and over,Estimate,Seasonally adjusted,Percent,239,units,0,v2064516,10.7.1.1.1.1,6.9,,,,1
2018-10,Alberta,2021A000248,Unemployment rate,Total - Gender,15 years and over,Estimate,Seasonally adjusted,Percent,239,units,0,v2064516,10.7.1.1.1.1,6.8,,,,1
2018-11,Alberta,2021A000248,Unemployment rate,Total - Gender,15 years and over,Estimate,Seasonally adjusted,Percent,239,units,0,v2064516,10.7.1.1.1.1,6.3,,,,1
2018-12,Alberta,2021A000248,Unemployment rate,Total - Gender,15 years and over,Estimate,Seasonally adjusted,Percent,239,units,0,v2064516,10.7.1.1.1.1,6.4,,,,1
2019-01,Alberta,2021A000248,Unemployment rate,Total - Gender,15 years and over,Estimate,Seasonally adjusted,Percent,239,units,0,v2064516,10.7.1.1.1.1,6.6,,,,1
2019-02,Alberta,2021A000248,Unemployment rate,Total - Gender,15 years and over,Estimate,Seasonally adjusted,Percent,239,units,0,v2064516,10.7.1.1.1.1,7.3,,,,1
2019-03,Alberta,2021A000248,Unemployment rate,Total - Gender,15 years and over,Estimate,Seasonally adjusted,Percent,239,units,0,v2064516,10.7.1.1.1.1,6.9,,,,1
2019-04,Alberta,2021A000248,Unemployment rate,Total - Gender,15 years and over,Estimate,Seasonally adjusted,Percent,239,units,0,v2064516,10.7.1.1.1.1,6.5,,,,1
2019-05,Alberta,2021A000248,Unemployment rate,Total - Gender,15 years and over,Estimate,Seasonally adjusted,Percent,239,units,0,v2064516,10.7.1.1.1.1,6.7,,,,1
2019-06,Alberta,2021A000248,Unemployment rate,Total - Gender,15 years and over,Estimate,Seasonally adjusted,Percent,239,units,0,v2064516,10.7.1.1.1.1,6.7,,,,1
2019-07,Alberta,2021A000248,Unemployment rate,Total - Gender,15 years and over,Estimate,Seasonally adjusted,Percent,239,units,0,v2064516,10.7.1.1.1.1,7.1,,,,1
2019-08,Alberta,2021A000248,Unemployment rate,Total - Gender,15 years and over,Estimate,Seasonally adjusted,Percent,239,units,0,v2064516,10.7.1.1.1.1,7.6,,,,1
2019-09,Alberta,2021A000248,Unemployment rate,Total - Gender,15 years and over,Estimate,Seasonally adjusted,Percent,239,units,0,v2064516,10.7.1.1.1.1,6.6,,,,1
2019-10,Alberta,2021A000248,Unemployment rate,Total - Gender,15 years and over,Estimate,Seasonally adjusted,Percent,239,units,0,v2064516,10.7.1.1.1.1,6.7,,,,1
2019-11,Alberta,2021A000248,Unemployment rate,Total - Gender,15 years and over,Estimate,Seasonally adjusted,Percent,239,units,0,v2064516,10.7.1.1.1.1,7.2,,,,1
2019-12,Alberta,2021A000248,Unemployment rate,Total - Gender,15 years and over,Estimate,Seasonally adjusted,Percent,239,units,0,v2064516,10.7.1.1.1.1,7,,,,1
2020-01,Alberta,2021A000248,Unemployment rate,Total - Gender,15 years and over,Estimate,Seasonally adjusted,Percent,239,units,0,v2064516,10.7.1.1.1.1,7.3,,,,1
2020-02,Alberta,2021A000248,Unemployment rate,Total - Gender,15 years and over,Estimate,Seasonally adjusted,Percent,239,units,0,v2064516,10.7.1.1.1.1,7.4,,,,1
2020-03,Alberta,2021A000248,Unemployment rate,Total - Gender,15 years and over,Estimate,Seasonally adjusted,Percent,239,units,0,v2064516,10.7.1.1.1.1,8.8,,,,1
2020-04,Alberta,2021A000248,Unemployment rate,Total - Gender,15 years and over,Estimate,Seasonally adjusted,Percent,239,units,0,v2064516,10.7.1.1.1.1,13.1,,,,1
2020-05,Alberta,2021A000248,Unemployment rate,Total - Gender,15 years and over,Estimate,Seasonally adjusted,Percent,239,units,0,v2064516,10.7.1.1.1.1,15.4,,,,1
2020-06,Alberta,2021A000248,Unemployment rate,Total - Gender,15 years and over,Estimate,Seasonally adjusted,Percent,239,units,0,v2064516,10.7.1.1.1.1,15.3,,,,1
2020-07,Alberta,2021A000248,Unemployment rate,Total - Gender,15 years and over,Estimate,Seasonally adjusted,Percent,239,units,0,v2064516,10.7.1.1.1.1,12.9,,,,1
2020-08,Alberta,2021A000248,Unemployment rate,Total - Gender,15 years and over,Estimate,Seasonally adjusted,Percent,239,units,0,v2064516,10.7.1.1.1.1,12.5,,,,1
2020-09,Alberta,2021A000248,Unemployment rate,Total - Gender,15 years and over,Estimate,Seasonally adjusted,Percent,239,units,0,v2064516,10.7.1.1.1.1,12,,,,1
2020-10,Alberta,2021A000248,Unemployment rate,Total - Gender,15 years and over,Estimate,Seasonally adjusted,Percent,239,units,0,v2064516,10.7.1.1.1.1,11.6,,,,1
2020-11,Alberta,2021A000248,Unemployment rate,Total - Gender,15 years and over,Estimate,Seasonally adjusted,Percent,239,units,0,v2064516,10.7.1.1.1.1,11.1,,,,1
2020-12,Alberta,2021A000248,Unemployment rate,Total - Gender,15 years and over,Estimate,Seasonally adjusted,Percent,239,units,0,v2064516,10.7.1.1.1.1,10.7,,,,1
2021-01,Alberta,2021A000248,Unemployment rate,Total - Gender,15 years and over,Estimate,Seasonally adjusted,Percent,239,units,0,v2064516,10.7.1.1.1.1,10.3,,,,1
2021-02,Alberta,2021A000248,Unemployment rate,Total - Gender,15 years and over,Estimate,Seasonally adjusted,Percent,239,units,0,v2064516,10.7.1.1.1.1,9.9,,,,1
2021-03,Alberta,2021A000248,Unemployment rate,Total - Gender,15 years and over,Estimate,Seasonally adjusted,Percent,239,units,0,v2064516,10.7.1.1.1.1,9.2,,,,1
2021-04,Alberta,2021A000248,Unemployment rate,Total - Gender,15 years and over,Estimate,Seasonally adjusted,Percent,239,units,0,v2064516,10.7.1.1.1.1,8.8,,,,1
2021-05,Alberta,2021A000248,Unemployment rate,Total - Gender,15 years and over,Estimate,Seasonally adjusted,Percent,239,units,0,v2064516,10.7.1.1.1.1,8.5,,,,1
2021-06,Alberta,2021A000248,Unemployment rate,Total - Gender,15 years and over,Estimate,Seasonally adjusted,Percent,239,units,0,v2064516,10.7.1.1.1.1,8.8,,,,1
2021-07,Alberta,2021A000248,Unemployment rate,Total - Gender,15 years and over,Estimate,Seasonally adjusted,Percent,239,units,0,v2064516,10.7.1.1.1.1,8.4,,,,1
2021-08,Alberta,2021A000248,Unemployment rate,Total - Gender,15 years and over,Estimate,Seasonally adjusted,Percent,239,units,0,v2064516,10.7.1.1.1.1,8,,,,1
2021-09,Alberta,2021A000248,Unemployment rate,Total - Gender,15 years and over,Estimate,Seasonally adjusted,Percent,239,units,0,v2064516,10.7.1.1.1.1,7.8,,,,1
2021-10,Alberta,2021A000248,Unemployment rate,Total - Gender,15 years and over,Estimate,Seasonally adjusted,Percent,239,units,0,v2064516,10.7.1.1.1.1,7.8,,,,1
2021-11,Alberta,2021A000248,Unemployment rate,Total - Gender,15 years and over,Estimate,Seasonally adjusted,Percent,239,units,0,v2064516,10.7.1.1.1.1,7.4,,,,1
2021-12,Alberta,2021A000248,Unemployment rate,Total - Gender,15 years and over,Estimate,Seasonally adjusted,Percent,239,units,0,v2064516,10.7.1.1.1.1,6.9,,,,1
2022-01,Alberta,2021A000248,Unemployment rate,Total - Gender,15 years and over,Estimate,Seasonally adjusted,Percent,239,units,0,v2064516,10.7.1.1.1.1,6.9,,,,1
2022-02,Alberta,2021A000248,Unemployment rate,Total - Gender,15 years and over,Estimate,Seasonally adjusted,Percent,239,units,0,v2064516,10.7.1.1.1.1,6.6,,,,1
2022-03,Alberta,2021A000248,Unemployment rate,Total - Gender,15 years and over,Estimate,Seasonally adjusted,Percent,239,units,0,v2064516,10.7.1.1.1.1,6.3,,,,1
2022-04,Alberta,2021A000248,Unemployment rate,Total - Gender,15 years and over,Estimate,Seasonally adjusted,Percent,239,units,0,v2064516,10.7.1.1.1.1,6.1,,,,1
2022-05,Alberta,2021A000248,Unemployment rate,Total - Gender,15 years and over,Estimate,Seasonally adjusted,Percent,239,units,0,v2064516,10.7.1.1.1.1,5.9,,,,1
2022-06,Alberta,2021A000248,Unemployment rate,Total - Gender,15 years and over,Estimate,Seasonally adjusted,Percent,239,units,0,v2064516,10.7.1.1.1.1,5.2,,,,1
2022-07,Alberta,2021A000248,Unemployment rate,Total - Gender,15 years and over,Estimate,Seasonally adjusted,Percent,239,units,0,v2064516,10.7.1.1.1.1,4.9,,,,1
2022-08,Alberta,2021A000248,Unemployment rate,Total - Gender,15 years and over,Estimate,Seasonally adjusted,Percent,239,units,0,v2064516,10.7.1.1.1.1,5.6,,,,1
2022-09,Alberta,2021A000248,Unemployment rate,Total - Gender,15 years and over,Estimate,Seasonally adjusted,Percent,239,units,0,v2064516,10.7.1.1.1.1,5.4,,,,1
2022-10,Alberta,2021A000248,Unemployment rate,Total - Gender,15 years and over,Estimate,Seasonally adjusted,Percent,239,units,0,v2064516,10.7.1.1.1.1,5.5,,,,1
2022-11,Alberta,2021A000248,Unemployment rate,Total - Gender,15 years and over,Estimate,Seasonally adjusted,Percent,239,units,0,v2064516,10.7.1.1.1.1,5.7,,,,1
2022-12,Alberta,2021A000248,Unemployment rate,Total - Gender,15 years and over,Estimate,Seasonally adjusted,Percent,239,units,0,v2064516,10.7.1.1.1.1,5.7,,,,1
2023-01,Alberta,2021A000248,Unemployment rate,Total - Gender,15 years and over,Estimate,Seasonally adjusted,Percent,239,units,0,v2064516,10.7.1.1.1.1,6,,,,1
2023-02,Alberta,2021A000248,Unemployment rate,Total - Gender,15 years and over,Estimate,Seasonally adjusted,Percent,239,units,0,v2064516,10.7.1.1.1.1,5.9,,,,1
2023-03,Alberta,2021A000248,Unemployment rate,Total - Gender,15 years and over,Estimate,Seasonally adjusted,Percent,239,units,0,v2064516,10.7.1.1.1.1,5.8,,,,1
2023-04,Alberta,2021A000248,Unemployment rate,Total - Gender,15 years and over,Estimate,Seasonally adjusted,Percent,239,units,0,v2064516,10.7.1.1.1.1,5.8,,,,1
2023-05,Alberta,2021A000248,Unemployment rate,Total - Gender,15 years and over,Estimate,Seasonally adjusted,Percent,239,units,0,v2064516,10.7.1.1.1.1,5.7,,,,1
2023-06,Alberta,2021A000248,Unemployment rate,Total - Gender,15 years and over,Estimate,Seasonally adjusted,Percent,239,units,0,v2064516,10.7.1.1.1.1,5.8,,,,1
2023-07,Alberta,2021A000248,Unemployment rate,Total - Gender,15 years and over,Estimate,Seasonally adjusted,Percent,239,units,0,v2064516,10.7.1.1.1.1,6,,,,1
2023-08,Alberta,2021A000248,Unemployment rate,Total - Gender,15 years and over,Estimate,Seasonally adjusted,Percent,239,units,0,v2064516,10.7.1.1.1.1,5.6,,,,1
2023-09,Alberta,2021A000248,Unemployment rate,Total - Gender,15 years and over,Estimate,Seasonally adjusted,Percent,239,units,0,v2064516,10.7.1.1.1.1,5.4,,,,1
2023-10,Alberta,2021A000248,Unemployment rate,Total - Gender,15 years and over,Estimate,Seasonally adjusted,Percent,239,units,0,v2064516,10.7.1.1.1.1,5.9,,,,1
2023-11,Alberta,2021A000248,Unemployment rate,Total - Gender,15 years and over,Estimate,Seasonally adjusted,Percent,239,units,0,v2064516,10.7.1.1.1.1,5.9,,,,1
2023-12,Alberta,2021A000248,Unemployment rate,Total - Gender,15 years and over,Estimate,Seasonally adjusted,Percent,239,units,0,v2064516,10.7.1.1.1.1,6.3,,,,1
1998-01,British Columbia,2021A000259,Unemployment rate,Total - Gender,15 years and over,Estimate,Seasonally adjusted,Percent,239,units,0,v2064705,11.7.1.1.1.1,9.2,,,,1
1998-02,British Columbia,2021A000259,Unemployment rate,Total - Gender,15 years and over,Estimate,Seasonally adjusted,Percent,239,units,0,v2064705,11.7.1.1.1.1,9.5,,,,1
1998-03,British Columbia,2021A000259,Unemployment rate,Total - Gender,15 years and over,Estimate,Seasonally adjusted,Percent,239,units,0,v2064705,11.7.1.1.1.1,9.5,,,,1
1998-04,British Columbia,2021A000259,Unemployment rate,Total - Gender,15 years and over,Estimate,Seasonally adjusted,Percent,239,units,0,v2064705,11.7.1.1.1.1,9,,,,1
1998-05,British Columbia,2021A000259,Unemployment rate,Total - Gender,15 years and over,Estimate,Seasonally adjusted,Percent,239,units,0,v2064705,11.7.1.1.1.1,9.5,,,,1
1998-06,British Columbia,2021A000259,Unemployment rate,Total - Gender,15 years and over,Estimate,Seasonally adjusted,Percent,239,units,0,v2064705,11.7.1.1.1.1,9.3,,,,1
1998-07,British Columbia,2021A000259,Unemployment rate,Total - Gender,15 years and over,Estimate,Seasonally adjusted,Percent,239,units,0,v2064705,11.7.1.1.1.1,8.9,,,,1
1998-08,British Columbia,2021A000259,Unemployment rate,Total - Gender,15 years and over,Estimate,Seasonally adjusted,Percent,239,units,0,v2064705,11.7.1.1.1.1,8.5,,,,1
1998-09,British Columbia,2021A000259,Unemployment rate,Total - Gender,15 years and over,Estimate,Seasonally adjusted,Percent,239,units,0,v2064705,11.7.1.1.1.1,8.2,,,,1
1998-10,British Columbia,2021A000259,Unemployment rate,Total - Gender,15 years and over,Estimate,Seasonally adjusted,Percent,239,units,0,v2064705,11.7.1.1.1.1,8,,,,1
1998-11,British Columbia,2021A000259,Unemployment rate,Total - Gender,15 years and over,Estimate,Seasonally adjusted,Percent,239,units,0,v2064705,11.7.1.1.1.1,7.8,,,,1
1998-12,British Columbia,2021A000259,Unemployment rate,Total - Gender,15 years and over,Estimate,Seasonally adjusted,Percent,239,units,0,v2064705,11.7.1.1.1.1,8.3,,,,1
1999-01,British Columbia,2021A000259,Unemployment rate,Total - Gender,15 years and over,Estimate,Seasonally adjusted,Percent,239,units,0,v2064705,11.7.1.1.1.1,8.3,,,,1
1999-02,British Columbia,2021A000259,Unemployment rate,Total - Gender,15 years and over,Estimate,Seasonally adjusted,Percent,239,units,0,v2064705,11.7.1.1.1.1,8.3,,,,1
1999-03,British Columbia,2021A000259,Unemployment rate,Total - Gender,15 years and over,Estimate,Seasonally adjusted,Percent,239,units,0,v2064705,11.7.1.1.1.1,8.6,,,,1
1999-04,British Columbia,2021A000259,Unemployment rate,Total - Gender,15 years and over,Estimate,Seasonally adjusted,Percent,239,units,0,v2064705,11.7.1.1.1.1,8.8,,,,1
1999-05,British Columbia,2021A000259,Unemployment rate,Total - Gender,15 years and over,Estimate,Seasonally adjusted,Percent,239,units,0,v2064705,11.7.1.1.1.1,8.3,,,,1
1999-06,British Columbia,2021A000259,Unemployment rate,Total - Gender,15 years and over,Estimate,Seasonally adjusted,Percent,239,units,0,v2064705,11.7.1.1.1.1,8.9,,,,1
1999-07,British Columbia,2021A000259,Unemployment rate,Total - Gender,15 years and over,Estimate,Seasonally adjusted,Percent,239,units,0,v2064705,11.7.1.1.1.1,8.4,,,,1
1999-08,British Columbia,2021A000259,Unemployment rate,Total - Gender,15 years and over,Estimate,Seasonally adjusted,Percent,239,units,0,v2064705,11.7.1.1.1.1,8.1,,,,1
1999-09,British Columbia,2021A000259,Unemployment rate,Total - Gender,15 years and over,Estimate,Seasonally adjusted,Percent,239,units,0,v2064705,11.7.1.1.1.1,7.8,,,,1
1999-10,British Columbia,2021A000259,Unemployment rate,Total - Gender,15 years and over,Estimate,Seasonally adjusted,Percent,239,units,0,v2064705,11.7.1.1.1.1,7.6,,,,1
1999-11,British Columbia,2021A000259,Unemployment rate,Total - Gender,15 years and over,Estimate,Seasonally adjusted,Percent,239,units,0,v2064705,11.7.1.1.1.1,7.9,,,,1
1999-12,British Columbia,2021A000259,Unemployment rate,Total - Gender,15 years and over,Estimate,Seasonally adjusted,Percent,239,units,0,v2064705,11.7.1.1.1.1,7.6,,,,1
2000-01,British Columbia,2021A000259,Unemployment rate,Total - Gender,15 years and over,Estimate,Seasonally adjusted,Percent,239,units,0,v2064705,11.7.1.1.1.1,7.2,,,,1
2000-02,British Columbia,2021A000259,Unemployment rate,Total - Gender,15 years and over,Estimate,Seasonally adjusted,Percent,239,units,0,v2064705,11.7.1.1.1.1,7.1,,,,1
2000-03,British Columbia,2021A000259,Unemployment rate,Total - Gender,15 years and over,Estimate,Seasonally adjusted,Percent,239,units,0,v2064705,11.7.1.1.1.1,7.2,,,,1
2000-04,British Columbia,2021A000259,Unemployment rate,Total - Gender,15 years and over,Estimate,Seasonally adjusted,Percent,239,units,0,v2064705,11.7.1.1.1.1,6.9,,,,1
2000-05,British Columbia,2021A000259,Unemployment rate,Total - Gender,15 years and over,Estimate,Seasonally adjusted,Percent,239,units,0,v2064705,11.7.1.1.1.1,6.9,,,,1
2000-06,British Columbia,2021A000259,Unemployment rate,Total - Gender,15 years and over,Estimate,Seasonally adjusted,Percent,239,units,0,v2064705,11.7.1.1.1.1,6.9,,,,1
2000-07,British Columbia,2021A000259,Unemployment rate,Total - Gender,15 years and over,Estimate,Seasonally adjusted,Percent,239,units,0,v2064705,11.7.1.1.1.1,6.9,,,,1
2000-08,British Columbia,2021A000259,Unemployment rate,Total - Gender,15 years and over,Estimate,Seasonally adjusted,Percent,239,units,0,v2064705,11.7.1.1.1.1,7.7,,,,1
2000-09,British Columbia,2021A000259,Unemployment rate,Total - Gender,15 years and over,Estimate,Seasonally adjusted,Percent,239,units,0,v2064705,11.7.1.1.1.1,7.6,,,,1
2000-10,British Columbia,2021A000259,Unemployment rate,Total - Gender,15 years and over,Estimate,Seasonally adjusted,Percent,239,units,0,v2064705,11.7.1.1.1.1,7.7,,,,1
2000-11,British Columbia,2021A000259,Unemployment rate,Total - Gender,15 years and over,Estimate,Seasonally adjusted,Percent,239,units,0,v2064705,11.7.1.1.1.1,7,,,,1
2000-12,British Columbia,2021A000259,Unemployment rate,Total - Gender,15 years and over,Estimate,Seasonally adjusted,Percent,239,units,0,v2064705,11.7.1.1.1.1,7,,,,1
2001-01,British Columbia,2021A000259,Unemployment rate,Total - Gender,15 years and over,Estimate,Seasonally adjusted,Percent,239,units,0,v2064705,11.7.1.1.1.1,7.3,,,,1
2001-02,British Columbia,2021A000259,Unemployment rate,Total - Gender,15 years and over,Estimate,Seasonally adjusted,Percent,239,units,0,v2064705,11.7.1.1.1.1,7.4,,,,1
2001-03,British Columbia,2021A000259,Unemployment rate,Total - Gender,15 years and over,Estimate,Seasonally adjusted,Percent,239,units,0,v2064705,11.7.1.1.1.1,6.8,,,,1
2001-04,British Columbia,2021A000259,Unemployment rate,Total - Gender,15 years and over,Estimate,Seasonally adjusted,Percent,239,units,0,v2064705,11.7.1.1.1.1,7.1,,,,1
2001-05,British Columbia,2021A000259,Unemployment rate,Total - Gender,15 years and over,Estimate,Seasonally adjusted,Percent,239,units,0,v2064705,11.7.1.1.1.1,6.8,,,,1
2001-06,British Columbia,2021A000259,Unemployment rate,Total - Gender,15 years and over,Estimate,Seasonally adjusted,Percent,239,units,0,v2064705,11.7.1.1.1.1,7.5,,,,1
2001-07,British Columbia,2021A000259,Unemployment rate,Total - Gender,15 years and over,Estimate,Seasonally adjusted,Percent,239,units,0,v2064705,11.7.1.1.1.1,7.5,,,,1
2001-08,British Columbia,2021A000259,Unemployment rate,Total - Gender,15 years and over,Estimate,Seasonally adjusted,Percent,239,units,0,v2064705,11.7.1.1.1.1,8.2,,,,1
2001-09,British Columbia,2021A000259,Unemployment rate,Total - Gender,15 years and over,Estimate,Seasonally adjusted,Percent,239,units,0,v2064705,11.7.1.1.1.1,7.8,,,,1
2001-10,British Columbia,2021A000259,Unemployment rate,Total - Gender,15 years and over,Estimate,Seasonally adjusted,Percent,239,units,0,v2064705,11.7.1.1.1.1,8.3,,,,1
2001-11,British Columbia,2021A000259,Unemployment rate,Total - Gender,15 years and over,Estimate,Seasonally adjusted,Percent,239,units,0,v2064705,11.7.1.1.1.1,8.6,,,,1
2001-12,British Columbia,2021A000259,Unemployment rate,Total - Gender,15 years and over,Estimate,Seasonally adjusted,Percent,239,units,0,v2064705,11.7.1.1.1.1,9.8,,,,1
2002-01,British Columbia,2021A000259,Unemployment rate,Total - Gender,15 years and over,Estimate,Seasonally adjusted,Percent,239,units,0,v2064705,11.7.1.1.1.1,9,,,,1
2002-02,British Columbia,2021A000259,Unemployment rate,Total - Gender,15 years and over,Estimate,Seasonally adjusted,Percent,239,units,0,v2064705,11.7.1.1.1.1,8.9,,,,1
2002-03,British Columbia,2021A000259,Unemployment rate,Total - Gender,15 years and over,Estimate,Seasonally adjusted,Percent,239,units,0,v2064705,11.7.1.1.1.1,9.2,,,,1
2002-04,British Columbia,2021A000259,Unemployment rate,Total - Gender,15 years and over,Estimate,Seasonally adjusted,Percent,239,units,0,v2064705,11.7.1.1.1.1,8.8,,,,1
2002-05,British Columbia,2021A000259,Unemployment rate,Total - Gender,15 years and over,Estimate,Seasonally adjusted,Percent,239,units,0,v2064705,11.7.1.1.1.1,9.3,,,,1
2002-06,British Columbia,2021A000259,Unemployment rate,Total - Gender,15 years and over,Estimate,Seasonally adjusted,Percent,239,units,0,v2064705,11.7.1.1.1.1,8.7,,,,1
2002-07,British Columbia,2021A000259,Unemployment rate,Total - Gender,15 years and over,Estimate,Seasonally adjusted,Percent,239,units,0,v2064705,11.7.1.1.1.1,8.2,,,,1
2002-08,British Columbia,2021A000259,Unemployment rate,Total - Gender,15 years and over,Estimate,Seasonally adjusted,Percent,239,units,0,v2064705,11.7.1.1.1.1,7.6,,,,1
2002-09,British Columbia,2021A000259,Unemployment rate,Total - Gender,15 years and over,Estimate,Seasonally adjusted,Percent,239,units,0,v2064705,11.7.1.1.1.1,7.9,,,,1
2002-10,British Columbia,2021A000259,Unemployment rate,Total - Gender,15 years and over,Estimate,Seasonally adjusted,Percent,239,units,0,v2064705,11.7.1.1.1.1,8.1,,,,1
2002-11,British Columbia,2021A000259,Unemployment rate,Total - Gender,15 years and over,Estimate,Seasonally adjusted,Percent,239,units,0,v2064705,11.7.1.1.1.1,8.6,,,,1
2002-12,British Columbia,2021A000259,Unemployment rate,Total - Gender,15 years and over,Estimate,Seasonally adjusted,Percent,239,units,0,v2064705,11.7.1.1.1.1,8.8,,,,1
2003-01,British Columbia,2021A000259,Unemployment rate,Total - Gender,15 years and over,Estimate,Seasonally adjusted,Percent,239,units,0,v2064705,11.7.1.1.1.1,8.1,,,,1
2003-02,British Columbia,2021A000259,Unemployment rate,Total - Gender,15 years and over,Estimate,Seasonally adjusted,Percent,239,units,0,v2064705,11.7.1.1.1.1,8.1,,,,1
2003-03,British Columbia,2021A000259,Unemployment rate,Total - Gender,15 years and over,Estimate,Seasonally adjusted,Percent,239,units,0,v2064705,11.7.1.1.1.1,7.8,,,,1
2003-04,British Columbia,2021A000259,Unemployment rate,Total - Gender,15 years and over,Estimate,Seasonally adjusted,Percent,239,units,0,v2064705,11.7.1.1.1.1,7.9,,,,1
2003-05,British Columbia,2021A000259,Unemployment rate,Total - Gender,15 years and over,Estimate,Seasonally adjusted,Percent,239,units,0,v2064705,11.7.1.1.1.1,8.4,,,,1
2003-06,British Columbia,2021A000259,Unemployment rate,Total - Gender,15 years and over,Estimate,Seasonally adjusted,Percent,239,units,0,v2064705,11.7.1.1.1.1,8,,,,1
2003-07,British Columbia,2021A000259,Unemployment rate,Total - Gender,15 years and over,Estimate,Seasonally adjusted,Percent,239,units,0,v2064705,11.7.1.1.1.1,8.6,,,,1
2003-08,British Columbia,2021A000259,Unemployment rate,Total - Gender,15 years and over,Estimate,Seasonally adjusted,Percent,239,units,0,v2064705,11.7.1.1.1.1,8.4,,,,1
2003-09,British Columbia,2021A000259,Unemployment rate,Total - Gender,15 years and over,Estimate,Seasonally adjusted,Percent,239,units,0,v2064705,11.7.1.1.1.1,8.6,,,,1
2003-10,British Columbia,2021A000259,Unemployment rate,Total - Gender,15 years and over,Estimate,Seasonally adjusted,Percent,239,units,0,v2064705,11.7.1.1.1.1,7.8,,,,1
2003-11,British Columbia,2021A000259,Unemployment rate,Total - Gender,15 years and over,Estimate,Seasonally adjusted,Percent,239,units,0,v2064705,11.7.1.1.1.1,7.7,,,,1
2003-12,British Columbia,2021A000259,Unemployment rate,Total - Gender,15 years and over,Estimate,Seasonally adjusted,Percent,239,units,0,v2064705,11.7.1.1.1.1,7.2,,,,1
2004-01,British Columbia,2021A000259,Unemployment rate,Total - Gender,15 years and over,Estimate,Seasonally adjusted,Percent,239,units,0,v2064705,11.7.1.1.1.1,7.6,,,,1
2004-02,British Columbia,2021A000259,Unemployment rate,Total - Gender,15 years and over,Estimate,Seasonally adjusted,Percent,239,units,0,v2064705,11.7.1.1.1.1,7.6,,,,1
2004-03,British Columbia,2021A000259,Unemployment rate,Total - Gender,15 years and over,Estimate,Seasonally adjusted,Percent,239,units,0,v2064705,11.7.1.1.1.1,7.6,,,,1
2004-04,British Columbia,2021A000259,Unemployment rate,Total - Gender,15 years and over,Estimate,Seasonally adjusted,Percent,239,units,0,v2064705,11.7.1.1.1.1,7.7,,,,1
2004-05,British Columbia,2021A000259,Unemployment rate,Total - Gender,15 years and over,Estimate,Seasonally adjusted,Percent,239,units,0,v2064705,11.7.1.1.1.1,7.5,,,,1
2004-06,British Columbia,2021A000259,Unemployment rate,Total - Gender,15 years and over,Estimate,Seasonally adjusted,Percent,239,units,0,v2064705,11.7.1.1.1.1,7.3,,,,1
2004-07,British Columbia,2021A000259,Unemployment rate,Total - Gender,15 years and over,Estimate,Seasonally adjusted,Percent,239,units,0,v2064705,11.7.1.1.1.1,6.9,,,,1
2004-08,British Columbia,2021A000259,Unemployment rate,Total - Gender,15 years and over,Estimate,Seasonally adjusted,Percent,239,units,0,v2064705,11.7.1.1.1.1,7.1,,,,1
2004-09,British Columbia,2021A000259,Unemployment rate,Total - Gender,15 years and over,Estimate,Seasonally adjusted,Percent,239,units,0,v2064705,11.7.1.1.1.1,6.6,,,,1
2004-10,British Columbia,2021A000259,Unemployment rate,Total - Gender,15 years and over,Estimate,Seasonally adjusted,Percent,239,units,0,v2064705,11.7.1.1.1.1,6.9,,,,1
2004-11,British Columbia,2021A000259,Unemployment rate,Total - Gender,15 years and over,Estimate,Seasonally adjusted,Percent,239,units,0,v2064705,11.7.1.1.1.1,6.5,,,,1
2004-12,British Columbia,2021A000259,Unemployment rate,Total - Gender,15 years and over,Estimate,Seasonally adjusted,Percent,239,units,0,v2064705,11.7.1.1.1.1,6.2,,,,1
2005-01,British Columbia,2021A000259,Unemployment rate,Total - Gender,15 years and over,Estimate,Seasonally adjusted,Percent,239,units,0,v2064705,11.7.1.1.1.1,6.6,,,,1
2005-02,British Columbia,2021A000259,Unemployment rate,Total - Gender,15 years and over,Estimate,Seasonally adjusted,Percent,239,units,0,v2064705,11.7.1.1.1.1,7.1,,,,1
2005-03,British Columbia,2021A000259,Unemployment rate,Total - Gender,15 years and over,Estimate,Seasonally adjusted,Percent,239,units,0,v2064705,11.7.1.1.1.1,6.5,,,,1
2005-04,British Columbia,2021A000259,Unemployment rate,Total - Gender,15 years and over,Estimate,Seasonally adjusted,Percent,239,units,0,v2064705,11.7.1.1.1.1,6.2,,,,1
2005-05,British Columbia,2021A000259,Unemployment rate,Total - Gender,15 years and over,Estimate,Seasonally adjusted,Percent,239,units,0,v2064705,11.7.1.1.1.1,5.9,,,,1
2005-06,British Columbia,2021A000259,Unemployment rate,Total - Gender,15 years and over,Estimate,Seasonally adjusted,Percent,239,units,0,v2064705,11.7.1.1.1.1,5.9,,,,1
2005-07,British Columbia,2021A000259,Unemployment rate,Total - Gender,15 years and over,Estimate,Seasonally adjusted,Percent,239,units,0,v2064705,11.7.1.1.1.1,5.9,,,,1
2005-08,British Columbia,2021A000259,Unemployment rate,Total - Gender,15 years and over,Estimate,Seasonally adjusted,Percent,239,units,0,v2064705,11.7.1.1.1.1,5.6,,,,1
2005-09,British Columbia,2021A000259,Unemployment rate,Total - Gender,15 years and over,Estimate,Seasonally adjusted,Percent,239,units,0,v2064705,11.7.1.1.1.1,5.4,,,,1
2005-10,British Columbia,2021A000259,Unemployment rate,Total - Gender,15 years and over,Estimate,Seasonally adjusted,Percent,239,units,0,v2064705,11.7.1.1.1.1,5,,,,1
2005-11,British Columbia,2021A000259,Unemployment rate,Total - Gender,15 years and over,Estimate,Seasonally adjusted,Percent,239,units,0,v2064705,11.7.1.1.1.1,4.8,,,,1
2005-12,British Columbia,2021A000259,Unemployment rate,Total - Gender,15 years and over,Estimate,Seasonally adjusted,Percent,239,units,0,v2064705,11.7.1.1.1.1,4.9,,,,1
2006-01,British Columbia,2021A000259,Unemployment rate,Total - Gender,15 years and over,Estimate,Seasonally adjusted,Percent,239,units,0,v2064705,11.7.1.1.1.1,5,,,,1
2006-02,British Columbia,2021A000259,Unemployment rate,Total - Gender,15 years and over,Estimate,Seasonally adjusted,Percent,239,units,0,v2064705,11.7.1.1.1.1,4.8,,,,1
2006-03,British Columbia,2021A000259,Unemployment rate,Total - Gender,15 years and over,Estimate,Seasonally adjusted,Percent,239,units,0,v2064705,11.7.1.1.1.1,4.7,,,,1
2006-04,British Columbia,2021A000259,Unemployment rate,Total - Gender,15 years and over,Estimate,Seasonally adjusted,Percent,239,units,0,v2064705,11.7.1.1.1.1,4.7,,,,1
2006-05,British Columbia,2021A000259,Unemployment rate,Total - Gender,15 years and over,Estimate,Seasonally adjusted,Percent,239,units,0,v2064705,11.7.1.1.1.1,4.5,,,,1
2006-06,British Columbia,2021A000259,Unemployment rate,Total - Gender,15 years and over,Estimate,Seasonally adjusted,Percent,239,units,0,v2064705,11.7.1.1.1.1,4.6,,,,1
2006-07,British Columbia,2021A000259,Unemployment rate,Total - Gender,15 years and over,Estimate,Seasonally adjusted,Percent,239,units,0,v2064705,11.7.1.1.1.1,4.9,,,,1
2006-08,British Columbia,2021A000259,Unemployment rate,Total - Gender,15 years and over,Estimate,Seasonally adjusted,Percent,239,units,0,v2064705,11.7.1.1.1.1,5.1,,,,1
2006-09,British Columbia,2021A000259,Unemployment rate,Total - Gender,15 years and over,Estimate,Seasonally adjusted,Percent,239,units,0,v2064705,11.7.1.1.1.1,4.9,,,,1
2006-10,British Columbia,2021A000259,Unemployment rate,Total - Gender,15 years and over,Estimate,Seasonally adjusted,Percent,239,units,0,v2064705,11.7.1.1.1.1,4.9,,,,1
2006-11,British Columbia,2021A000259,Unemployment rate,Total - Gender,15 years and over,Estimate,Seasonally adjusted,Percent,239,units,0,v2064705,11.7.1.1.1.1,5.1,,,,1
2006-12,British Columbia,2021A000259,Unemployment rate,Total - Gender,15 years and over,Estimate,Seasonally adjusted,Percent,239,units,0,v2064705,11.7.1.1.1.1,5.3,,,,1
2007-01,British Columbia,2021A000259,Unemployment rate,Total - Gender,15 years and over,Estimate,Seasonally adjusted,Percent,239,units,0,v2064705,11.7.1.1.1.1,4.6,,,,1
2007-02,British Columbia,2021A000259,Unemployment rate,Total - Gender,15 years and over,Estimate,Seasonally adjusted,Percent,239,units,0,v2064705,11.7.1.1.1.1,4.3,,,,1
2007-03,British Columbia,2021A000259,Unemployment rate,Total - Gender,15 years and over,Estimate,Seasonally adjusted,Percent,239,units,0,v2064705,11.7.1.1.1.1,4.4,,,,1
2007-04,British Columbia,2021A000259,Unemployment rate,Total - Gender,15 years and over,Estimate,Seasonally adjusted,Percent,239,units,0,v2064705,11.7.1.1.1.1,4.6,,,,1
2007-05,British Columbia,2021A000259,Unemployment rate,Total - Gender,15 years and over,Estimate,Seasonally adjusted,Percent,239,units,0,v2064705,11.7.1.1.1.1,4.2,,,,1
2007-06,British Columbia,2021A000259,Unemployment rate,Total - Gender,15 years and over,Estimate,Seasonally adjusted,Percent,239,units,0,v2064705,11.7.1.1.1.1,4.2,,,,1
2007-07,British Columbia,2021A000259,Unemployment rate,Total - Gender,15 years and over,Estimate,Seasonally adjusted,Percent,239,units,0,v2064705,11.7.1.1.1.1,4.3,,,,1
2007-08,British Columbia,2021A000259,Unemployment rate,Total - Gender,15 years and over,Estimate,Seasonally adjusted,Percent,239,units,0,v2064705,11.7.1.1.1.1,4.1,,,,1
2007-09,British Columbia,2021A000259,Unemployment rate,Total - Gender,15 years and over,Estimate,Seasonally adjusted,Percent,239,units,0,v2064705,11.7.1.1.1.1,4.7,,,,1
2007-10,British Columbia,2021A000259,Unemployment rate,Total - Gender,15 years and over,Estimate,Seasonally adjusted,Percent,239,units,0,v2064705,11.7.1.1.1.1,4.5,,,,1
2007-11,British Columbia,2021A000259,Unemployment rate,Total - Gender,15 years and over,Estimate,Seasonally adjusted,Percent,239,units,0,v2064705,11.7.1.1.1.1,4.2,,,,1
2007-12,British Columbia,2021A000259,Unemployment rate,Total - Gender,15 years and over,Estimate,Seasonally adjusted,Percent,239,units,0,v2064705,11.7.1.1.1.1,4.2,,,,1
2008-01,British Columbia,2021A000259,Unemployment rate,Total - Gender,15 years and over,Estimate,Seasonally adjusted,Percent,239,units,0,v2064705,11.7.1.1.1.1,4.4,,,,1
2008-02,British Columbia,2021A000259,Unemployment rate,Total - Gender,15 years and over,Estimate,Seasonally adjusted,Percent,239,units,0,v2064705,11.7.1.1.1.1,4.6,,,,1
2008-03,British Columbia,2021A000259,Unemployment rate,Total - Gender,15 years and over,Estimate,Seasonally adjusted,Percent,239,units,0,v2064705,11.7.1.1.1.1,4.5,,,,1
2008-04,British Columbia,2021A000259,Unemployment rate,Total - Gender,15 years and over,Estimate,Seasonally adjusted,Percent,239,units,0,v2064705,11.7.1.1.1.1,4.7,,,,1
2008-05,British Columbia,2021A000259,Unemployment rate,Total - Gender,15 years and over,Estimate,Seasonally adjusted,Percent,239,units,0,v2064705,11.7.1.1.1.1,4.7,,,,1
2008-06,British Columbia,2021A000259,Unemployment rate,Total - Gender,15 years and over,Estimate,Seasonally adjusted,Percent,239,units,0,v2064705,11.7.1.1.1.1,4.5,,,,1
2008-07,British Columbia,2021A000259,Unemployment rate,Total - Gender,15 years and over,Estimate,Seasonally adjusted,Percent,239,units,0,v2064705,11.7.1.1.1.1,4.6,,,,1
2008-08,British Columbia,2021A000259,Unemployment rate,Total - Gender,15 years and over,Estimate,Seasonally adjusted,Percent,239,units,0,v2064705,11.7.1.1.1.1,4.5,,,,1
2008-09,British Columbia,2021A000259,Unemployment rate,Total - Gender,15 years and over,Estimate,Seasonally adjusted,Percent,239,units,0,v2064705,11.7.1.1.1.1,4.6,,,,1
2008-10,British Columbia,2021A000259,Unemployment rate,Total - Gender,15 years and over,Estimate,Seasonally adjusted,Percent,239,units,0,v2064705,11.7.1.1.1.1,5.1,,,,1
2008-11,British Columbia,2021A000259,Unemployment rate,Total - Gender,15 years and over,Estimate,Seasonally adjusted,Percent,239,units,0,v2064705,11.7.1.1.1.1,5.3,,,,1
2008-12,British Columbia,2021A000259,Unemployment rate,Total - Gender,15 years and over,Estimate,Seasonally adjusted,Percent,239,units,0,v2064705,11.7.1.1.1.1,5.9,,,,1
2009-01,British Columbia,2021A000259,Unemployment rate,Total - Gender,15 years and over,Estimate,Seasonally adjusted,Percent,239,units,0,v2064705,11.7.1.1.1.1,6.7,,,,1
2009-02,British Columbia,2021A000259,Unemployment rate,Total - Gender,15 years and over,Estimate,Seasonally adjusted,Percent,239,units,0,v2064705,11.7.1.1.1.1,7.2,,,,1
2009-03,British Columbia,2021A000259,Unemployment rate,Total - Gender,15 years and over,Estimate,Seasonally adjusted,Percent,239,units,0,v2064705,11.7.1.1.1.1,7.6,,,,1
2009-04,British Columbia,2021A000259,Unemployment rate,Total - Gender,15 years and over,Estimate,Seasonally adjusted,Percent,239,units,0,v2064705,11.7.1.1.1.1,8,,,,1
2009-05,British Columbia,2021A000259,Unemployment rate,Total - Gender,15 years and over,Estimate,Seasonally adjusted,Percent,239,units,0,v2064705,11.7.1.1.1.1,8,,,,1
2009-06,British Columbia,2021A000259,Unemployment rate,Total - Gender,15 years and over,Estimate,Seasonally adjusted,Percent,239,units,0,v2064705,11.7.1.1.1.1,8.4,,,,1
2009-07,British Columbia,2021A000259,Unemployment rate,Total - Gender,15 years and over,Estimate,Seasonally adjusted,Percent,239,units,0,v2064705,11.7.1.1.1.1,7.9,,,,1
2009-08,British Columbia,2021A000259,Unemployment rate,Total - Gender,15 years and over,Estimate,Seasonally adjusted,Percent,239,units,0,v2064705,11.7.1.1.1.1,8.1,,,,1
2009-09,British Columbia,2021A000259,Unemployment rate,Total - Gender,15 years and over,Estimate,Seasonally adjusted,Percent,239,units,0,v2064705,11.7.1.1.1.1,7.3,,,,1
2009-10,British Columbia,2021A000259,Unemployment rate,Total - Gender,15 years and over,Estimate,Seasonally adjusted,Percent,239,units,0,v2064705,11.7.1.1.1.1,7.9,,,,1
2009-11,British Columbia,2021A000259,Unemployment rate,Total - Gender,15 years and over,Estimate,Seasonally adjusted,Percent,239,units,0,v2064705,11.7.1.1.1.1,8.1,,,,1
2009-12,British Columbia,2021A000259,Unemployment rate,Total - Gender,15 years and over,Estimate,Seasonally adjusted,Percent,239,units,0,v2064705,11.7.1.1.1.1,8.5,,,,1
2010-01,British Columbia,2021A000259,Unemployment rate,Total - Gender,15 years and over,Estimate,Seasonally adjusted,Percent,239,units,0,v2064705,11.7.1.1.1.1,8.1,,,,1
2010-02,British Columbia,2021A000259,Unemployment rate,Total - Gender,15 years and over,Estimate,Seasonally adjusted,Percent,239,units,0,v2064705,11.7.1.1.1.1,7.7,,,,1
2010-03,British Columbia,2021A000259,Unemployment rate,Total - Gender,15 years and over,Estimate,Seasonally adjusted,Percent,239,units,0,v2064705,11.7.1.1.1.1,8,,,,1
2010-04,British Columbia,2021A000259,Unemployment rate,Total - Gender,15 years and over,Estimate,Seasonally adjusted,Percent,239,units,0,v2064705,11.7.1.1.1.1,7.5,,,,1
2010-05,British Columbia,2021A000259,Unemployment rate,Total - Gender,15 years and over,Estimate,Seasonally adjusted,Percent,239,units,0,v2064705,11.7.1.1.1.1,7.6,,,,1
2010-06,British Columbia,2021A000259,Unemployment rate,Total - Gender,15 years and over,Estimate,Seasonally adjusted,Percent,239,units,0,v2064705,11.7.1.1.1.1,7.9,,,,1
2010-07,British Columbia,2021A000259,Unemployment rate,Total - Gender,15 years and over,Estimate,Seasonally adjusted,Percent,239,units,0,v2064705,11.7.1.1.1.1,7.7,,,,1
2010-08,British Columbia,2021A000259,Unemployment rate,Total - Gender,15 years and over,Estimate,Seasonally adjusted,Percent,239,units,0,v2064705,11.7.1.1.1.1,7.5,,,,1
2010-09,British Columbia,2021A000259,Unemployment rate,Total - Gender,15 years and over,Estimate,Seasonally adjusted,Percent,239,units,0,v2064705,11.7.1.1.1.1,7.9,,,,1
2010-10,British Columbia,2021A000259,Unemployment rate,Total - Gender,15 years and over,Estimate,Seasonally adjusted,Percent,239,units,0,v2064705,11.7.1.1.1.1,8.1,,,,1
2010-11,British Columbia,2021A000259,Unemployment rate,Total - Gender,15 years and over,Estimate,Seasonally adjusted,Percent,239,units,0,v2064705,11.7.1.1.1.1,7.6,,,,1
2010-12,British Columbia,2021A000259,Unemployment rate,Total - Gender,15 years and over,Estimate,Seasonally adjusted,Percent,239,units,0,v2064705,11.7.1.1.1.1,7.9,,,,1
2011-01,British Columbia,2021A000259,Unemployment rate,Total - Gender,15 years and over,Estimate,Seasonally adjusted,Percent,239,units,0,v2064705,11.7.1.1.1.1,8.2,,,,1
2011-02,British Columbia,2021A000259,Unemployment rate,Total - Gender,15 years and over,Estimate,Seasonally adjusted,Percent,239,units,0,v2064705,11.7.1.1.1.1,8.7,,,,1
2011-03,British Columbia,2021A000259,Unemployment rate,Total - Gender,15 years and over,Estimate,Seasonally adjusted,Percent,239,units,0,v2064705,11.7.1.1.1.1,8.1,,,,1
2011-04,British Columbia,2021A000259,Unemployment rate,Total - Gender,15 years and over,Estimate,Seasonally adjusted,Percent,239,units,0,v2064705,11.7.1.1.1.1,7.9,,,,1
2011-05,British Columbia,2021A000259,Unemployment rate,Total - Gender,15 years and over,Estimate,Seasonally adjusted,Percent,239,units,0,v2064705,11.7.1.1.1.1,7.6,,,,1
2011-06,British Columbia,2021A000259,Unemployment rate,Total - Gender,15 years and over,Estimate,Seasonally adjusted,Percent,239,units,0,v2064705,11.7.1.1.1.1,7.6,,,,1
2011-07,British Columbia,2021A000259,Unemployment rate,Total - Gender,15 years and over,Estimate,Seasonally adjusted,Percent,239,units,0,v2064705,11.7.1.1.1.1,7.6,,,,1
2011-08,British Columbia,2021A000259,Unemployment rate,Total - Gender,15 years and over,Estimate,Seasonally adjusted,Percent,239,units,0,v2064705,11.7.1.1.1.1,7.6,,,,1
2011-09,British Columbia,2021A000259,Unemployment rate,Total - Gender,15 years and over,Estimate,Seasonally adjusted,Percent,239,units,0,v2064705,11.7.1.1.1.1,7.3,,,,1
2011-10,British Columbia,2021A000259,Unemployment rate,Total - Gender,15 years and over,Estimate,Seasonally adjusted,Percent,239,units,0,v2064705,11.7.1.1.1.1,6.9,,,,1
2011-11,British Columbia,2021A000259,Unemployment rate,Total - Gender,15 years and over,Estimate,Seasonally adjusted,Percent,239,units,0,v2064705,11.7.1.1.1.1,7.2,,,,1
2011-12,British Columbia,2021A000259,Unemployment rate,Total - Gender,15 years and over,Estimate,Seasonally adjusted,Percent,239,units,0,v2064705,11.7.1.1.1.1,6.9,,,,1
2012-01,British Columbia,2021A000259,Unemployment rate,Total - Gender,15 years and over,Estimate,Seasonally adjusted,Percent,239,units,0,v2064705,11.7.1.1.1.1,7.1,,,,1
2012-02,British Columbia,2021A000259,Unemployment rate,Total - Gender,15 years and over,Estimate,Seasonally adjusted,Percent,239,units,0,v2064705,11.7.1.1.1.1,7,,,,1
2012-03,British Columbia,2021A000259,Unemployment rate,Total - Gender,15 years and over,Estimate,Seasonally adjusted,Percent,239,units,0,v2064705,11.7.1.1.1.1,7.1,,,,1
2012-04,British Columbia,2021A000259,Unemployment rate,Total - Gender,15 years and over,Estimate,Seasonally adjusted,Percent,239,units,0,v2064705,11.7.1.1.1.1,6.7,,,,1
2012-05,British Columbia,2021A000259,Unemployment rate,Total - Gender,15 years and over,Estimate,Seasonally adjusted,Percent,239,units,0,v2064705,11.7.1.1.1.1,7.4,,,,1
2012-06,British Columbia,2021A000259,Unemployment rate,Total - Gender,15 years and over,Estimate,Seasonally adjusted,Percent,239,units,0,v2064705,11.7.1.1.1.1,6.9,,,,1
2012-07,British Columbia,2021A000259,Unemployment rate,Total - Gender,15 years and over,Estimate,Seasonally adjusted,Percent,239,units,0,v2064705,11.7.1.1.1.1,7.1,,,,1
2012-08,British Columbia,2021A000259,Unemployment rate,Total - Gender,15 years and over,Estimate,Seasonally adjusted,Percent,239,units,0,v2064705,11.7.1.1.1.1,6.7,,,,1
2012-09,British Columbia,2021A000259,Unemployment rate,Total - Gender,15 years and over,Estimate,Seasonally adjusted,Percent,239,units,0,v2064705,11.7.1.1.1.1,7.2,,,,1
2012-10,British Columbia,2021A000259,Unemployment rate,Total - Gender,15 years and over,Estimate,Seasonally adjusted,Percent,239,units,0,v2064705,11.7.1.1.1.1,6.9,,,,1
2012-11,British Columbia,2021A000259,Unemployment rate,Total - Gender,15 years and over,Estimate,Seasonally adjusted,Percent,239,units,0,v2064705,11.7.1.1.1.1,6.8,,,,1
2012-12,British Columbia,2021A000259,Unemployment rate,Total - Gender,15 years and over,Estimate,Seasonally adjusted,Percent,239,units,0,v2064705,11.7.1.1.1.1,6.5,,,,1
2013-01,British Columbia,2021A000259,Unemployment rate,Total - Gender,15 years and over,Estimate,Seasonally adjusted,Percent,239,units,0,v2064705,11.7.1.1.1.1,6.6,,,,1
2013-02,British Columbia,2021A000259,Unemployment rate,Total - Gender,15 years and over,Estimate,Seasonally adjusted,Percent,239,units,0,v2064705,11.7.1.1.1.1,6.6,,,,1
2013-03,British Columbia,2021A000259,Unemployment rate,Total - Gender,15 years and over,Estimate,Seasonally adjusted,Percent,239,units,0,v2064705,11.7.1.1.1.1,7,,,,1
2013-04,British Columbia,2021A000259,Unemployment rate,Total - Gender,15 years and over,Estimate,Seasonally adjusted,Percent,239,units,0,v2064705,11.7.1.1.1.1,6.8,,,,1
2013-05,British Columbia,2021A000259,Unemployment rate,Total - Gender,15 years and over,Estimate,Seasonally adjusted,Percent,239,units,0,v2064705,11.7.1.1.1.1,6.5,,,,1
2013-06,British Columbia,2021A000259,Unemployment rate,Total - Gender,15 years and over,Estimate,Seasonally adjusted,Percent,239,units,0,v2064705,11.7.1.1.1.1,6.6,,,,1
2013-07,British Columbia,2021A000259,Unemployment rate,Total - Gender,15 years and over,Estimate,Seasonally adjusted,Percent,239,units,0,v2064705,11.7.1.1.1.1,6.7,,,,1
2013-08,British Columbia,2021A000259,Unemployment rate,Total - Gender,15 years and over,Estimate,Seasonally adjusted,Percent,239,units,0,v2064705,11.7.1.1.1.1,6.7,,,,1
2013-09,British Columbia,2021A000259,Unemployment rate,Total - Gender,15 years and over,Estimate,Seasonally adjusted,Percent,239,units,0,v2064705,11.7.1.1.1.1,6.5,,,,1
2013-10,British Columbia,2021A000259,Unemployment rate,Total - Gender,15 years and over,Estimate,Seasonally adjusted,Percent,239,units,0,v2064705,11.7.1.1.1.1,6.7,,,,1
2013-11,British Columbia,2021A000259,Unemployment rate,Total - Gender,15 years and over,Estimate,Seasonally adjusted,Percent,239,units,0,v2064705,11.7.1.1.1.1,6.9,,,,1
2013-12,British Columbia,2021A000259,Unemployment rate,Total - Gender,15 years and over,Estimate,Seasonally adjusted,Percent,239,units,0,v2064705,11.7.1.1.1.1,6.9,,,,1
2014-01,British Columbia,2021A000259,Unemployment rate,Total - Gender,15 years and over,Estimate,Seasonally adjusted,Percent,239,units,0,v2064705,11.7.1.1.1.1,6.8,,,,1
2014-02,British Columbia,2021A000259,Unemployment rate,Total - Gender,15 years and over,Estimate,Seasonally adjusted,Percent,239,units,0,v2064705,11.7.1.1.1.1,6.5,,,,1
2014-03,British Columbia,2021A000259,Unemployment rate,Total - Gender,15 years and over,Estimate,Seasonally adjusted,Percent,239,units,0,v2064705,11.7.1.1.1.1,6,,,,1
2014-04,British Columbia,2021A000259,Unemployment rate,Total - Gender,15 years and over,Estimate,Seasonally adjusted,Percent,239,units,0,v2064705,11.7.1.1.1.1,6.3,,,,1
2014-05,British Columbia,2021A000259,Unemployment rate,Total - Gender,15 years and over,Estimate,Seasonally adjusted,Percent,239,units,0,v2064705,11.7.1.1.1.1,6.7,,,,1
2014-06,British Columbia,2021A000259,Unemployment rate,Total - Gender,15 years and over,Estimate,Seasonally adjusted,Percent,239,units,0,v2064705,11.7.1.1.1.1,6.4,,,,1
2014-07,British Columbia,2021A000259,Unemployment rate,Total - Gender,15 years and over,Estimate,Seasonally adjusted,Percent,239,units,0,v2064705,11.7.1.1.1.1,6.3,,,,1
2014-08,British Columbia,2021A000259,Unemployment rate,Total - Gender,15 years and over,Estimate,Seasonally adjusted,Percent,239,units,0,v2064705,11.7.1.1.1.1,6.4,,,,1
2014-09,British Columbia,2021A000259,Unemployment rate,Total - Gender,15 years and over,Estimate,Seasonally adjusted,Percent,239,units,0,v2064705,11.7.1.1.1.1,6.3,,,,1
2014-10,British Columbia,2021A000259,Unemployment rate,Total - Gender,15 years and over,Estimate,Seasonally adjusted,Percent,239,units,0,v2064705,11.7.1.1.1.1,6,,,,1
2014-11,British Columbia,2021A000259,Unemployment rate,Total - Gender,15 years and over,Estimate,Seasonally adjusted,Percent,239,units,0,v2064705,11.7.1.1.1.1,5.7,,,,1
2014-12,British Columbia,2021A000259,Unemployment rate,Total - Gender,15 years and over,Estimate,Seasonally adjusted,Percent,239,units,0,v2064705,11.7.1.1.1.1,5.4,,,,1
2015-01,British Columbia,2021A000259,Unemployment rate,Total - Gender,15 years and over,Estimate,Seasonally adjusted,Percent,239,units,0,v2064705,11.7.1.1.1.1,5.7,,,,1
2015-02,British Columbia,2021A000259,Unemployment rate,Total - Gender,15 years and over,Estimate,Seasonally adjusted,Percent,239,units,0,v2064705,11.7.1.1.1.1,6,,,,1
2015-03,British Columbia,2021A000259,Unemployment rate,Total - Gender,15 years and over,Estimate,Seasonally adjusted,Percent,239,units,0,v2064705,11.7.1.1.1.1,5.9,,,,1
2015-04,British Columbia,2021A000259,Unemployment rate,Total - Gender,15 years and over,Estimate,Seasonally adjusted,Percent,239,units,0,v2064705,11.7.1.1.1.1,6.5,,,,1
2015-05,British Columbia,2021A000259,Unemployment rate,Total - Gender,15 years and over,Estimate,Seasonally adjusted,Percent,239,units,0,v2064705,11.7.1.1.1.1,6,,,,1
2015-06,British Columbia,2021A000259,Unemployment rate,Total - Gender,15 years and over,Estimate,Seasonally adjusted,Percent,239,units,0,v2064705,11.7.1.1.1.1,5.9,,,,1
2015-07,British Columbia,2021A000259,Unemployment rate,Total - Gender,15 years and over,Estimate,Seasonally adjusted,Percent,239,units,0,v2064705,11.7.1.1.1.1,6.3,,,,1
2015-08,British Columbia,2021A000259,Unemployment rate,Total - Gender,15 years and over,Estimate,Seasonally adjusted,Percent,239,units,0,v2064705,11.7.1.1.1.1,6.1,,,,1
2015-09,British Columbia,2021A000259,Unemployment rate,Total - Gender,15 years and over,Estimate,Seasonally adjusted,Percent,239,units,0,v2064705,11.7.1.1.1.1,6.4,,,,1
2015-10,British Columbia,2021A000259,Unemployment rate,Total - Gender,15 years and over,Estimate,Seasonally adjusted,Percent,239,units,0,v2064705,11.7.1.1.1.1,6.1,,,,1
2015-11,British Columbia,2021A000259,Unemployment rate,Total - Gender,15 years and over,Estimate,Seasonally adjusted,Percent,239,units,0,v2064705,11.7.1.1.1.1,6.1,,,,1
2015-12,British Columbia,2021A000259,Unemployment rate,Total - Gender,15 years and over,Estimate,Seasonally adjusted,Percent,239,units,0,v2064705,11.7.1.1.1.1,6.8,,,,1
2016-01,British Columbia,2021A000259,Unemployment rate,Total - Gender,15 years and over,Estimate,Seasonally adjusted,Percent,239,units,0,v2064705,11.7.1.1.1.1,6.7,,,,1
2016-02,British Columbia,2021A000259,Unemployment rate,Total - Gender,15 years and over,Estimate,Seasonally adjusted,Percent,239,units,0,v2064705,11.7.1.1.1.1,6.7,,,,1
2016-03,British Columbia,2021A000259,Unemployment rate,Total - Gender,15 years and over,Estimate,Seasonally adjusted,Percent,239,units,0,v2064705,11.7.1.1.1.1,6.2,,,,1
2016-04,British Columbia,2021A000259,Unemployment rate,Total - Gender,15 years and over,Estimate,Seasonally adjusted,Percent,239,units,0,v2064705,11.7.1.1.1.1,5.6,,,,1
2016-05,British Columbia,2021A000259,Unemployment rate,Total - Gender,15 years and over,Estimate,Seasonally adjusted,Percent,239,units,0,v2064705,11.7.1.1.1.1,5.8,,,,1
2016-06,British Columbia,2021A000259,Unemployment rate,Total - Gender,15 years and over,Estimate,Seasonally adjusted,Percent,239,units,0,v2064705,11.7.1.1.1.1,5.9,,,,1
2016-07,British Columbia,2021A000259,Unemployment rate,Total - Gender,15 years and over,Estimate,Seasonally adjusted,Percent,239,units,0,v2064705,11.7.1.1.1.1,5.7,,,,1
2016-08,British Columbia,2021A000259,Unemployment rate,Total - Gender,15 years and over,Estimate,Seasonally adjusted,Percent,239,units,0,v2064705,11.7.1.1.1.1,5.7,,,,1
2016-09,British Columbia,2021A000259,Unemployment rate,Total - Gender,15 years and over,Estimate,Seasonally adjusted,Percent,239,units,0,v2064705,11.7.1.1.1.1,6.1,,,,1
2016-10,British Columbia,2021A000259,Unemployment rate,Total - Gender,15 years and over,Estimate,Seasonally adjusted,Percent,239,units,0,v2064705,11.7.1.1.1.1,6.2,,,,1
2016-11,British Columbia,2021A000259,Unemployment rate,Total - Gender,15 years and over,Estimate,Seasonally adjusted,Percent,239,units,0,v2064705,11.7.1.1.1.1,6.2,,,,1
2016-12,British Columbia,2021A000259,Unemployment rate,Total - Gender,15 years and over,Estimate,Seasonally adjusted,Percent,239,units,0,v2064705,11.7.1.1.1.1,6.2,,,,1
2017-01,British Columbia,2021A000259,Unemployment rate,Total - Gender,15 years and over,Estimate,Seasonally adjusted,Percent,239,units,0,v2064705,11.7.1.1.1.1,5.6,,,,1
2017-02,British Columbia,2021A000259,Unemployment rate,Total - Gender,15 years and over,Estimate,Seasonally adjusted,Percent,239,units,0,v2064705,11.7.1.1.1.1,5.4,,,,1
2017-03,British Columbia,2021A000259,Unemployment rate,Total - Gender,15 years and over,Estimate,Seasonally adjusted,Percent,239,units,0,v2064705,11.7.1.1.1.1,5.6,,,,1
2017-04,British Columbia,2021A000259,Unemployment rate,Total - Gender,15 years and over,Estimate,Seasonally adjusted,Percent,239,units,0,v2064705,11.7.1.1.1.1,5.4,,,,1
2017-05,British Columbia,2021A000259,Unemployment rate,Total - Gender,15 years and over,Estimate,Seasonally adjusted,Percent,239,units,0,v2064705,11.7.1.1.1.1,5.4,,,,1
2017-06,British Columbia,2021A000259,Unemployment rate,Total - Gender,15 years and over,Estimate,Seasonally adjusted,Percent,239,units,0,v2064705,11.7.1.1.1.1,5.2,,,,1
2017-07,British Columbia,2021A000259,Unemployment rate,Total - Gender,15 years and over,Estimate,Seasonally adjusted,Percent,239,units,0,v2064705,11.7.1.1.1.1,5,,,,1
2017-08,British Columbia,2021A000259,Unemployment rate,Total - Gender,15 years and over,Estimate,Seasonally adjusted,Percent,239,units,0,v2064705,11.7.1.1.1.1,5.2,,,,1
2017-09,British Columbia,2021A000259,Unemployment rate,Total - Gender,15 years and over,Estimate,Seasonally adjusted,Percent,239,units,0,v2064705,11.7.1.1.1.1,5.3,,,,1
2017-10,British Columbia,2021A000259,Unemployment rate,Total - Gender,15 years and over,Estimate,Seasonally adjusted,Percent,239,units,0,v2064705,11.7.1.1.1.1,5.5,,,,1
2017-11,British Columbia,2021A000259,Unemployment rate,Total - Gender,15 years and over,Estimate,Seasonally adjusted,Percent,239,units,0,v2064705,11.7.1.1.1.1,5.1,,,,1
2017-12,British Columbia,2021A000259,Unemployment rate,Total - Gender,15 years and over,Estimate,Seasonally adjusted,Percent,239,units,0,v2064705,11.7.1.1.1.1,4.9,,,,1
2018-01,British Columbia,2021A000259,Unemployment rate,Total - Gender,15 years and over,Estimate,Seasonally adjusted,Percent,239,units,0,v2064705,11.7.1.1.1.1,4.9,,,,1
2018-02,British Columbia,2021A000259,Unemployment rate,Total - Gender,15 years and over,Estimate,Seasonally adjusted,Percent,239,units,0,v2064705,11.7.1.1.1.1,5,,,,1
2018-03,British Columbia,2021A000259,Unemployment rate,Total - Gender,15 years and over,Estimate,Seasonally adjusted,Percent,239,units,0,v2064705,11.7.1.1.1.1,4.9,,,,1
2018-04,British Columbia,2021A000259,Unemployment rate,Total - Gender,15 years and over,Estimate,Seasonally adjusted,Percent,239,units,0,v2064705,11.7.1.1.1.1,5,,,,1
2018-05,British Columbia,2021A000259,Unemployment rate,Total - Gender,15 years and over,Estimate,Seasonally adjusted,Percent,239,units,0,v2064705,11.7.1.1.1.1,4.8,,,,1
2018-06,British Columbia,2021A000259,Unemployment rate,Total - Gender,15 years and over,Estimate,Seasonally adjusted,Percent,239,units,0,v2064705,11.7.1.1.1.1,4.9,,,,1
2018-07,British Columbia,2021A000259,Unemployment rate,Total - Gender,15 years and over,Estimate,Seasonally adjusted,Percent,239,units,0,v2064705,11.7.1.1.1.1,4.6,,,,1
2018-08,British Columbia,2021A000259,Unemployment rate,Total - Gender,15 years and over,Estimate,Seasonally adjusted,Percent,239,units,0,v2064705,11.7.1.1.1.1,4.7,,,,1
2018-09,British Columbia,2021A000259,Unemployment rate,Total - Gender,15 years and over,Estimate,Seasonally adjusted,Percent,239,units,0,v2064705,11.7.1.1.1.1,4.1,,,,1
2018-10,British Columbia,2021A000259,Unemployment rate,Total - Gender,15 years and over,Estimate,Seasonally adjusted,Percent,239,units,0,v2064705,11.7.1.1.1.1,4.2,,,,1
2018-11,British Columbia,2021A000259,Unemployment rate,Total - Gender,15 years and over,Estimate,Seasonally adjusted,Percent,239,units,0,v2064705,11.7.1.1.1.1,4.7,,,,1
2018-12,British Columbia,2021A000259,Unemployment rate,Total - Gender,15 years and over,Estimate,Seasonally adjusted,Percent,239,units,0,v2064705,11.7.1.1.1.1,4.5,,,,1
2019-01,British Columbia,2021A000259,Unemployment rate,Total - Gender,15 years and over,Estimate,Seasonally adjusted,Percent,239,units,0,v2064705,11.7.1.1.1.1,4.7,,,,1
2019-02,British Columbia,2021A000259,Unemployment rate,Total - Gender,15 years and over,Estimate,Seasonally adjusted,Percent,239,units,0,v2064705,11.7.1.1.1.1,4.6,,,,1
2019-03,British Columbia,2021A000259,Unemployment rate,Total - Gender,15 years and over,Estimate,Seasonally adjusted,Percent,239,units,0,v2064705,11.7.1.1.1.1,4.8,,,,1
2019-04,British Columbia,2021A000259,Unemployment rate,Total - Gender,15 years and over,Estimate,Seasonally adjusted,Percent,239,units,0,v2064705,11.7.1.1.1.1,4.7,,,,1
2019-05,British Columbia,2021A000259,Unemployment rate,Total - Gender,15 years and over,Estimate,Seasonally adjusted,Percent,239,units,0,v2064705,11.7.1.1.1.1,4.6,,,,1
2019-06,British Columbia,2021A000259,Unemployment rate,Total - Gender,15 years and over,Estimate,Seasonally adjusted,Percent,239,units,0,v2064705,11.7.1.1.1.1,4.8,,,,1
2019-07,British Columbia,2021A000259,Unemployment rate,Total - Gender,15 years and over,Estimate,Seasonally adjusted,Percent,239,units,0,v2064705,11.7.1.1.1.1,4.7,,,,1
2019-08,British Columbia,2021A000259,Unemployment rate,Total - Gender,15 years and over,Estimate,Seasonally adjusted,Percent,239,units,0,v2064705,11.7.1.1.1.1,5,,,,1
2019-09,British Columbia,2021A000259,Unemployment rate,Total - Gender,15 years and over,Estimate,Seasonally adjusted,Percent,239,units,0,v2064705,11.7.1.1.1.1,5,,,,1
2019-10,British Columbia,2021A000259,Unemployment rate,Total - Gender,15 years and over,Estimate,Seasonally adjusted,Percent,239,units,0,v2064705,11.7.1.1.1.1,4.9,,,,1
2019-11,British Columbia,2021A000259,Unemployment rate,Total - Gender,15 years and over,Estimate,Seasonally adjusted,Percent,239,units,0,v2064705,11.7.1.1.1.1,5.2,,,,1
2019-12,British Columbia,2021A000259,Unemployment rate,Total - Gender,15 years and over,Estimate,Seasonally adjusted,Percent,239,units,0,v2064705,11.7.1.1.1.1,4.9,,,,1
2020-01,British Columbia,2021A000259,Unemployment rate,Total - Gender,15 years and over,Estimate,Seasonally adjusted,Percent,239,units,0,v2064705,11.7.1.1.1.1,4.7,,,,1
2020-02,British Columbia,2021A000259,Unemployment rate,Total - Gender,15 years and over,Estimate,Seasonally adjusted,Percent,239,units,0,v2064705,11.7.1.1.1.1,5.4,,,,1
2020-03,British Columbia,2021A000259,Unemployment rate,Total - Gender,15 years and over,Estimate,Seasonally adjusted,Percent,239,units,0,v2064705,11.7.1.1.1.1,7.9,,,,1
2020-04,British Columbia,2021A000259,Unemployment rate,Total - Gender,15 years and over,Estimate,Seasonally adjusted,Percent,239,units,0,v2064705,11.7.1.1.1.1,11.9,,,,1
2020-05,British Columbia,2021A000259,Unemployment rate,Total - Gender,15 years and over,Estimate,Seasonally adjusted,Percent,239,units,0,v2064705,11.7.1.1.1.1,14,,,,1
2020-06,British Columbia,2021A000259,Unemployment rate,Total - Gender,15 years and over,Estimate,Seasonally adjusted,Percent,239,units,0,v2064705,11.7.1.1.1.1,12.8,,,,1
2020-07,British Columbia,2021A000259,Unemployment rate,Total - Gender,15 years and over,Estimate,Seasonally adjusted,Percent,239,units,0,v2064705,11.7.1.1.1.1,10.8,,,,1
2020-08,British Columbia,2021A000259,Unemployment rate,Total - Gender,15 years and over,Estimate,Seasonally adjusted,Percent,239,units,0,v2064705,11.7.1.1.1.1,10.5,,,,1
2020-09,British Columbia,2021A000259,Unemployment rate,Total - Gender,15 years and over,Estimate,Seasonally adjusted,Percent,239,units,0,v2064705,11.7.1.1.1.1,8.7,,,,1
2020-10,British Columbia,2021A000259,Unemployment rate,Total - Gender,15 years and over,Estimate,Seasonally adjusted,Percent,239,units,0,v2064705,11.7.1.1.1.1,8.2,,,,1
2020-11,British Columbia,2021A000259,Unemployment rate,Total - Gender,15 years and over,Estimate,Seasonally adjusted,Percent,239,units,0,v2064705,11.7.1.1.1.1,7.8,,,,1
2020-12,British Columbia,2021A000259,Unemployment rate,Total - Gender,15 years and over,Estimate,Seasonally adjusted,Percent,239,units,0,v2064705,11.7.1.1.1.1,7.6,,,,1
2021-01,British Columbia,2021A000259,Unemployment rate,Total - Gender,15 years and over,Estimate,Seasonally adjusted,Percent,239,units,0,v2064705,11.7.1.1.1.1,7.6,,,,1
2021-02,British Columbia,2021A000259,Unemployment rate,Total - Gender,15 years and over,Estimate,Seasonally adjusted,Percent,239,units,0,v2064705,11.7.1.1.1.1,7.3,,,,1
2021-03,British Columbia,2021A000259,Unemployment rate,Total - Gender,15 years and over,Estimate,Seasonally adjusted,Percent,239,units,0,v2064705,11.7.1.1.1.1,7.2,,,,1
2021-04,British Columbia,2021A000259,Unemployment rate,Total - Gender,15 years and over,Estimate,Seasonally adjusted,Percent,239,units,0,v2064705,11.7.1.1.1.1,7,,,,1
2021-05,British Columbia,2021A000259,Unemployment rate,Total - Gender,15 years and over,Estimate,Seasonally adjusted,Percent,239,units,0,v2064705,11.7.1.1.1.1,7.1,,,,1
2021-06,British Columbia,2021A000259,Unemployment rate,Total - Gender,15 years and over,Estimate,Seasonally adjusted,Percent,239,units,0,v2064705,11.7.1.1.1.1,6.6,,,,1
2021-07,British Columbia,2021A000259,Unemployment rate,Total - Gender,15 years and over,Estimate,Seasonally adjusted,Percent,239,units,0,v2064705,11.7.1.1.1.1,6.4,,,,1
2021-08,British Columbia,2021A000259,Unemployment rate,Total - Gender,15 years and over,Estimate,Seasonally adjusted,Percent,239,units,0,v2064705,11.7.1.1.1.1,6.5,,,,1
2021-09,British Columbia,2021A000259,Unemployment rate,Total - Gender,15 years and over,Estimate,Seasonally adjusted,Percent,239,units,0,v2064705,11.7.1.1.1.1,6.2,,,,1
2021-10,British Columbia,2021A000259,Unemployment rate,Total - Gender,15 years and over,Estimate,Seasonally adjusted,Percent,239,units,0,v2064705,11.7.1.1.1.1,5.6,,,,1
2021-11,British Columbia,2021A000259,Unemployment rate,Total - Gender,15 years and over,Estimate,Seasonally adjusted,Percent,239,units,0,v2064705,11.7.1.1.1.1,5.5,,,,1
2021-12,British Columbia,2021A000259,Unemployment rate,Total - Gender,15 years and over,Estimate,Seasonally adjusted,Percent,239,units,0,v2064705,11.7.1.1.1.1,5.3,,,,1
2022-01,British Columbia,2021A000259,Unemployment rate,Total - Gender,15 years and over,Estimate,Seasonally adjusted,Percent,239,units,0,v2064705,11.7.1.1.1.1,5.1,,,,1
2022-02,British Columbia,2021A000259,Unemployment rate,Total - Gender,15 years and over,Estimate,Seasonally adjusted,Percent,239,units,0,v2064705,11.7.1.1.1.1,4.8,,,,1
2022-03,British Columbia,2021A000259,Unemployment rate,Total - Gender,15 years and over,Estimate,Seasonally adjusted,Percent,239,units,0,v2064705,11.7.1.1.1.1,5.1,,,,1
2022-04,British Columbia,2021A000259,Unemployment rate,Total - Gender,15 years and over,Estimate,Seasonally adjusted,Percent,239,units,0,v2064705,11.7.1.1.1.1,4.9,,,,1
2022-05,British Columbia,2021A000259,Unemployment rate,Total - Gender,15 years and over,Estimate,Seasonally adjusted,Percent,239,units,0,v2064705,11.7.1.1.1.1,4.5,,,,1
2022-06,British Columbia,2021A000259,Unemployment rate,Total - Gender,15 years and over,Estimate,Seasonally adjusted,Percent,239,units,0,v2064705,11.7.1.1.1.1,4.6,,,,1
2022-07,British Columbia,2021A000259,Unemployment rate,Total - Gender,15 years and over,Estimate,Seasonally adjusted,Percent,239,units,0,v2064705,11.7.1.1.1.1,4.6,,,,1
2022-08,British Columbia,2021A000259,Unemployment rate,Total - Gender,15 years and over,Estimate,Seasonally adjusted,Percent,239,units,0,v2064705,11.7.1.1.1.1,4.6,,,,1
2022-09,British Columbia,2021A000259,Unemployment rate,Total - Gender,15 years and over,Estimate,Seasonally adjusted,Percent,239,units,0,v2064705,11.7.1.1.1.1,4.4,,,,1
2022-10,British Columbia,2021A000259,Unemployment rate,Total - Gender,15 years and over,Estimate,Seasonally adjusted,Percent,239,units,0,v2064705,11.7.1.1.1.1,4.6,,,,1
2022-11,British Columbia,2021A000259,Unemployment rate,Total - Gender,15 years and over,Estimate,Seasonally adjusted,Percent,239,units,0,v2064705,11.7.1.1.1.1,4.4,,,,1
2022-12,British Columbia,2021A000259,Unemployment rate,Total - Gender,15 years and over,Estimate,Seasonally adjusted,Percent,239,units,0,v2064705,11.7.1.1.1.1,4.2,,,,1
2023-01,British Columbia,2021A000259,Unemployment rate,Total - Gender,15 years and over,Estimate,Seasonally adjusted,Percent,239,units,0,v2064705,11.7.1.1.1.1,4.5,,,,1
2023-02,British Columbia,2021A000259,Unemployment rate,Total - Gender,15 years and over,Estimate,Seasonally adjusted,Percent,239,units,0,v2064705,11.7.1.1.1.1,5.2,,,,1
2023-03,British Columbia,2021A000259,Unemployment rate,Total - Gender,15 years and over,Estimate,Seasonally adjusted,Percent,239,units,0,v2064705,11.7.1.1.1.1,4.6,,,,1
2023-04,British Columbia,2021A000259,Unemployment rate,Total - Gender,15 years and over,Estimate,Seasonally adjusted,Percent,239,units,0,v2064705,11.7.1.1.1.1,5.1,,,,1
2023-05,British Columbia,2021A000259,Unemployment rate,Total - Gender,15 years and over,Estimate,Seasonally adjusted,Percent,239,units,0,v2064705,11.7.1.1.1.1,5.1,,,,1
2023-06,British Columbia,2021A000259,Unemployment rate,Total - Gender,15 years and over,Estimate,Seasonally adjusted,Percent,239,units,0,v2064705,11.7.1.1.1.1,5.5,,,,1
2023-07,British Columbia,2021A000259,Unemployment rate,Total - Gender,15 years and over,Estimate,Seasonally adjusted,Percent,239,units,0,v2064705,11.7.1.1.1.1,5.5,,,,1
2023-08,British Columbia,2021A000259,Unemployment rate,Total - Gender,15 years and over,Estimate,Seasonally adjusted,Percent,239,units,0,v2064705,11.7.1.1.1.1,5.2,,,,1
2023-09,British Columbia,2021A000259,Unemployment rate,Total - Gender,15 years and over,Estimate,Seasonally adjusted,Percent,239,units,0,v2064705,11.7.1.1.1.1,5.5,,,,1
2023-10,British Columbia,2021A000259,Unemployment rate,Total - Gender,15 years and over,Estimate,Seasonally adjusted,Percent,239,units,0,v2064705,11.7.1.1.1.1,5.3,,,,1
2023-11,British Columbia,2021A000259,Unemployment rate,Total - Gender,15 years and over,Estimate,Seasonally adjusted,Percent,239,units,0,v2064705,11.7.1.1.1.1,5.3,,,,1
2023-12,British Columbia,2021A000259,Unemployment rate,Total - Gender,15 years and over,Estimate,Seasonally adjusted,Percent,239,units,0,v2064705,11.7.1.1.1.1,5.6,,,,1
