{
  "violation": "Abduction under age 14, by parent or guardian [1560]",
  "place": "Ontario [35]",
  "train_years": [
    2000,
    2001,
    2002,
    2003,
    2004,
    2005,
    2006,
    2007,
    2008,
    2009,
    2010,
    2011,
    2012,
    2013,
    2014,
    2015,
    2016,
    2017,
    2018,
    2019
  ],
  "last_observed_year": 2023,
  "auto_model": "Ridge",
  "metrics": {
    "r2": -1.1470261709859706,
    "mae": 2.3311058064514665,
    "rmse": 2.8137446589039965,
    "test_years": [
      2020,
      2021,
      2022,
      2023
    ]
  }
}