{
  "violation": "Total theft under $5,000 (non-motor vehicle) [240]",
  "place": "Ontario [35]",
  "train_years": [
    2000,
    2001,
    2002,
    2003,
    2004,
    2005,
    2006,
    2007,
    2008,
    2009,
    2010,
    2011,
    2012,
    2013,
    2014,
    2015,
    2016,
    2017,
    2018,
    2019
  ],
  "last_observed_year": 2023,
  "auto_model": "XGBRegressor",
  "metrics": {
    "r2": -0.4837607145309448,
    "mae": 26795.78125,
    "rmse": 28064.557613650828,
    "test_years": [
      2020,
      2021,
      2022,
      2023
    ]
  }
}